user_id,openness,conscientiousness,extraversion,agreeableness,neuroticism
0,2.8933477772539105,3.2559809276078995,2.9031514073951636,3.1682767412369786,2.7052372827633513
1,2.8787704678592654,2.960889000218109,3.0893891750535576,2.956930795861115,3.1905790838699466
2,4.272148149038685,2.94964228890451,3.187303927587916,4.0789678544483,2.63301685022911
3,3.04059268124866,2.67939242874556,3.163556830994299,2.9329841738131006,3.280299311645066
4,2.912890680834248,3.3184712460789827,2.7270799855704695,3.1050334884700233,2.6248384931011537
5,2.403159546566921,3.9968579392011008,3.4102524360805986,3.815702036781622,1.868929804882005
6,3.9453196725548327,2.561010532669459,3.1701260677800467,3.23747368838164,3.3779624817559952
7,3.5575076825800847,3.2439717481145367,2.525807857450603,3.536448318354343,2.269065307352636
8,3.186585706464198,4.472250101996868,4.522322446317805,5.0,1.3965488525277578
9,3.8317431126502663,2.5316976055350846,2.0560512073030193,1.8281942730221366,3.885348377632899
10,1.9081743814435665,2.927724156594326,2.956262071363942,2.1433027517412797,3.496998427992811
11,2.970335999240962,3.713505960516943,3.131241663238989,3.1992259768352858,2.694905394752169
12,2.7006853963398743,3.135899846213314,3.6905258920056276,3.2955714255294377,3.056098429859737
13,3.724664779077343,2.384619411397489,3.2159152970306137,3.24331577425942,3.5589516540412403
14,2.4983053814060057,3.782568036075526,3.161531417311955,3.5774273217958483,1.9326020277152334
15,1.5341813308278887,3.6036017926116024,2.488114635368421,2.404975255115046,2.3451005632510085
16,4.074357574913576,3.7402293954027432,4.1949783532866185,4.760617372440214,2.04974726826773
17,4.157995529056755,3.1520595239048346,3.1214094195935718,4.194996550131236,2.3997721236486553
18,2.2116291747765096,4.297824259048326,4.206568129158456,4.186776888236296,1.8802952095206706
19,3.0474028839125062,2.713324660378553,2.8579419048397456,2.6349096191362644,3.4197783869155765
20,1.9878893751642976,3.4430112894873135,3.4365561695121585,2.9569023808961994,2.7070260104115764
21,3.401932698299786,2.4079562574154703,2.2600176133056973,2.383551528166632,3.4641580372879357
22,4.071808488286337,3.120228612127251,2.7498769091838327,3.0462214066923505,2.924883897709925
23,3.4628059011016963,2.0971797892647395,1.511213022190108,1.7463882189955295,3.641321655371976
24,2.4381880476310425,3.4744533437366734,3.7656821314731457,3.4449595931041737,2.696438268668579
25,2.996608920653828,2.8885644873847074,2.57231572622884,2.5820805355216514,3.1464031765669347
26,3.2726004776456517,2.729164784212368,2.5841245960181807,2.686106512356381,3.2746885368884326
27,3.5383066576996174,2.9173267964508582,2.868519218250726,2.9322847336580957,3.252359744238247
28,3.290744058156293,3.0240878069897974,2.731138796962239,3.1252206051465645,2.874778701238507
29,3.1442671884321656,3.35064857336275,3.727472874790699,3.3975411826124065,2.9988865798707987
30,2.4459313399659974,4.246491541791509,3.008490643062993,3.9621315622683517,1.4030198986169962
31,1.0,4.352677379762088,4.221648733166275,3.8866671055339133,1.48404852569301
32,2.9098337211005774,3.0770292912259407,2.8515678907578876,3.063042406857829,2.7219516302502464
33,3.5113411839860262,3.265826847564216,3.52586132902956,3.151467513354403,3.2525789077954816
34,3.587386470778006,2.437845101945669,2.7840088778321364,2.70712911284668,3.6454121431556956
35,2.361027412625025,3.0402716304608424,2.9429837810950654,2.8104044154769525,2.9093717415943035
36,4.8600369035137305,1.0,1.3274293750150041,1.5004052592615214,4.954859310447812
37,2.4668055913283267,1.8195307110481735,2.642574960190075,1.4213647854486702,4.711748462031121
38,3.3981469133288194,2.7192685649581443,3.423087973758535,3.261231925107465,3.3450657713051726
39,4.151730481588406,3.074850907966793,3.8750147023141546,4.162016953639465,2.8535994384208907
40,3.157327353619745,2.9595523525398537,2.617209392011964,2.5881064403093568,3.268436847873067
41,3.703119396229429,1.8139946587194544,1.3981864747063182,1.2376418856218045,4.372931496502298
42,1.0,4.339953987611181,2.817385698437343,2.043107240927096,1.9272174538789912
43,3.088665805758461,2.703217532099913,4.814444578277371,4.158696774145904,3.304031761626091
44,3.052536448854139,3.319939655855668,3.5247075832330537,3.302208955225013,2.918852975782392
45,2.8220009710725806,2.949385830267044,3.8700199214799085,3.0284089612048732,3.438487909679173
46,2.735434709072529,4.059956398526501,3.8192213759674,4.050898439479057,1.916331603535526
47,4.609259874060112,1.0,1.0,1.0,5.0
48,3.585134142874871,1.668207797078855,2.8918734518085767,2.292269504593474,4.5938816354315115
49,3.3288328484257153,2.7180499826527718,2.752977484004408,2.603131823246638,3.4722057754658633
50,2.4272353756337983,3.244234786120129,4.42011126194109,4.184975426231322,2.496331229855822
51,2.732140166743277,2.965956832412508,2.7606516377552746,2.36334372388965,3.3926282957537177
52,4.456956443871261,1.0,1.2058402557396901,1.0,5.0
53,3.173448570321975,3.12001889595054,2.8171868877577633,2.9293261641841086,2.9917757051465084
54,2.8411304173272134,3.638000806399795,3.2864240247297505,3.53630454036427,2.250094164219952
55,2.31551696768009,3.5784276187030217,3.4599472116943475,3.156662679876229,2.6735042381564766
56,4.013090252596088,1.450441954612708,1.0,1.0,4.3459890620330395
57,2.9326531994719103,2.5527801239560075,3.2251732741045585,2.682979442483115,3.717479823824336
58,2.027915786453151,4.503015249531067,3.73564493246269,3.8629855008185823,1.7728248659946475
59,2.387114463544624,3.5947425461717657,3.332957300273849,3.492595960744015,2.2097813346664834
60,2.6221729320517695,2.8108503411628023,3.0845820850095795,2.6683235311397273,3.263523836628529
61,3.646079245027874,2.544980779856991,2.327057408312606,2.6454405605104077,3.32305854094925
62,3.934666119519062,1.6265406176072859,2.0948677497259967,1.8349550797446914,4.363380690011414
63,2.2466675302201184,2.7665593553366525,3.550218845280534,2.491118785069422,3.7476667143083606
64,2.3427029551787326,3.7545578597902622,3.521677114636872,3.5301506588822402,2.244425908258619
65,2.8708731340129825,2.8054739007252865,3.1896824879338164,2.839116104459799,3.3069661201995193
66,3.810543347547336,2.3971939815635226,2.469000656140361,2.7757490801444806,3.418221194512665
67,3.620008842817054,2.2379836385959027,2.390339332290865,2.1927101340430175,3.8990945528550656
68,3.5749245001674272,2.368371400612252,1.3754196857523986,1.8775028121767934,3.515052570638514
69,3.2379895357629187,2.688614011740378,3.3266666297197505,3.179360453791271,3.187889131432197
70,2.9500396774465116,4.28723557728495,5.0,5.0,1.5680640002445865
71,3.382896706889994,3.013965228725657,2.886809701264968,3.081529457595621,3.0275261628333983
72,2.3197384862319437,3.6299482794495455,3.2105655301495943,3.128288236957431,2.433994875611222
73,2.9809078807686764,3.70197700796762,4.136025289463769,3.8717601827213146,2.5262758338030444
74,4.517497559935375,1.1897637610286131,1.3622109851688429,1.3831548183739821,4.8566930154083074
75,4.357596369254597,1.0001051741283133,1.2835899345435378,1.6093678956973636,4.5140825813643985
76,3.1414450638202496,2.8068354236776782,3.0942343090386557,2.812259698676875,3.329744152219673
77,3.327882205544452,2.834754631226735,2.8831504015492966,3.0392221161681428,3.111159751934451
78,3.353475793785453,2.784202167860274,3.200710674581507,3.325976021982175,2.9858100370983753
79,2.127513736924829,4.0480684512763165,3.555988734646726,3.778275567828869,1.9020787266268966
80,1.694103241394289,4.068840910180582,3.8196458815599357,3.1778689826884907,2.3337987471821706
81,3.50063699946887,2.9580816385256927,3.2295014784611173,3.5445878316476587,2.9378917281682924
82,2.5125495683265684,3.125129342739011,3.150864039853264,3.0457168178396246,2.8315515982001878
83,2.373494390625421,3.620141826903122,2.857447889000047,2.9924466828528042,2.4490254795024935
84,2.8910855539389284,2.978155285122704,2.8755404264115496,3.0069622618058323,2.8543354758694144
85,2.8357246685053785,2.821844886249165,3.19316738251758,2.959509267501601,3.1762206475473524
86,4.208345227866928,3.6824583199199257,3.353323056149998,3.5418930994310913,2.7321944711404393
87,3.373487640996821,2.6010993145750256,2.334862732911061,2.53607232212934,3.4530637525274916
88,3.185320332977242,2.3213732606848874,3.4332529225246997,2.889800633751357,3.8247022961439816
89,4.2050607189970695,2.4984509020555548,2.7179254520905594,2.8379236864441526,3.585505913625366
90,3.094463361285262,3.09411898741545,2.989083712825849,3.2932720381499876,2.7916362105816064
91,4.693140640441845,1.1878913099782384,2.073809900424466,2.460634164671805,4.268828468177071
92,2.116474747729924,3.199756356281908,3.433864057076086,3.1195439513728993,2.8103508169135685
93,2.036435347998828,4.228961861527956,2.7120469309122743,3.1300292873755424,1.652529343147669
94,3.252269286746074,2.825574585172675,3.091654457008367,2.9585796310998806,3.313324967434789
95,3.049434028391864,1.9108291703482985,2.110139087745664,1.705636684790596,4.112620014942392
96,2.62690477566385,3.366904876327559,3.2020007175475205,3.42842351395004,2.4702907713986355
97,1.0,3.6937953535840315,3.2989170416278215,3.0604100860620607,1.812955784683051
98,2.9921923589483965,2.6861080746206096,2.7737827893471576,2.624444313428085,3.2325558097359917
99,3.2473891921534688,2.777395606757609,2.8295917215166377,2.8755505808057,3.202861330458827
100,3.0123981433839107,3.0728095188596547,2.758193850174992,2.678530837099344,3.2256925618856536
101,2.680884794531933,2.9253707490378633,3.115540855732927,2.6048539197700773,3.359815626647557
102,2.9440311065872424,3.0702262588276303,3.0877512377375327,2.9845051950703727,3.035633792999873
103,3.1075433273991724,2.2171022671171174,2.469090179319678,2.547193904237692,3.504372492920186
104,3.0946948922435147,2.8487600671668334,2.720197999103362,3.027678972922592,2.945401720003675
105,2.9224849527052186,3.283555597935691,3.797686280242798,3.523577320659898,2.7561142726134134
106,3.185417386021622,2.7082860763875756,2.9025159908808464,2.9253350575968677,3.1444505939031933
107,2.1322753377880037,3.350010780104562,2.7155281069526924,2.7849588280810402,2.5052567268194714
108,3.2254698837101206,2.635893672262773,2.316373777509992,2.325132131964263,3.3206857175861177
109,3.1211299245029367,2.511624420058138,3.382553337916227,2.997530175215985,3.5232211689488393
110,3.6997516914290287,2.2989763339078895,2.1961661500524317,2.683256681093842,3.3213696896907923
111,2.9102208288250573,2.8533161774093085,2.9361770753031435,2.8687490924102987,3.1254321453408345
112,2.340950082468697,2.78641230034808,3.324205991407695,2.4347610279153544,3.725548667091414
113,2.6446345025372127,3.427827504968192,3.394755568516272,3.3285521272853043,2.683895881565168
114,3.459398370129588,2.56674050874867,2.4424475228548133,2.489095841519343,3.4568279081038717
115,2.135388037537621,3.0052850248188947,2.942947420345652,3.098820566110328,2.532788508060817
116,2.0735607540402676,3.1159848060186075,3.235391392645214,2.493792135040424,3.3068770556891582
117,3.3283393118820177,3.1926413837609884,2.612951652075519,3.0549919688677556,2.7751723421482604
118,3.921179816015648,1.8589485516819628,2.7565371950523105,2.7307512106453498,3.835480556252328
119,3.282485391505198,3.192794603984882,3.333960604760634,3.631345660266738,2.6234580526574707
120,3.211416787393864,2.8475624481589126,2.6847529063807047,2.7540791336290793,3.213217861590082
121,2.6770839633881454,2.940608590931359,3.789625208760925,3.169225335425381,3.350860502080302
122,2.974327432588858,3.2432896284231343,3.058078652169892,3.3021498026932123,2.6714535066450757
123,2.7897736720108735,2.687159090152572,2.317685904177136,2.126495950079012,3.365687615358259
124,2.92385449067481,3.065967201931459,2.7642489943736415,2.726450834077774,2.899319130963104
125,2.308742341484963,3.8968524023140247,3.789986771701398,3.7670677313957865,2.2051096747960512
126,2.826783387755608,2.6169091391075865,3.861556748038013,2.949407509084695,3.762515517731999
127,3.9667809627197936,2.5653232137605997,3.548665541685701,3.0310137961856713,3.9744886319407966
128,3.0632953126185267,2.8032201070408616,2.6437576787868715,2.5127446453448363,3.391724727883842
129,3.279070895942003,3.081757021970728,3.374029775119842,3.291480282108755,3.0901797793585506
130,3.034420843189219,2.944699468474769,2.7444671929021,2.777196244635296,3.1157691667575484
131,3.018109804282465,3.175988352847856,2.5853859824796075,2.84648345015859,2.785455719905006
132,4.02181307960921,2.6371206117039385,2.656291199184128,2.8319450495251326,3.6239385809035567
133,2.9342065989444466,3.064955203624572,2.800697414042634,3.1220067259411564,2.7649163112890864
134,2.781437269802394,2.647396143312644,2.9686571890211164,2.557407705592721,3.539325782275073
135,2.6066048675854887,3.5299174228138774,3.218964057778666,3.438655281413456,2.2612707432579624
136,3.103286106434337,4.154888989885633,2.8756731299820535,3.4810854529613002,2.012613916248092
137,3.139766008837997,3.193669147806988,2.580802739922774,2.9296753888763942,2.7010244629561266
138,3.5361015173770975,3.026876665978587,2.558460273006821,2.8586172087343265,2.9973008295748684
139,3.2654013853316695,2.584873096135754,2.9227804159828716,2.64708845467155,3.5915780156089854
140,3.0339947457013823,2.9193048134539628,3.3281717013353016,3.0769592376522388,3.2459964556387497
141,1.7876325895857725,3.7079698891479653,4.026472418649513,3.1462272853588873,2.777776105337525
142,2.7980175168502983,3.5716078606901918,3.3019635041430004,3.148835813956229,2.702496294430919
143,3.3914647795820354,2.720518385372743,3.197836193275591,3.4489980908709126,3.0406464806291185
144,3.049423521245451,2.50391623549757,3.3485006743767007,2.9575054384680404,3.4758959602865147
145,2.8207086172613436,3.084237674842872,2.8056891374916786,2.962709114959259,2.8013272606583306
146,3.2824435146417237,2.7040015236979116,2.5832804348665097,2.4779049644965476,3.4225312208197716
147,2.382983790655537,4.245685600416746,4.600815871510332,3.8970403182601805,2.3288407323404963
148,2.967523148928331,2.9454341669622797,2.7685971737195745,3.1818536908830883,2.7315882522534616
149,2.424166892301129,2.4248289301354933,3.69555320557105,2.507825357452173,4.108203654062647
150,3.2107584618379166,3.361091286094531,2.8977897179223673,3.1837400624814194,2.7202616172365466
151,3.523326954102902,2.8382082408842195,3.0535874983787314,3.2791974166068036,3.1332944744516653
152,2.9983344134102796,3.262916656738156,3.4723709039731867,3.869199036950751,2.2381709869601005
153,1.4599902429711287,3.9324973703614354,4.73143286597465,4.422152139821735,1.989488299794225
154,2.652760695170735,2.7222875984322745,2.517293844760931,2.3440992871676802,3.2102306169328463
155,2.276268468101987,3.6172093374278718,3.5701605958778995,3.15786345553877,2.649724408165972
156,3.2880310275289073,2.470938769914932,2.3334976362048856,2.44497237865581,3.3941574484569985
157,4.552339517475186,1.2753134874857104,1.4805501226488655,1.5426611158927148,4.780511398564186
158,2.971927366078882,3.2037949022758316,2.6461981187054313,3.029958584004535,2.6530627156888165
159,2.943935959120006,2.6879144552884147,2.3430861993455396,2.4276990841872474,3.2506341904564757
160,3.0158534666112087,2.671651364705564,2.7815551569606294,2.699842998206845,3.2952724898595447
161,3.491590821666581,3.2019286832328637,3.253578644426141,3.5681188143051967,2.6992017342094834
162,2.438337061092141,2.6415289818927423,3.309121720402389,2.703661649770523,3.452672114557059
163,3.305381607496333,2.840805990574851,2.350623337320134,2.482770860923349,3.1905210222744937
164,5.0,2.5050643174652425,1.0,1.033897680164557,3.816633828316907
165,2.470526567496319,3.365721841083637,3.644993774113063,3.5394677223025237,2.620726157475105
166,3.503169010521962,2.2311517577386457,2.2666658438954443,2.39582362329249,3.604829159714838
167,2.8481675970320683,3.3606211968735193,2.840471356314847,3.0510823319835683,2.6762039589297792
168,3.51162211573045,2.01756703847552,1.6119635419110687,1.751172417755525,3.8018872966197717
169,2.659085420991347,3.1498066535863227,3.0898102647586754,2.8340901644734715,3.0055631045462308
170,2.968338363127752,3.3938268910160705,3.1229058672989227,3.202296234791616,2.7087366657651475
171,2.634775943030053,3.054722746051083,3.416116601849727,2.9155882312999184,3.275171008657215
172,3.4394881102743358,2.375576959793631,2.5738616596305595,2.5643391835635505,3.559135974480935
173,2.820005167928214,2.805394285554805,2.9883038402689994,2.76525866411758,3.2714773173927547
174,2.3747014028742632,3.7874929515443947,3.586406283373328,3.6136273926263143,2.178023623693662
175,3.4693593581706557,2.8414519882130507,3.111598173764798,3.311079489301812,3.046735264459703
176,2.6281752836507337,3.5216903110691873,3.9470296474292237,3.9494804481671157,2.403221549766139
177,1.438544610823814,3.5790137431196527,3.700154228501719,2.996384454884119,2.6035533012714636
178,4.509985602334351,1.0,1.5215986241500055,1.5291048982103004,4.85014456247427
179,3.1354280994161634,2.822344106570259,3.1151533395669406,3.041039266659523,3.125831417132666
180,2.995260451740916,3.2581078451847163,2.976389506161859,3.0448263147932946,2.769194223084482
181,2.7251750287761807,3.2466110244945163,3.516800464575001,3.3236369457090036,2.7581309032162364
182,4.046879091250256,2.7218212527611847,2.9028910739675644,3.5412798546954614,2.980940905322235
183,2.6910983288602948,3.235757030128516,3.2625124481308068,3.06057613546668,2.8709519912343704
184,2.87735627492197,2.7106465246645355,3.054828410706985,2.9013557135391594,3.20256630503469
185,2.029400071963134,3.577860219512363,3.877434406477893,3.589111089480026,2.3726412702443564
186,2.52639823703699,3.7427109274548895,3.3210162450440928,3.4917464131610854,2.236424872210772
187,1.8053520324878272,3.4994515857429973,4.0234323617649554,3.770278323838426,2.28199290621599
188,2.722804203692967,2.9335162257985585,3.1596082526595803,3.326526311991189,2.7977323650809804
189,1.0,4.089466103597518,5.0,4.704527867963544,1.187743068882238
190,4.062426488750319,2.624773957954203,2.543565548575174,2.705326281871489,3.5448127113341874
191,4.123171929015543,2.107902001201759,2.525413232885113,1.987214640116865,4.2852509130584515
192,2.8844239817502535,3.1880477829018137,2.7060231219070596,2.7508215195093277,2.9382172091191814
193,3.1135954157282018,2.823277989054767,2.7981001357517004,3.016325118710674,2.9445176322261206
194,3.8202061601170585,2.2698986889525896,2.4445989622449398,2.641373325095866,3.5546288624820557
195,3.2599298759331767,3.0924677301491212,3.091952101424399,3.1692402079315554,3.025129699294775
196,2.0381799691185076,4.46264070165308,3.3460170905061144,3.512145954509063,1.8749386525714564
197,2.6463343386512093,3.3206800757861394,2.8913193263444787,3.074963209548174,2.609010718182678
198,2.6125893840535945,2.8900058269049094,4.254568590643281,3.34360067648854,3.479715508365383
199,3.413953714887902,2.679815973381584,2.309187859771739,2.660956701158594,3.1717030407502547
200,1.8488552966214973,4.0955122830700486,3.935171398840961,3.8531531883421324,1.8860866866136734
201,2.514253193727547,4.037788474951508,4.25053787360293,4.393074797504781,1.9420208328401254
202,3.1533534534347414,3.255205938669854,3.189284042826931,3.380608672556317,2.7078903115070077
203,3.5489990299734364,2.547864827010939,2.2738604974678065,2.455118818187896,3.5292784607219865
204,1.0,4.14261146799833,2.6073022737732656,2.4250427760458138,1.9278121504150472
205,2.426592894797779,2.9362094210234377,3.238903913767517,2.736404975040585,3.1844549807796496
206,2.9105013298092457,3.2989038787759637,2.778054611878461,2.871776716705878,2.8181227456683677
207,1.497495954128893,3.2405556672408764,2.694722892875502,2.20147494382174,2.7698175736161104
208,3.3296894432910107,2.759338160757513,2.760120914486177,2.890408895071367,3.207937165165989
209,3.1825832051288847,2.9361925186689706,2.525258989028442,2.7657156054321574,3.0246362721398303
210,2.439709113051983,3.3976814292887076,2.8994191094170265,2.7868831980085003,2.7419484081660324
211,3.0699220568582146,3.1404650157287586,3.161319055172428,3.3699174292697887,2.6822635457445374
212,4.63379371594217,2.660161913924224,3.722599537016313,3.8091856567142943,3.439551418892334
213,3.323601352359655,2.760878387538108,2.758778514853881,2.878019550063958,3.14872744230867
214,3.739091308637008,3.152334549438289,3.219471522120984,3.806949215060901,2.571385327501747
215,3.2251489837473426,2.8219438561561345,2.719289900523778,2.659200155284543,3.3005206300829877
216,2.337517910691721,2.945780850563882,3.1177048011542183,2.515635887238161,3.2800918580882454
217,3.587577718299291,2.8103743744616647,2.9217302198318538,3.4172767228972876,2.7954425192350634
218,3.5722912113497953,2.6552446366469895,3.179363473238145,3.0270313966468296,3.378965456932156
219,3.1858917476964614,3.054845805203521,2.612887412276498,2.7781133315608564,3.011167536610851
220,2.398846105169561,3.5881613035330133,3.43620927295179,3.630573001718264,2.161233531059997
221,2.5556065579479528,3.253808544178033,3.0700956417432317,3.1782521162592996,2.5693293106357946
222,3.4801590194580445,2.8896204622354693,2.95216716101586,2.7697212036554966,3.503797633016533
223,3.164091719447284,3.0194796542456204,2.9054892992115438,3.068868556176604,2.9918895658115017
224,3.251851808781906,2.6148279496946287,2.8368980737198557,2.415981450847698,3.7238876937112138
225,2.392722271559781,3.356790315634039,3.672259803361956,3.393695071106568,2.7834274081893646
226,1.0,4.5520308722061085,4.498995801149984,3.5812828450521454,1.1341316788545026
227,2.2860385868142585,3.2899073499267617,3.060435440519031,2.768817754248341,2.7959463724057128
228,3.6701491064067087,2.7073474885160125,2.311689839941157,2.85844550358006,3.033146303445919
229,2.8153723034686404,3.2704853586885307,2.987884117084616,2.9838679120571547,2.9057611372058787
230,1.8988378133163273,3.8926047902803877,3.734645919027178,3.737894539241668,2.0362962861199425
231,2.599674621212806,3.6984103125686505,3.5595638064945048,3.3983707800791945,2.654695974182762
232,4.295446336204121,2.646715955485165,2.277210963605818,2.6705501214764853,3.3185757340631774
233,2.71554763377501,3.5253667539819835,3.439628612407434,3.6944263782913507,2.3253600986496075
234,3.7335154051777133,2.633456191535635,2.494791674870944,2.430941818387046,3.622516738467781
235,3.7093088389346405,2.450492141330038,2.84168145254465,2.995304655838858,3.4342041658935236
236,3.352667027460584,3.4357826429792215,2.365426763458977,3.192056195600656,2.3228730453763986
237,2.7781586321669547,3.6731170101841895,3.333138734222331,2.7439683547074263,3.0029538140449934
238,2.1049004777288918,3.203435742004155,3.051918438523849,2.921544883329364,2.7354054859910173
239,3.4269194626796904,2.7202274832778146,2.69389278315155,3.1137128763499997,2.92054484083282
240,3.3642953375755136,2.4998572441101907,2.5508724241968643,2.482415279538753,3.5252058756263365
241,2.9077419278448517,3.5870003967134227,3.319320799578006,3.3033013437449745,2.7274640697235353
242,3.8887403744599656,2.566187298230903,3.4834585299731144,3.5132853871101877,3.422368360275015
243,3.359019809991348,2.5927385960241893,2.498791090000046,2.4936569653092238,3.430877620638903
244,3.281908555256982,3.516656527942551,3.225090961327069,3.5826816062065183,2.4440179411894527
245,3.161341555502689,2.7295707808509047,2.9242216541942945,2.8878340082179204,3.24700304456047
246,1.9535361744058992,4.0313711104461625,3.4421034560605235,3.3574442711639234,2.1000755929482495
247,2.181639587420087,3.1822496763517236,3.8419481471158687,3.1035664778213152,3.132548400690156
248,2.0640354506851155,3.430652414374411,3.6254709428034233,3.5728366068184476,2.3609034679117507
249,2.6203661793368473,3.184596358407041,3.0089104340634356,3.157172786068714,2.641578748991051
250,3.2481717950981714,2.4405311111887897,2.6034195867734393,2.6694908689775643,3.336049625316391
251,1.8425299769392118,3.0754038345603494,2.6856782484737476,2.083353605083267,3.1501421052912475
252,3.667871555661844,1.8295729237450378,4.155644100903733,3.338533815561989,4.194403912550763
253,2.3476366219767577,3.8266371831103183,3.277209628070009,3.464126582401255,2.089829228207281
254,2.0090366582207277,4.062579294655995,4.537010092523458,4.362869622977968,1.9933296990860154
255,1.9612321056630755,4.361314258604389,4.452038423135702,4.190489482467624,2.018134387773885
256,2.565741160332028,3.3906158093999945,2.4186539421380564,2.808666611554698,2.4217408611344196
257,2.6203526229039484,3.1564186619783894,3.2954758048228125,3.0787095649772986,2.9895774407764617
258,2.8198216511604697,3.109813756424474,2.795360868498183,2.767972475206868,2.9622916803318655
259,2.298950994334759,3.236098317717772,2.7683580537020065,2.647880528397037,2.769283933062594
260,4.002298731684366,2.0531323373990693,2.765225181755377,2.646055586147088,3.94771561209147
261,3.4956141982081195,1.403733133599003,2.396234397109369,1.8002693817972102,4.644313518221077
262,3.4246773929625514,2.382099393928499,2.638789620577843,2.9588313216782076,3.1050320580957083
263,2.147854522909916,3.9432790116846124,3.8893463573083955,3.8925000588355636,2.0134060438275863
264,1.8418953828864382,4.830709609163466,4.392488428452339,4.600770922819808,1.3021208242168694
265,3.067904104642306,3.249061047276927,3.797591872906991,3.9134683829990147,2.529036777844053
266,3.932750051259535,1.9092041214476831,2.8001194613264757,2.3930975706285254,4.246694976073741
267,3.519974978038916,2.840504102527408,2.3326499595140633,2.9669281079981293,2.930563403275504
268,2.0163280941041206,2.780004041259981,2.5328682096696733,2.110378317363012,3.2331511648586586
269,2.964724254851521,2.9595653301863227,2.9578422849870325,2.9347311160147345,3.0208535477294522
270,3.0004892494353914,3.2676344091545833,2.6308656639386228,3.2858627660753337,2.3672205821389176
271,5.0,1.0,1.0,1.0,5.0
272,2.932312354993215,2.8090486709918,3.1268879237745546,3.120763865949935,3.124629323666925
273,3.361966610203976,1.722976781727632,3.1126396452689034,2.1113238471410716,4.790174416270427
274,2.915570699357132,3.120505964607888,2.769699633196143,2.999852443713557,2.8323908048312587
275,3.5420404056778896,2.21529171753741,3.5772654520173424,3.085974691698171,3.7572453331250504
276,3.9155527042021303,2.3991164448204003,2.9194657496785688,2.837311871753027,3.61982012388999
277,2.945392216685835,3.4567646911124146,3.2560496324870347,3.508187402459616,2.4295303657018827
278,2.4269055875674934,3.148808538791142,3.4722780664765795,2.8444085233115994,3.219757778037523
279,3.6343865963951565,3.4517808620925945,2.8163099427769573,3.35693903822881,2.498103559921394
280,3.729089903447056,2.6040427922584173,2.0614724570911624,2.2959916707520542,3.575259308887691
281,2.8648089997308395,3.461162209936999,2.4523814820563,2.9977827780702797,2.3340491709677043
282,3.3700589184994763,2.595007342702722,2.4604199490549155,2.7586551767230896,3.2157883677910424
283,3.4966594136817926,2.6068933733016673,2.788730379960173,2.8293233313173554,3.4425042136182586
284,2.6779961778228016,3.4000498821740224,3.4288890442353046,3.631538900588819,2.3747262557437727
285,2.870385311067526,3.2217386344384695,3.4772156391551277,3.5008655301475393,2.7227954084942567
286,3.611181119739431,2.297049403383035,2.1442109770868267,2.6375633674334327,3.2125481426583327
287,3.4091970493259787,2.866214818770264,2.5696897205437526,2.722539233499294,3.1672074554968956
288,2.513672576648874,3.61558847443564,3.483203059422869,4.014511865613722,2.0589771616193193
289,1.8077757788911246,3.9859129059567144,3.256834507629758,3.0232017504801534,2.4299943839178217
290,3.486789276394467,2.661838924497548,3.0308556502241846,3.1388459052144793,3.233127656301587
291,2.7588663164072145,3.249108043540891,3.0366653066654234,3.08907433912833,2.671133806242612
292,2.576685028458604,2.9479771621524784,3.069229784841178,2.4775853651366253,3.450223254921906
293,3.271016992749548,2.164366582669661,2.559697685851642,2.203055235749777,3.9419634740572747
294,3.6522229536119477,1.7521211709049433,2.317650849675469,2.116792600521982,4.067885670845616
295,2.573718554106442,3.777541815206068,4.488238970523637,4.233508846857181,2.379473773741161
296,2.7896936219806427,3.134876431791896,3.020764490542022,3.3384484087832433,2.528563030850467
297,3.260114729001965,2.593780744606804,3.0002953954898,2.6738206882890303,3.5288514968169946
298,1.9171990808212525,3.40361519720752,2.9647217835003237,2.6666727189364865,2.685588088631118
299,2.995242291141955,3.19092319823156,2.838191176268199,3.1568333189550306,2.7521954533443513
300,2.143025283622074,2.5783026048142665,3.0265521483798103,2.3343856117011095,3.6636330200868894
301,3.0966255162479768,3.058150842302373,3.045012224389402,3.3002102925670234,2.7091870908499005
302,3.9049894192863497,2.4817469231252405,3.1188568422848584,2.97720400700749,3.6565805067178694
303,2.367244921349819,3.296618331446759,3.486196642298107,3.342661221238747,2.540698789449503
304,2.9262426697561517,3.094893488385739,3.345650998853245,2.9547670197203955,3.206698743760024
305,3.1127739251296935,3.2136840816567545,2.895569002259639,3.161092554862135,2.760264657777314
306,3.145131929996497,3.1278253299309977,2.9787383685706645,3.152785991928285,2.7851644231758237
307,3.5442558984735317,3.188698633353674,2.702033849062931,3.255215260184923,2.5573443489190715
308,2.64199991785736,3.44867578719896,2.879510482922915,2.9918903776097534,2.5996230058303715
309,2.95483970549648,2.513659112614827,2.8060403477931035,2.6823164607542482,3.2426651914415285
310,2.9855757323163052,3.346217555996483,2.6518987433820036,2.8885409913802866,2.857678185458648
311,1.903980677978165,3.5539243068788196,2.9887064489383426,2.7712247578544225,2.51132587773114
312,3.343482084631563,2.413570694605264,2.7451060308908186,2.6616410861776427,3.516870484526974
313,2.9879769727238967,2.9622445090119762,2.755616330317611,2.76029059130402,3.180042558375039
314,2.4087015224845456,2.875417675214783,3.036390329660076,2.585690607561967,3.257695038233167
315,2.359731685399115,2.5990086030671975,3.1157834298607705,2.662875413511432,3.335291213760685
316,1.3375070816181476,4.278688055293951,2.8686434531619858,3.0725074254960267,1.5812351608373263
317,2.035969200490575,3.782859034970037,3.232015025111494,3.4048962737053587,2.0720632841949342
318,3.087169477533265,2.8073178045584624,2.6246711573592254,2.7950201709119593,2.9185966362799287
319,3.075280730068683,3.038392698248776,2.227049578978722,2.3041195168947604,3.192289326307539
320,3.4619121620624393,2.3960608006723265,3.1956327244807428,2.9048353134612377,3.7350756325497922
321,3.742443243806621,2.120656477465122,2.419086439272984,2.1362980035985553,3.9732389581372116
322,3.695605881679651,2.7836659927683995,3.160357511403143,3.409851835302525,3.1988280999252616
323,2.048808560986147,4.0166834517749015,4.788075091886621,4.613841109905523,2.0756509469995805
324,3.9805595490219865,1.1912042008126993,2.546547213649958,1.8427716923342765,4.8566632860168175
325,4.450272287451202,1.470237733686763,1.9157896785845183,1.7502937671963956,4.506055164986993
326,2.9764541586537403,2.9428898165521713,3.1911669915492347,3.0631616525634078,3.0527362729050487
327,3.379207208146417,2.9697150023212275,3.092515389108779,3.2736308449215192,3.0076773858026726
328,3.572609808771169,3.3917137730982176,2.649894007539125,3.4710043844519203,2.4195894400767664
329,2.0202552705492853,2.863873109259489,2.7314859289917313,2.2842941000276356,3.201557587093622
330,2.12156671829059,3.742930788233717,3.2980318371778172,3.5499654717450384,2.0351592934900973
331,2.044070869190976,3.4342106201386065,4.384126453195796,3.78171106924881,2.619638040233
332,3.4018394698519994,2.4226051525071006,2.4853612535454612,2.377490406161688,3.6094376968880195
333,2.4655140338293755,2.8295397605564343,2.8149736429912173,2.467842138845183,3.283369140799617
334,3.252765939560052,2.764718650177438,2.5892741912248924,2.6478424342154994,3.2952343929030787
335,2.722209421264917,3.072031923766848,3.340575410991349,3.1238573502193026,2.961504956908322
336,3.1174499481935407,4.177012664066923,3.7529367204036466,4.094064048414842,2.0180110811732384
337,2.863351552554152,3.2761784800817377,2.594914334597941,2.74622319288564,2.824540787598117
338,2.337281069206208,3.60840257495003,3.385902065787073,3.3751198323768374,2.373392627427219
339,1.7601554527295837,4.300043009533188,4.621801094850387,4.467279079430955,1.7570827617727742
340,3.7845544163626332,1.8157723941005974,2.3186748850013745,2.244990011269477,4.114055513270716
341,2.399879589643681,3.7718937152288703,3.518804422494923,3.8332329165315246,1.955263800269091
342,3.4858223886583777,3.2725249123609457,2.722348017755216,3.185043748056778,2.6695765737781016
343,2.893163503891006,2.9930874160235788,3.043787943912408,2.8548362369809834,3.078747177128454
344,3.4882483666532513,2.7732962954533233,2.8308129143772236,3.2183130903561223,2.9875453044405575
345,3.3791054759152632,2.8888651642477594,2.596302860843249,3.0009657210961285,2.944538863484818
346,3.290137573794109,2.083796422882801,2.0686880621338317,1.7167814474528822,3.9666987485165106
347,2.160909393004083,3.534473072485094,3.3447208396035126,3.308225080343535,2.5027830135571163
348,3.396785050897338,3.381164470083296,2.9897709029223636,3.6143603785391347,2.379261620968423
349,3.32629795347193,2.7927613708395183,2.9533004073730083,3.090953127110622,3.085667388200158
350,3.07717080400134,3.461527996066854,3.5172060571990067,3.696046309920424,2.4448763660905914
351,3.0177195662832172,2.864732792551263,2.5955184223661507,2.7760028673546913,3.0584381542138157
352,2.738492698923492,3.606339722807644,2.766728631358569,3.1798065839591896,2.379603018637459
353,1.349260368311582,3.1869574513898113,3.4143942758007797,2.553697881899834,3.0306072329113847
354,2.048387450940546,3.3559672304211214,3.5394833923123667,3.795484703576002,1.9857176411525554
355,2.796959623321997,3.3003820745168344,2.906180527735243,2.9383573884256546,2.845130182714495
356,3.790674253651015,2.8139418863125947,2.9348407143721063,3.1829344703518547,2.8610770880429226
357,3.6801432356708053,2.8108626480917343,2.8719929871615237,3.013876599830867,3.2762450933059726
358,3.069880004873715,3.4387283751162028,2.6254439332484756,3.2230428409696366,2.4174634289940578
359,3.1411967370233667,2.9472889865364826,2.4588264185933806,2.7682056217852704,2.8716125655494813
360,2.754531685478623,3.058674550408462,2.6872418699216825,2.8296650289450467,2.819103423766873
361,3.61674519510255,2.5157717284736467,2.394708660241816,2.435520463851309,3.6190949728593345
362,2.8385006981061305,3.3580716304028617,4.387060390901674,3.9880948841302883,2.623344420517031
363,3.992938807082037,1.7793499363281429,2.319821106900029,2.26010648408331,4.140651984945055
364,3.0451913477172,3.1173767387687543,2.8429173371335135,3.060130152063637,2.753919291955967
365,3.3764779464533095,3.0259730888732124,3.0919423596801,3.436942950910014,2.7993228509551003
366,3.1263545117046534,2.892589900615742,2.949395583807744,2.987223185436189,3.0424474431947566
367,3.107919042681721,2.8386380905938213,3.3824965306034858,3.4219160797924264,3.014793017372716
368,3.1344983433684237,2.4591698266545245,2.875494698631839,2.558591405548965,3.66850681942067
369,1.4858098424369028,4.605580100776597,4.5336537397119185,4.509826619977692,1.3863560097444776
370,4.0479303699408025,2.663775889179666,2.2973867407858632,2.9402586388269514,3.099473603167203
371,3.2218109525782253,2.6506175732646704,2.785301831428313,2.7229793777393874,3.4037666457004168
372,3.0671688752849895,2.9792267850516847,3.0870797390140137,2.8720785941887166,3.27588698660021
373,2.700899713669177,3.391884533642572,3.4513860328667016,3.216476637402441,2.785466085435398
374,2.984084739242523,2.917308338502857,2.8898685670003226,3.1806234424009685,2.718274181401271
375,4.121033095389942,1.8772645260832819,2.6488427045993648,2.4036856847826282,4.302756442497339
376,5.0,5.0,2.73061832636991,3.5855447501405147,2.0866688208431046
377,3.570426092912397,2.466261524471565,2.503060436224667,2.675715024339202,3.4650957174022494
378,3.6188969507655946,2.5956375717463813,2.793237674617318,2.8919558246325745,3.3682185050958666
379,4.491926904577529,1.2334697054779777,1.0756767487934928,1.0896572653538994,4.789202630323154
380,3.2911578617746517,3.471411226373197,3.751040486751152,4.1419856403754,2.2741970254213792
381,2.8534121891334707,3.0640322126042867,2.5401277311119985,2.44077821595753,3.310077332592747
382,3.1043123422925394,3.1004905696919605,4.665764622186227,4.461247578213808,2.6091608953676504
383,2.814721709430104,3.2637979855997026,2.867319711708916,3.0377668333478036,2.6405306836953413
384,3.6817173217991397,2.017947295298468,2.507320083049475,2.3424030261276676,3.905207169253786
385,3.8308610704256534,2.097077675066504,2.3140944957899867,2.4829741539394545,3.6418983158155536
386,2.6978413815316435,2.819272471790955,2.9383221421443366,2.8260024935007677,3.0562253015572134
387,3.590341527150999,2.8584996068375226,2.664534305813931,3.160125494393515,2.931022662204385
388,2.8075933321035973,2.6278925590665323,3.038352365436336,2.661534865799337,3.497737183891795
389,2.890696122795913,2.840849998791421,3.0623664480570336,2.8064709252505757,3.1898877403867982
390,2.360102386468324,4.178244608525227,3.483121413656786,3.8778052987812472,1.6832407794046853
391,2.718520450772371,3.237606776675749,3.4262986315785824,3.2016345882238584,2.9401157712910377
392,2.90486347715241,2.772262017751903,3.2381106802108035,2.776639188035023,3.458041401010266
393,2.8358695570213643,2.9776845080037684,2.9554870878527844,2.8618715584221723,3.0827708207642632
394,4.293472720051726,3.02022909333512,2.4032418170217174,3.1550449024656,3.110926296617856
395,3.5823525190150476,3.2403852170520553,3.8235263672502198,4.28126170714593,2.401084830543308
396,2.5082286047015065,2.9605379413520687,3.335123388553474,3.140195046878654,2.709659295799103
397,3.2877747157725703,2.74932488155144,2.8006490078776003,3.061802401461723,3.0959579646361397
398,2.002712605228579,3.644593617204384,3.19255937695975,3.2830891560086695,2.212433260353401
399,3.5731608379712503,3.143154734870419,2.9833557605891,3.152208074336595,3.1546703478728837
400,3.7211820920327683,1.5016197319837639,1.5968452905934776,1.4786283731758905,4.464993194003316
401,3.357325983237569,2.2952534959666444,2.335142986437707,2.2654120845404933,3.7177213732843657
402,2.9464907838455177,3.0085764093865692,3.3465913961118177,3.3590287584999725,2.8434426226096003
403,4.076345907654483,1.7354968545416543,2.5302130453541976,2.3021280370182025,4.259121244556332
404,3.187779636378348,2.914091348949531,3.0794760329814763,3.054269576269511,3.0792341698220502
405,2.5593573875025153,3.358635975672611,3.062641739770957,2.9473361729370935,2.7904297962000766
406,3.7436935978130585,3.37224170507432,2.7216286056977115,3.4701753647464266,2.476527376172545
407,3.88540601176675,2.9996830680928963,3.1626494211950127,3.5835182642993617,2.9619169362915785
408,2.5852684096795673,4.306318726277492,4.258157198620262,3.9314638275021143,2.2478179516465184
409,2.9530173138773455,4.972877305389309,4.354990884613061,4.062718417940577,1.7714569766703883
410,2.8804031573128017,3.1225431269948802,2.732571925190144,2.65837902492478,3.2686595576941166
411,2.608365056601736,2.6424583058626254,2.7155071245346307,2.4158006111533226,3.2230101644806406
412,3.057657504319651,2.5801425237705615,3.1183296993802174,2.6593804693074063,3.8423943296385774
413,2.8426065772720603,3.0921933077227366,3.1598059676290515,2.9901368555443777,2.9986342875037373
414,2.6947223125985316,3.1274027538911175,3.0325796616446263,2.748041548023488,3.100228635197937
415,2.918463718769011,3.1506617476404815,2.731805346876882,2.915390142704922,2.8183766410482924
416,2.4358967829338294,3.2220090234141106,4.48097544787224,4.155498668528383,2.465470616705299
417,2.9908483883878647,3.445100432711839,3.070244122518565,3.2814092760703404,2.5997486515849597
418,2.7532690940176017,3.2115132471591386,2.586039126902861,2.5860114400131198,2.934642348802459
419,3.9006306746608366,2.5216944741324894,2.7906278688556805,2.871678674028971,3.5467246454513344
420,2.8435370104319975,3.7815055959709385,3.394020917721958,3.505611690438181,2.394932114561419
421,2.93271700714962,2.5593057447349077,2.882206550978551,2.7396763685589343,3.4716281757038905
422,1.7572216331402752,4.314782168903334,5.0,5.0,1.3894975396470584
423,2.8626396287351965,3.0405319700650697,3.0361241253592173,2.9376293472563106,3.077728777827846
424,3.5855195804436835,3.6771679973189815,2.9510704636792617,3.80200241282019,2.1562244815585387
425,1.0,3.759488750064641,3.5794722096292926,3.068185809794461,1.984655809618362
426,1.8585865403673343,4.180174956997843,4.223453727493673,4.21434167819598,1.7484547813446198
427,2.6541196716835564,2.870625791561752,3.0447188530855374,2.7608621394528754,3.215433516000333
428,3.3209557842906623,2.403603005380343,2.619582861105654,2.639888243592028,3.4577253632035703
429,3.8039123986751777,2.4775592306858987,2.388844418803887,2.793194041292232,3.395810185521524
430,2.9807474201691275,4.648571630807449,4.386096752921176,4.8084775735010785,1.4893545296302952
431,3.1808998732235287,2.7168738062606614,2.783955965424617,2.718739772606786,3.248929462165341
432,2.7950995866882766,3.40421822276228,3.300971222121797,3.382681256676386,2.589148599665661
433,3.064285460974891,3.344728900898238,3.133710966190759,3.396601236536071,2.5460639272485532
434,3.0628117558549874,3.3227731008810983,3.7016946177922367,3.802489557861086,2.5407795952409344
435,2.9169885541111165,3.1661447452258615,3.280547366689438,3.3704633215371445,2.7441619133268906
436,3.530891111336074,3.1100522978684015,3.2559992381977185,3.536991453023167,2.885806845843682
437,2.882520247605586,3.204566088004974,3.1354285128362496,3.1991956310981196,2.7274367325910838
438,3.806810727073568,2.209170441257234,3.116589189207599,3.2791757462728346,3.363863453220098
439,2.2452696083486607,3.6141878427588296,3.086447898599443,3.2297208588569717,2.2476718565390703
440,2.720005630349563,4.150131476436897,3.4911429296571037,4.023594616485041,1.6805256077248627
441,2.841874073714946,2.7924820398390433,3.2125024725860842,2.9013850797798555,3.2702086879526115
442,4.521335723424132,1.4359668292978134,1.433249286156696,1.5950244348374139,4.528866901240283
443,3.899745765062485,2.9277672927599028,2.3727021159147372,3.297893952820901,2.6800978886298266
444,2.9905460506906913,2.5259088231960467,2.593148469732016,2.316496338790233,3.662315679169731
445,1.3598908152054217,3.7986410838093976,3.217720988252954,2.9669753151743143,2.1547825927025444
446,2.0169854464068866,3.5765363824429612,3.5589209148628314,3.0653158098264366,2.7392720172537253
447,1.0686980644096915,3.858825045223422,2.697249485673129,2.3534096386160996,2.2987958805712885
448,5.0,1.0,1.0,1.0,5.0
449,2.9203849658705776,3.2269315601086976,3.1119155609758598,3.1712768008951437,2.7714028036398455
450,2.4185331637647067,3.3978026601288454,2.9644561136581045,2.7410805174635784,2.8436421036109825
451,1.0612370918745127,4.275630098016999,3.562429480552553,2.3544843735562653,2.668991619681421
452,3.189278363917401,3.1509158355992044,2.9283164994712276,3.0848847456852937,2.8498751737191346
453,1.6580457183164745,3.617817079737926,2.0981475574575703,1.987359915655314,2.5779051407283733
454,4.06852967752237,1.0,1.0,1.0,5.0
455,2.6289988465863914,3.3620767700111513,3.246228668746628,3.1358082350508085,2.7656874816077455
456,2.9367685968228265,2.9497434457104217,2.93751769161059,2.971683078968265,3.004618647379038
457,3.250676583223001,2.608446481567473,2.6421806602417814,2.5892232920795704,3.405499681203101
458,3.404492173468153,2.924191024786543,3.676866542362735,3.3403415466604973,3.358563586856128
459,2.5138398435382188,3.0186782928340126,3.3588506507062266,2.8059367302975495,3.2765702784515756
460,2.7986038752737015,3.985616209727749,3.34315622832435,3.7214485966523236,1.950554007373949
461,3.27026063997313,3.292242243659137,2.822256613061013,3.203457341865986,2.7615023202715863
462,2.3987739508805204,3.9301861820072697,3.7394635569374914,3.5892518528606714,2.3142740766682954
463,2.7358431870008912,3.390007024175967,2.78504567412438,2.7521826381637284,2.7401045242939914
464,1.7842917624795829,4.111255737244587,3.8071672188798615,3.6195460380033406,2.061713346329674
465,2.6412482374382042,3.2650733076409395,3.20707450274267,3.1311170596845646,2.780453813761337
466,5.0,1.0,1.0,1.0,5.0
467,3.396241276623091,2.7808280838101678,2.258135772797173,2.4317685757951755,3.3244779707205714
468,2.8167464933893847,3.5183956481188385,2.7269980096201527,2.7995858677543883,2.791882515597673
469,2.767218219847227,2.458256132981022,3.273809332827879,2.739493590364157,3.614239064392781
470,1.4164956515050875,4.37351980264449,4.65370978284373,4.255185473218423,1.7306081361033712
471,2.227558603178193,3.4121791691048515,3.4864573539852035,3.236321448039632,2.6091377193047607
472,2.275962667511547,4.542718013078705,4.399537203634646,5.0,1.0972362108059792
473,3.022101006893741,3.097168681409396,2.831145573399861,2.830992854236501,3.026728537098832
474,2.6237447666237967,3.043784757778829,3.120344839041262,2.770104278405219,3.1267947746244618
475,3.1479524930141354,3.020958189179973,2.713318929323678,2.9675927033034486,2.8821478742199176
476,4.53839131590652,2.2215505186969926,2.1967988286954085,3.236858988217817,3.1726094565970406
477,3.1171035260577633,2.8844444592426366,2.7179442201140445,2.8635914995100107,3.041112314239524
478,2.6508219636457344,3.0134444742938067,3.1855796881761287,2.9331527321935087,2.997685868680353
479,3.728268387961396,1.4834110678908035,1.3195569183337343,1.286568998663885,4.329379895573643
480,2.8735518800576,2.9374119215799186,2.6447670401977827,2.4128674361379616,3.319561559404724
481,1.9457284863014794,4.050928470566431,4.502118429609557,3.846222633797769,2.309371094603647
482,2.9090243637634448,2.8041520183308952,2.456801744995054,2.5718289188312298,3.102846248173963
483,1.0,4.12404965030751,4.500258293789299,3.993487483589995,1.4723437153674785
484,2.131201971747305,4.290972279078469,3.973177092541935,4.042110933744751,1.9073439880394796
485,4.107863241111099,2.2382671298415833,2.1869723019686593,2.01264880700119,4.0251919251275945
486,2.806739530542306,3.0579236068280027,2.910500411727669,3.0393090562899987,2.81641167996337
487,2.913627443983967,2.837263402529812,2.9826493498749223,2.750081518762206,3.277706689915405
488,3.020382428254112,3.1081448240075424,3.285813705788569,3.221838568434956,2.9919095173821497
489,3.890549155373533,2.1750536177447772,2.12214051020077,2.204162335791091,3.862098467947497
490,4.286354954523675,1.5012888116047645,1.7045069998824134,1.6897641720737802,4.457557239075949
491,3.383748149158973,2.642444899350635,2.3377928215009707,2.5333950045835008,3.324392072964952
492,5.0,2.5806644778235164,1.8860050424433785,2.1087575307397715,3.8611708992301548
493,3.794457921867207,2.4750627834746837,2.458485851250685,2.512072474227883,3.729461242974832
494,4.945966097858166,2.512043940522659,2.0442669094672237,2.8958278798954797,3.369705032407491
495,1.4384112012964796,4.3154524028098455,4.419221184191584,4.070379571647984,1.8211718274639868
496,3.0798968782748037,3.343235141763371,2.8009120769518745,3.1955348011835527,2.6243208391113613
497,2.9048703110191814,3.2300409385684326,3.5553567497102088,3.145048914574171,3.1083604799319233
498,5.0,1.0,1.6303556679161701,1.287998338151336,5.0
499,3.731364770407645,2.444473945234516,2.8024305416980226,3.139869948397695,3.245702551269403
500,2.386658217941477,2.864669758907728,2.8723514557021534,2.7606409230267484,2.8751230399290733
501,2.4496710045121715,3.919469736856167,3.4142148840215247,3.502896123234718,2.2155406838938436
502,3.5848171005413367,3.142721073352451,3.0963136166214635,3.457610060941824,2.6985327802561203
503,4.112992890154013,1.6284418315263935,1.6980526905831588,1.3643827469489236,4.613166887863109
504,2.7481295766771128,3.594121277218685,3.3725458314527907,3.4044122436449915,2.556103389182233
505,3.1070535114539446,2.325885517642968,2.72978855400874,2.601910636919346,3.5536560049525727
506,1.6675980699927089,4.913888574063631,4.847138087555007,5.0,1.0
507,2.0983669438750034,4.449617211980573,4.410894574700169,4.305516087582664,1.8259122904248757
508,3.1726215898891086,3.1606942423069397,2.6459670596800087,2.934934061128342,2.8705209268522274
509,3.4075286804023452,2.5227555819343483,2.3745000566103927,2.381217523502299,3.555582495568462
510,2.458207869067455,3.3525620829297886,3.1535587312701745,3.0598308901324285,2.703611840522082
511,3.2000815442528947,2.81610156317693,2.9584516887181156,3.1353803435134946,2.9708134484624678
512,3.1769237774040113,2.4869063264042897,3.172984432733534,3.0207937154258966,3.3956362985449102
513,1.3242249131115649,3.739608043507381,3.3606657595611167,2.642273731205173,2.5613411152748116
514,3.230730085961718,3.045696725429474,2.7969781195799586,2.812226485503487,3.1069140542286866
515,2.5656518538765014,4.014070221678791,4.045497789055788,4.175073470600006,1.9851345036661994
516,1.431491256807055,4.2776871309715565,3.8688456637539295,3.677823458705546,1.9544445124582304
517,3.3038545788719875,3.0299387710947046,2.705482693920761,2.979000680139255,2.899107226864017
518,4.471597085480267,1.8990501226141066,1.638320199334839,1.693795424968575,4.433645069802058
519,2.972129130050637,3.124263295915611,2.909144613595752,3.0582689392245292,2.9104555435812847
520,2.969934531461178,2.8533707879146615,3.1160079185857303,2.5768612882661386,3.484115767980886
521,4.013469869070033,3.324595196336553,2.6442957980263984,3.445988294419358,2.5120147901713965
522,3.3698686504520134,2.6120183209572567,2.302128030633424,2.7494323042764743,3.0875768082324453
523,2.735166118653643,3.4110959890199384,3.1045957937630435,3.179423217407925,2.601034949986301
524,2.878960834693827,3.0860128889568648,3.211226618742358,3.1071915628284406,2.9645102956386924
525,4.0417692896567265,2.4090599815115237,2.6720964570130734,3.17351979728923,3.3270761886654094
526,2.680342145648478,3.195055530190695,2.709137937379947,2.946160706315987,2.6882770393363167
527,4.0576451286990896,2.2761097767524863,1.7531386520629133,2.1458957743594596,3.758317326634724
528,3.0847533751537886,2.839669848443378,3.2156537511589085,3.0438808436137954,3.19163733812639
529,2.1706792862361155,3.4173106429318976,3.4605616638088823,2.9560321955614204,2.891492703544166
530,2.2129791209515703,3.4686956619977085,3.9215544919369556,3.569896103747565,2.5303157791100443
531,3.3796441835763296,3.1811993453459957,2.868032466831971,3.4738000039796724,2.489435701432042
532,1.797039940247318,5.0,4.1414698438797135,4.606618664757793,1.027304410735721
533,2.874726002160761,3.473364764312719,4.030977970468817,3.468862317205805,2.977257565537361
534,3.0533649419621787,3.0718786466082952,3.433003695948068,3.092967815396253,3.05621201154181
535,2.9923702375903622,3.0351403169430973,2.97656008890214,3.368745251491681,2.6744022392771036
536,4.182635213023203,2.1893151002811244,2.0514920399446632,2.2680894661780115,3.830288780609385
537,2.6659225845409464,3.3513835424913503,2.9510292067840687,2.8906429056735905,2.807738140570537
538,3.8078977608169673,2.2626014952204385,3.1716672416885836,2.5869425425751764,4.244700455538326
539,2.6905117849979825,2.815650018935944,2.8877575610426662,2.708643985850263,3.094756368799913
540,3.2698931072426154,2.5521157236766974,2.7692404094820184,2.8574899797175664,3.2689862447032594
541,2.8369154111514616,2.350181315937834,2.3889689385825816,2.223499714912603,3.5369432616617464
542,2.3723587749493174,3.44227277077818,2.7117946755265603,2.747287982518897,2.760482821896854
543,3.422575149311971,2.2962641191636863,2.8301669727245367,2.8432834662404387,3.528446159114992
544,2.4644939981493996,3.240832633520725,3.650546663052365,3.797740170779019,2.398179520580796
545,3.1449200316801478,2.712706802107705,3.0150973310763174,2.655937956817947,3.4931084651135835
546,3.4091741798896407,2.6991661222545233,2.799531444126387,2.8718457543445064,3.210855648916587
547,2.3824028519632705,3.2706727730887573,2.7963568682959328,2.783111020927948,2.574443706311079
548,3.210989131992432,3.085199546426118,2.9272486557167756,3.3801062316396755,2.720514398541181
549,2.986348957791209,3.175808918683167,3.0948200907382146,3.0924590667759633,2.9014064582647543
550,2.706261606863314,3.558294285181969,3.323126752677077,3.3830748420761725,2.573120483952666
551,2.2047949732813312,3.8511327951341325,3.7792844158307215,3.664661486643618,2.225394839633344
552,2.7604283135256398,2.8030755594227785,2.654744556788128,2.8717185164143877,2.7766941505695186
553,3.32772318766891,1.9997681906645701,1.342755132169219,1.369012208182417,3.9669582954324145
554,2.6536122879072153,3.4536789861914525,3.116485751597147,3.145592871108082,2.6150814039349783
555,3.5250027406106152,3.029311756871044,3.2851279995371656,3.2711518466855627,3.2343561501437104
556,1.8344463940619835,3.6661584092982813,3.1140260643813393,3.224146645980607,2.2803233739047117
557,2.913372893489381,3.100171123645204,2.9609934583960995,2.969780683547631,2.9464958889462958
558,2.9660148972463065,2.9604848382103803,3.9143730435879456,4.026351350330149,2.7449678990583286
559,3.0064580103253946,2.8312044651617185,3.099168957807615,2.862124313910914,3.2550411378588127
560,3.0760357558006683,3.9889260146452035,3.784046626722157,4.023893624970777,2.0098605780429133
561,2.4687871202197504,3.4054298124996643,2.835806122657015,2.9589389717807433,2.6177621216734375
562,2.486154591159095,3.581661076829962,3.2871370340371566,3.2388699517677,2.57619513393146
563,4.109560572500426,1.1781319051622847,1.4700964283585398,1.1143832622219492,5.0
564,3.681538462144656,3.4648263180326198,2.1902563386824263,3.0158688271875578,2.506427180973925
565,3.606351032426895,2.836742039963556,2.414102482832047,2.8904008183581142,3.0041711098251573
566,3.2307184509908407,2.8774560258289514,3.4202242831780545,3.4033150437993482,3.0122092494067747
567,1.395282764701141,4.607930914888705,4.262664396377585,4.287525496209717,1.4768824993492442
568,3.185411778488969,2.7533384441241333,2.5203623422865835,2.6669253679221105,3.2240060077302726
569,3.3076711518327744,2.5119673469503168,2.7953691455090337,2.5228239411632734,3.6240143071812994
570,1.8910495662671056,3.7538138196326356,2.3105223413370615,2.805343808716879,1.9182612801373111
571,3.383955108989742,2.6356602347238205,3.31355631616454,2.973001099454808,3.469130797285622
572,3.4862409373512215,2.2169016745374757,2.7762563502829445,2.52045386471576,3.873052436832368
573,2.779369175306035,2.9133231455542643,3.155866186848366,2.56062210543379,3.4691965454317932
574,2.0049721282634465,3.166421940299335,3.0300179176078457,2.56411083465363,3.1066798726689124
575,3.0273567946946622,3.5876023859423283,2.8430733603339444,3.1427038501030187,2.5268945367055884
576,3.065770027899092,3.2839103061847785,2.5389543649389346,2.792366622439726,2.7905735207257885
577,3.138576469851212,3.455775400734173,3.5662936276608384,4.117193021753802,2.1233018722249017
578,3.7329109352357857,1.795658575352452,1.7171563949606967,1.7750080792694811,4.117370992248419
579,2.457614301963416,3.488530596933174,2.787307794613581,2.8087381546278904,2.603245450769079
580,3.2614794725991985,3.1487340109588757,3.0322967502567795,3.2736729057222025,2.8275864880355743
581,2.9893368739903683,2.760277651854524,3.03839112937423,3.0404887095278386,3.075857052011589
582,2.886602473358229,3.509406273915274,3.192262307197768,3.2230261141499783,2.6385718222134007
583,3.256257096651206,2.8722186805547545,2.328182013998664,2.731414428275323,3.0477528622526195
584,2.5180099151531854,3.270006651473891,3.1534726267103017,3.324387986598612,2.478983849634983
585,3.415568933222839,1.4349750424098968,1.88410015579466,1.2619220819393,4.841055956433545
586,2.4075229334089703,2.7102849960168807,2.2480039989784504,2.234966196933576,3.0315264817237635
587,2.0053397673950846,3.2217116591958543,3.511132305936361,2.966309680083459,2.9143502159378993
588,3.062712669864292,2.4067637381813727,2.7058649886345982,2.618221024883124,3.4494112409807194
589,2.941001781536875,3.4930758087275975,3.590349170353293,3.54443698698198,2.674524012369194
590,2.966634821334363,2.777028027188744,2.8719060799675513,3.1169578587154283,2.8536387974887125
591,2.162649176819382,3.539179053881389,4.051264167966462,3.095083697023396,2.892764980737487
592,2.8209726375717024,2.9403680135264616,2.4783607681874926,2.3675419087921603,3.236018654782254
593,3.0427285405731266,2.677369118222389,2.8854579437137673,2.9982782450747156,3.0613708732400955
594,2.7487588217887184,2.9867008010485336,3.004233204789229,2.883490994456847,3.003974586676537
595,3.3659796999984626,2.7127132386214887,2.501089411132574,2.558881394926421,3.2822604036208176
596,2.974660115108873,2.9204038579436222,3.0641390551466103,3.0179149515634736,3.0156033192625733
597,2.9805945886657637,2.88895390525409,3.0008297470472725,2.9863803014054437,2.9681439140088584
598,3.2453517390455406,3.0687619753424324,2.6809128656586334,3.061358241063497,2.684777686152635
599,2.9901445542683125,3.2259200540438466,3.1791704315199096,3.0469614287597535,2.9051302188301373
600,2.064413404624743,3.2036609140291255,3.4731393291159174,3.020242653546041,2.797280239209301
601,3.03516211888329,2.5722572125093577,3.3931451188152204,2.9486367966395295,3.5417443081832634
602,4.73708899537451,3.246491744811797,3.2770683509880882,3.972654728588103,2.7683922596253736
603,3.1013108069487814,2.5746413481569723,2.1668424343333763,2.2373538322690676,3.338655422521603
604,3.1215996124527705,3.0100461777683867,2.925524452536203,3.2602646796668004,2.7573678195162823
605,3.0802676428402935,3.108051039013575,3.1119179294832113,3.0775327707537423,3.0257809078174094
606,2.8683009440133946,3.475608300356171,2.7953732050934605,3.155559228206654,2.4744332943377803
607,3.6982370760254146,2.883565104413333,3.1206676409215133,3.3253030414703555,3.2306127213768394
608,3.875023183127447,2.3475343466756633,2.457027795778643,2.7668300703309594,3.4776912722475917
609,3.3854760737857417,4.209774388097672,3.928786419091415,4.862594674524573,1.4399315799588066
610,3.983317732744873,2.7901508006675986,3.6435042734164877,3.9236395158574706,3.1022410861135485
611,3.713001356023034,3.187316119211211,2.7385531614646843,3.344454156214418,2.6402324738773153
612,3.1134885881700374,3.8581132364391246,3.87229886848459,4.292586352970316,1.9360408848144182
613,2.799690242806909,3.90901152642354,3.4377703335556,3.755067582707566,2.1377657708765967
614,3.3847838176759444,2.351589000915253,2.27528072490942,2.4772336707361418,3.4083247296033603
615,2.222943021765104,3.1820544935036077,4.509258851960112,4.024459143258452,2.6330276228173184
616,4.156014948937208,1.6667702243213711,2.0275519693683526,1.99198633207948,4.2247991390905435
617,2.9063866448776388,2.7771484763361567,2.7531697492938427,2.784313535792469,3.0705652716528777
618,3.2629493155238194,3.090599111670611,3.9188789693663173,3.78080819056941,3.043620407550879
619,3.141692089841734,3.005815038608693,2.9277836348023754,2.738747347566076,3.242085629777834
620,3.622044172305094,2.0487347373850104,2.6853348122691605,2.521284941721559,3.8970367162464297
621,3.260435391254805,2.650160669152412,2.4944523091279436,2.332799401504025,3.440025550629436
622,2.247172404303704,3.7137987381879842,3.184860122359747,3.110202327495184,2.3988037170016145
623,2.710023609683905,3.0912162884403727,3.3304636964304173,3.253477878952729,2.826339790443056
624,4.276554999312791,1.600180466769313,1.7552529081349506,2.3483406533969884,3.784537190546853
625,3.109936000989786,3.113409753235872,3.1438886679518827,2.8886037905592783,3.16241569253519
626,2.842173336010025,2.5498683552732313,2.8488204779024273,2.460193938550513,3.5584444442455747
627,2.975183106343394,3.259587266711989,2.9793848463680757,3.1824168133624715,2.661989862331607
628,3.684440619393455,2.516824449082088,2.5210741451093677,2.534665793400661,3.4930343014115817
629,3.3420358336855602,2.7453579213229458,3.7136044546716893,3.246040546925475,3.509887106999595
630,2.0684003319416733,3.3576991585723017,3.102393656165236,1.9534119739803524,3.5665980059378986
631,3.7125840698840613,1.8468536505456672,2.010080058598949,1.996278326152441,4.059296670080046
632,3.112772584816643,3.6278872850405652,3.083671108810406,3.482438847788199,2.211797370102401
633,2.3648321097550022,3.584309034744481,3.8567285749239097,3.3204752289682307,2.7980886978776196
634,2.337061472478251,3.0475298346648367,3.703781236902224,3.043953012219942,3.307040465528944
635,3.7775432488466913,2.219655064704223,1.6385546920832088,1.6046197173330847,3.9914165406976276
636,2.288587966068884,2.491550824512729,2.4000648461632625,2.1067321697632915,3.296575211498592
637,2.0143138541793713,3.2694540571231645,4.505833303429373,3.6260469301347844,2.999036824604617
638,3.226116527752489,2.716194628997569,2.486871130700426,2.481588764257009,3.3862054129704
639,2.9801777341048115,3.134118024703252,2.035049052529897,2.277725222045821,2.987796297799812
640,3.444236871139316,2.325118799516166,2.6144959404173913,2.4161784983105314,3.8358765943305055
641,3.1981989611717396,2.8578221480510844,3.236729596711587,3.5308779131953156,2.8498524758077197
642,2.007006251396751,4.6004415657668325,4.678875987934116,4.733029579133946,1.4648455835325516
643,2.7184196686459208,2.9662931376232415,3.3823084546848023,3.017050478808132,3.1507732450666883
644,2.738520025476826,3.9125865731841594,3.5278375466152694,3.8679774059101817,1.9391191785576638
645,2.9494927418914387,3.7325288836112365,3.5170395609385205,3.578345190425267,2.5529596853648986
646,3.0418941171177343,2.7018001655295,3.341232021097826,3.123179919961368,3.250330996958654
647,3.140408443214736,2.356127256549058,2.8512727367182094,2.714864316055624,3.5984128216221762
648,2.550806540791945,3.1325114914431795,3.699615642834946,3.14341161737789,3.228885470676823
649,4.823320205162606,1.0,1.0,1.0,5.0
650,2.620444906749466,2.958947766364337,3.2118245738914872,2.8477542919308223,3.0974904314575493
651,2.919954012354923,2.804974384616502,2.6785508332664363,2.7471077628089504,3.1120191308566887
652,2.949911454476428,2.81747129134045,2.984689103364271,2.7898177635932973,3.272038738415131
653,3.1889680481697025,2.8619196748758755,2.7527663983627306,2.7193667014420213,3.148217294148457
654,3.840310892236882,2.677010030529694,2.0266058961302837,2.3738438920570277,3.4616673437292165
655,3.022623846627455,2.7567891375387013,3.1827435683212775,3.0778630635598585,3.1716764000438444
656,2.7359984718451367,3.2640352792586262,3.0971642719608363,3.1114365492264504,2.746194001917909
657,2.3867107171771353,3.3048173295558616,3.1925605140639597,3.0291882978323255,2.780106702256196
658,4.032716361554658,2.6021746582327108,1.68856153862251,2.1659591464488566,3.3124718334948886
659,3.955530145621622,3.1759221651188376,2.4529379049018645,2.7390868886777975,3.074027870226548
660,2.5331599105514657,4.451602185571334,3.871570493195939,4.814874561429951,1.1282965774532612
661,5.0,3.4781110965795707,1.6685108153112667,3.048592107935994,2.7068355302461238
662,2.6395596861265966,2.895606875949395,2.386309311558577,2.3146668541329722,3.115830848906673
663,2.9670527102871342,3.490999364749621,2.6988537922183444,3.0652863219146136,2.4122047297825433
664,1.951092504629039,3.5838973801914893,4.294689066856761,3.614234549473326,2.561706282162895
665,3.4779019684827714,2.591247532108744,2.824946457210191,2.6711257740854175,3.4707229072655985
666,2.8365230103746764,2.4701224103236656,2.399445052348939,2.307099429274049,3.4547515195448653
667,3.756056247513605,2.095346321493232,2.557412154811592,2.5457256011624465,3.6937900127842282
668,3.547775089215464,2.7487513699503983,2.087174946090143,2.581394585176674,3.0652199171095433
669,2.5916765775354635,3.4166923720602225,3.489866602261111,3.522942261946361,2.5187255623213267
670,5.0,1.0,1.0,1.3140577031884215,4.963853902210873
671,2.6565864622949165,3.046280841338717,3.532031818581062,3.1671063508460207,3.078543730695919
672,3.312615759896083,3.149943032226576,2.6911325724972275,2.9353285312752617,2.9133941483248176
673,3.1754895203402773,2.74924714935542,2.9877977981760635,3.0556435474988484,3.112347367448811
674,2.4082496114183116,3.974487788058149,3.1196853556101902,3.56874488423119,1.8900308714273397
675,2.7001586363714356,3.4198633553704423,3.3298667439682936,3.670509568342645,2.245223305245571
676,2.5141428524586833,2.5000229238705263,3.755140321355599,3.1828528398480826,3.647748998577609
677,2.8133396037068037,2.8335015045197243,2.842208351093919,2.5745885062152833,3.3037640721768025
678,3.071208327642573,3.1986001786898473,2.9138431877729754,2.7883343670303034,3.0217391710197883
679,2.4707997556734145,3.4408192179896733,3.573087042032339,3.5423610685918847,2.4752783247055508
680,2.528474311265108,2.849434879072678,3.1616151039980784,2.7528240956451757,3.200032526711701
681,2.1731676116296015,5.0,4.846564945055649,5.0,1.0
682,2.257375319887265,3.794183939442745,3.9965834649113186,3.9672531837970197,2.0914355053387492
683,2.788216107605877,2.9185981256950106,3.297691345741116,3.230908389090721,2.8846909297094014
684,3.0285876640962104,2.9584560300754923,2.563669715480666,2.4942582354258818,3.205726733571695
685,2.4762948314430107,4.247271367605487,4.957667911159435,5.0,1.410702261221282
686,2.480885472292585,3.2410819941376596,2.9552188389316667,2.898106920234385,2.847054331515984
687,1.998275204297363,3.925486816800066,3.8850711530913875,3.471516142091055,2.3019417510259217
688,3.7232322603656796,3.0602051902062812,2.7157118519631016,3.3618454184963404,2.6453475350808437
689,3.262938714049818,2.969138184851158,3.087537948348998,2.7772127749505224,3.479758989873895
690,2.972127208320037,2.626784067814469,2.670187137419239,2.468553119950722,3.567383307996097
691,2.7087427860584796,3.211988234215281,2.9954923451943034,2.69124277427433,3.120545994265048
692,2.3372947954265944,3.319940266521378,3.1379105401676997,2.5547883029883707,3.072405169741899
693,3.249842006381755,2.759493002745785,2.4333382731333697,2.7399815956728277,2.9609502916663795
694,3.232225819946882,2.4925613166941893,2.705390762488442,2.774531877953126,3.2813558872368924
695,2.76328150013282,3.1559315860701957,2.7044685002694395,2.8874707086739466,2.762011723288717
696,2.8222548399253182,3.5558814016528775,2.8337352669115026,3.244194478142987,2.3047944821569892
697,2.9283663026798905,2.9691370518524973,2.829545460616315,2.750975792604307,3.1466862144676297
698,3.4747822456027135,3.021089783861496,3.5946178944551406,3.840804928875856,2.746587308629711
699,3.508600821031623,2.698272795954654,2.6019386168199232,2.822743180965735,3.226311796730453
700,3.083360417286424,3.1748622354735616,3.242698624593669,3.3415623483338095,2.823455340202661
701,2.901016316185094,3.668770891453819,3.272212303841172,3.5578039060045255,2.448933219242405
702,4.131880518184601,2.456835015949415,3.1432914396202696,3.53065888759573,3.3600077936034998
703,3.197507157092353,2.7482558164986384,2.94781187107244,2.951042354852319,3.192194236835302
704,2.5807506392220727,3.1979354895810315,2.9970396155098187,2.8374759652544346,2.8938899262947606
705,2.775370089202678,2.9972495296306825,3.5846958213364797,3.2202465253799604,3.146497861826832
706,3.625873463816533,2.6655197133376687,2.6365138535676245,2.9698148619600477,3.1329884831370522
707,3.30313335254411,2.440202023516628,2.7355953283982557,2.445956638123733,3.7463931123655883
708,2.55609167469091,3.6415864911369806,4.985507194439434,4.989021822828508,1.908368882180843
709,2.1274867009026956,3.477297359434892,3.62740839654065,3.059032314961668,2.9478174124178986
710,3.151895211676946,2.71657282806127,2.643280423037398,2.338209133469127,3.62420142733671
711,2.5769671988492058,2.9807556668797073,3.357189929351111,3.0065007354729913,3.1083044926591645
712,3.501582907141131,2.361592784446749,2.508055057430573,2.688291641329687,3.3100560941786714
713,2.98400558464129,2.0815191136775293,2.9255977805720157,2.0379247355393795,4.333154424046901
714,1.60778073651134,3.8544993434882717,2.9091076414439856,2.6741277732302136,2.278576922174153
715,3.338902858813196,2.9022421658052755,3.1096178135297996,3.132414741175534,3.2164737948560913
716,3.0652863471811527,3.230513298100334,2.74503718206122,2.8626181289168033,2.9235177365492073
717,2.3826325633115646,4.30746370581828,3.56868521907725,3.8702815657029657,1.7680159211811652
718,3.74441682127872,2.752619751239006,2.756188648816988,2.694780233970446,3.446180214649173
719,3.529779445015735,2.3745858320194815,2.13950511574722,2.6254149884174853,3.2776601241270544
720,3.5167560115445817,3.075414410466572,2.625984097042216,2.8737895244459253,3.0274744299021195
721,3.1505525872358047,3.8777958273464863,3.1505048724510414,4.485831453138381,1.5894339447376038
722,4.809350447364185,1.0,1.0,1.0,5.0
723,2.9939650511926006,3.043730679310292,2.9586381350995237,2.872800065319141,3.0820918457231175
724,3.286829265074808,2.8319888437535945,3.080956399332423,3.0866565891552833,3.16387782760311
725,2.278305584013465,3.485793943123041,4.099047547389864,3.7551672597857984,2.650804395074028
726,3.056161974022936,2.772912879182179,2.9479896241251766,2.8962878129858427,3.3427199158996155
727,2.789417625505156,3.544742658681067,3.306583804901476,3.6482933829413446,2.2128639043730876
728,3.4857119293060834,2.5377044651870326,2.5532929765436485,2.9226220369820233,3.1357616913766377
729,3.561040530865119,2.5908474910238573,2.569484654108301,2.5658816599925536,3.4952206636182894
730,3.2327647669803277,2.5958689272375084,2.5329327049871644,2.603014214015115,3.259814481841734
731,3.0572607243238914,2.947220089332642,2.9041973679438247,3.0171814420155356,2.9858110973866347
732,2.6280742806165875,2.9004136196383965,3.166351698501472,2.5678243353180528,3.67493192403724
733,3.3646146890294264,2.9867134832137308,3.2500466722708676,3.180268270159787,3.094885852174341
734,3.8007389854394833,2.6141670198654468,2.781750969655583,3.2832349784535086,3.0813831287304834
735,2.6736454374551624,3.057853609616501,2.6702317492284946,2.6535118101336126,2.9899120198725524
736,2.080682121789755,3.339573933426275,2.8015598648929454,2.535496725474446,2.770200051559293
737,4.132819210484734,1.8237820470736337,2.0081445908642235,1.8889796108966685,4.311326611356135
738,2.776591036610985,3.076597275265598,3.7592506402971764,3.9332261401287845,2.486648693821234
739,4.764943372413566,1.6868042886661003,1.8476605000161006,2.599335728698226,3.8404747526371352
740,2.2227309380113525,3.6079725107937066,2.9966024890823797,3.1911790467598973,2.2346397798286084
741,3.2781578395974846,2.593448878400391,2.1173225552077426,2.0967577966295345,3.504100766489752
742,3.09493999151038,3.370213923300968,3.272125847317631,3.441573173399564,2.6263042750331724
743,1.5732623381255122,4.28164668143953,3.8741262014656934,3.6970985722296157,1.7098959855489568
744,2.262028954621626,3.3161973514282654,2.8026408866112664,2.73462663565537,2.7163047903800797
745,3.2315666728365873,3.024997229016839,3.2133053856796376,2.912992609762206,3.3416585437062807
746,2.158481100944673,3.202629758505661,3.530689092279375,3.3978349991215606,2.507013262278369
747,3.4264568494657346,2.462694407185377,2.487295282617931,2.687627753149325,3.327044334671042
748,3.3552451168832795,2.603905621071229,2.5972623704519533,2.5552148021676873,3.4228773595667046
749,3.7629656234430335,2.0578750404229336,2.6927842535324067,2.37047387235316,4.118822403384241
750,3.606967641616903,2.457898768737759,3.738585684872171,2.9672501262275897,4.028888892361942
751,4.342049664504973,1.4679027795999982,1.747666218698617,1.9836265917602125,4.323574243206205
752,3.008405239242102,3.2593632732680224,2.845165366202403,3.0685849771265055,2.7028460256343267
753,3.7945841201352986,1.9711743024640072,2.334359128553241,2.6175258444135365,3.5273254256786455
754,5.0,1.0,1.0,1.158819205742973,5.0
755,2.6830479463392254,3.0551509627267186,2.6675509980652397,2.485593893962456,3.1099759699478176
756,1.9008358494873123,4.069589459043551,4.387038097696715,4.080728965805082,1.9310935984164381
757,2.5251997081416495,2.8860206929331067,2.8387407404991643,2.6358900210286724,3.098435484661041
758,1.135967617470768,4.23941341626662,3.9008757242701413,3.6830852796367304,1.6921029798850749
759,3.472135732916219,2.515762406546212,3.8416585443707643,3.961790615595144,3.0199920829773323
760,3.1539920617975086,2.612021120986387,2.1070480626273875,2.3268001207707196,3.1353847926093383
761,2.862340403779232,3.1338723049091004,3.1143308798907112,3.221863009553833,2.7071507198812137
762,2.6454126165915337,3.3436512391079765,3.0744360634479624,3.1876507542789505,2.5761484276533353
763,2.5314884475287958,3.342206856692396,3.3442012934092635,3.1487722842710966,2.8264147941361877
764,2.6241022616321685,2.8190822385621264,3.233218245847089,2.614825435493598,3.561627088600448
765,2.310515337938083,3.042171623772942,2.9079144040433085,2.3963205893300317,3.2440315864306504
766,2.9032814272857426,3.612130542450722,3.2405771690482945,3.524511531467545,2.358407248690461
767,1.608259658726214,5.0,3.9634695399898874,4.171662428412136,1.2415453684599622
768,3.8358523130326843,2.2785167084460474,2.396818524661094,2.705568089258958,3.5796217518240327
769,3.7150513348283862,1.8404069465340018,2.215401448307315,2.270634975823105,3.9332415024351213
770,2.629150888358977,2.9729734533702548,3.0682457848708014,2.745180801307239,3.1963909156956656
771,3.1485479214919794,2.7921352339349728,3.0734910070400656,2.9508930742803363,3.1971143974821374
772,2.817258361807392,2.9871304470768067,2.9388897505379328,2.238714710928157,3.6366694745640604
773,2.748306544185122,2.9542859693512367,2.3807022778390574,2.2617906126084857,3.181243403160593
774,3.334619122076523,2.1825013284723336,3.0648307775779102,2.9114186324854114,3.564873340711386
775,2.8919244995727875,2.829479161771464,2.4616048277305063,2.4447270201439055,3.197884258399366
776,3.041365803219842,3.0265631003841698,3.5786473766603715,3.2013101205396683,3.176608981982789
777,3.14407788176354,2.596873272214145,3.127052280886696,2.820895471137566,3.4550268455390127
778,2.5794876088007177,3.6284671950162783,5.0,5.0,1.4910690698304483
779,4.51737371667843,1.9485731110322964,2.5948443213666703,2.8815811347557903,3.9413772223437027
780,4.094953872230308,2.405335675471126,2.574057166503002,2.2458357333321497,4.192914206001051
781,2.523651058720344,3.5066625408655643,3.1172506480159625,3.258751391685976,2.4639068528501835
782,2.753567868932506,3.7884942673711306,3.8227805150221026,3.162581037266,3.023990964421621
783,3.0284534971679467,3.0876992317107477,3.015970770788998,2.9441889196800455,3.0135367328959943
784,3.0581371316454273,3.0469581842531523,3.381643026005084,3.1678991004934565,3.1376225130398354
785,2.848902073007,3.276334851496509,3.5208654915644977,3.5863665107269047,2.5913000050018393
786,2.2531216704303834,3.153552449987354,2.8325266681542938,2.5061109326950843,3.1082138919633246
787,4.539025404065999,1.013207382863046,1.0,1.0,4.748605006909956
788,2.7451555192959955,2.9614155736433263,3.1339100477110464,3.0915620957687615,2.9162256962127064
789,2.052667645823497,3.8214399774899395,3.6485442393472742,3.6012796752822247,2.2474014420948896
790,3.1873815581651543,2.621267679184789,2.6156903969561993,2.5368683168943345,3.445011709543644
791,2.813420472008809,4.11272902726127,4.393570409711271,4.4496144620464175,1.8724709658922385
792,2.6790225936242553,2.551406964953009,2.4597385314820515,2.7555739307626834,3.028166826225839
793,1.9885006711492372,4.666701636024593,4.004212876493199,4.406158940122647,1.1552777131688385
794,2.787066323536587,3.075651840166157,2.996297371041559,2.708945973990855,3.210420875838798
795,3.8332762504732387,1.6509307593292764,1.8473237557134583,1.3678127913998883,4.502578839722961
796,3.2259784264719826,2.1953512928007077,1.8722996465307518,1.6272142777840843,3.888146235619363
797,2.426908176680911,3.51350117589373,3.2970990538900504,3.0824219497337983,2.6640968804429184
798,2.426883214654226,2.9547998270444746,3.4685689771628643,2.9518981400829407,3.1434626717991008
799,2.3396753156188144,2.730607142798535,3.189350511016482,2.5545658070465214,3.546529188623921
800,5.0,1.0,1.389274887558626,1.3189691196895186,5.0
801,3.0893738009119778,3.086064728277193,1.827605114290014,2.261041056466323,2.9035779190826023
802,3.098589900325515,2.541734280082591,3.069164329526781,2.759410348482766,3.540118957944897
803,3.601250813320333,3.3189748042310274,3.6182693870834823,4.0644064052159035,2.3909659865735633
804,3.470632396716232,2.909109360238921,2.924874068449682,3.0953425120136666,3.076086219440243
805,2.7619181126418098,3.2481619254583616,3.0786827143441995,3.0278258114847802,2.8547764482728746
806,2.6796129968737574,3.3993506951994954,3.21464244974691,3.3804901329229273,2.478939306985964
807,2.7239969366295895,3.2040784766866954,3.139705047299121,3.275224964342742,2.5635864007086506
808,1.0070627687947462,5.0,3.634949647954702,4.063002640632906,1.0
809,2.7402398579115395,3.0534194604699962,3.2309835523532824,3.1257942879449074,2.921218018601192
810,2.673271075710671,3.643520330767514,3.3713773667377653,3.246467344432352,2.7221103227636743
811,3.0546503425033933,2.7027526379399474,2.644274950458959,2.6142018028666403,3.306861336529651
812,2.820635081819581,1.787405755963876,1.62241650219957,1.2412752981850106,4.06005080734904
813,3.0150758034387706,3.180533422203856,2.3710964327871324,2.849191991292186,2.7156777536648953
814,3.140406022992358,3.1594728049720096,3.8168643484560216,3.65704721376706,2.970211194754582
815,1.838500150519223,3.293693640801936,2.3948816441915315,2.496274042759572,2.482058115248303
816,3.904996728012768,1.4534210961813328,1.4594493690985917,1.5586119356643529,4.3013288530166935
817,3.34728499380728,3.4660384314937254,3.1239213302316466,3.8286111264246085,2.186884645859363
818,3.4663202973920253,2.4781251713572465,3.0341851146912826,3.1276942225554403,3.313629504047475
819,3.1254640849759383,2.6710222744863135,2.5562899810751833,2.5384895735326185,3.314901833317221
820,3.1427084953614037,3.1041772486678294,2.9313559206330475,3.009573193526005,2.991097110785279
821,2.6746952909598467,3.7029200604160373,3.3957309249533543,3.589377861907617,2.173779081038668
822,2.9224644892115523,3.0558262476066127,2.24647823093238,2.637332076859664,2.8111542702007486
823,2.4769359773827344,3.4279018796414116,4.308311716021725,4.262536998345955,2.4972267155288534
824,2.5317134692921943,3.331043714166541,3.2448836677427773,3.222072031290806,2.6782468780927475
825,3.491800268110638,3.9036080853571273,3.1575163485429,3.9782278339413746,1.9877495928510271
826,3.811317904860486,3.0940779826007327,2.704018237839166,2.630833209841607,3.4433348826114574
827,2.7645369223888294,3.191851151056075,3.1612340968361368,3.1868683795965396,2.8286140135547364
828,3.8851581160904205,2.1409526462203137,2.127937015098672,2.2330586197534843,3.8254119300242397
829,2.337253101959724,4.010942078728121,3.2837515163774444,3.6296671357026047,1.8626825915210519
830,2.673605938227916,3.737627735124958,3.099482465828465,3.597674196800191,1.9920273218891478
831,2.3206389758339103,3.3813374254541264,3.420353574107975,3.532676786511847,2.4066963990592356
832,3.409207790992867,2.778859490729263,2.6008757593315455,3.114443653838646,2.850109739210272
833,2.9774671710638163,3.4683988617430574,3.6723108779379725,3.8931731621161956,2.3996328039675134
834,2.582271535668723,3.237717305771696,3.1989676887529948,3.1421372964126895,2.7284929149087027
835,2.855017741158604,3.206267850800405,2.9670838341812504,2.9925859338660454,2.86808423580935
836,2.92767005362287,2.994507679349201,2.624307516867806,2.792199186609431,2.877708671768308
837,3.024023988198105,3.790648255047725,2.9045117061492647,3.638013810756851,1.9654115000467047
838,1.0,4.354527397970598,2.1945290464551555,1.9233690315203842,1.9268195714492085
839,4.107685333256897,2.4620031465997787,2.2543150744021987,2.671228533486127,3.3825662429786414
840,3.873845307894415,2.475325494590055,2.5795121240810954,2.773668998689796,3.4403957006264037
841,4.0134872280518215,3.2146359144997154,2.426050125155721,3.6015518342927955,2.4117314836917725
842,3.3513092865775502,2.6113897480617325,2.786428286712643,2.6884259911970196,3.383517446241568
843,3.3609716838142782,2.335606482719216,2.544223244566769,2.8070149014875527,3.3007809159213912
844,4.012157540278154,2.5570587860241316,3.1521433471467906,3.2636862650338063,3.3978513192995248
845,2.853016443392227,3.545415665715857,2.9973426582890403,3.4419704169544985,2.4086963006400253
846,4.32392073445822,2.5754567130269885,2.6160638213569514,2.993184067293819,3.5459587877110668
847,2.926996658510079,2.663562317429896,2.2714064587626814,2.5456136197931936,2.9680415897254377
848,2.9157511874520443,3.6792720780387653,2.397062280966769,3.25996561628348,2.052969794536683
849,2.5625140995855338,3.3979729919288157,5.0,4.55783438782222,2.5018337461198517
850,2.836631921848782,3.595865539961884,2.58685368206065,3.118144658297486,2.351002946291882
851,2.719550575357683,4.069888880203133,2.913425589313774,3.313378200175719,2.070344007517104
852,2.7973831667498406,3.3911522785809494,3.0360059867883,3.080517994558438,2.713409444996129
853,3.352943130666157,3.3210308000921054,3.029219130338376,3.11880428233386,2.8347655236356584
854,4.0034829960627505,1.0,1.2833814995936108,1.0,5.0
855,2.911786737517733,2.766199145482885,2.638457359114367,2.278356048790538,3.592478919524238
856,4.038150684869312,2.3459618082558973,3.0393439238593407,3.2440849321320346,3.453471807593438
857,3.0578226649849887,3.3186901509356477,3.287462846922508,3.8430747949847373,2.225614560863894
858,4.285771818873515,3.23594053524494,3.5358410115568666,3.8576014017161278,2.8620641834789216
859,3.061290672275083,3.0923216744312105,3.9384814601417943,3.5821967671056267,3.0509464273586273
860,1.0,4.324281258684504,3.561750190434556,2.976017656031777,1.9428254755664134
861,2.9293558497163774,3.0910457470030086,3.199582444455178,3.1192810185381563,2.93260849917187
862,2.8870426334562422,3.8113772815085794,2.9110451992427517,3.922288893413832,1.9283740167469081
863,2.9403604745721816,3.0577513509561154,3.0173509355595676,3.0970002446481733,2.864897434547918
864,2.3998694938677545,2.919898064000737,3.446756799849726,2.495035291229549,3.523913910521385
865,2.894841154731064,2.946591654975884,3.6336015340349346,3.253589064289736,3.102149230663095
866,4.033417607044891,1.7564956039763857,1.7200951280478394,2.245491432725614,3.7284100328386676
867,3.0525937736547393,2.8651293178728157,2.8754629888767043,2.9505286248680087,3.0957290248904945
868,3.205642484424542,2.988474185855007,2.95645765383338,3.263169695708128,2.8580306495826284
869,3.0634849013671683,2.8139774730796017,3.166044831671812,3.1878040374830623,3.0650947129157253
870,2.951581652884437,3.222635135230741,2.7343867331025447,2.886676586724066,2.8637181833968475
871,3.3482337904929125,2.693711002630306,2.4959851466970835,2.4733817437279133,3.4522254234220933
872,2.721861971782867,3.6793894716901185,4.197813472879343,4.503709382530165,1.9563049296772008
873,3.218641884826224,3.003717293521397,2.945871872710141,3.528805036923356,2.4701588174062628
874,2.6324414934909575,3.5313077839091216,3.1571822376267566,3.087041403140409,2.6239407461149233
875,3.209465807642867,2.939167801520236,3.076333198598262,2.9806365926381195,3.1856302616666987
876,3.4796858580639807,2.598437579613726,2.638393361142405,2.5986639256041344,3.488186684988783
877,3.346298218261921,2.263519517899776,2.957075045139869,2.963221763394795,3.575889981197962
878,3.22632830493595,3.059203237743833,3.1682313832930564,2.9062255211595143,3.1355968943131147
879,3.00674520085439,3.073729952295072,3.1328535917806106,3.301846563937847,2.658293025009741
880,2.4496169344975094,3.2697457095759366,3.46527358395932,3.2298378646701136,2.774693771613162
881,1.117672256729076,4.020369023540191,4.813125739611939,4.470979734819387,1.6549005143830706
882,3.13550929500888,3.633441186164927,2.658504999068233,2.9401929012174333,2.639950237965956
883,2.190371135216088,3.081598937765147,3.359123068747213,2.814677209926014,3.190132488104415
884,2.613411186887051,2.87462857152222,3.3615090489773367,3.276903290664443,2.8652534460908945
885,2.8574623492811826,2.032489824601222,2.4317436843562366,2.066382317402965,3.913203013824927
886,2.565890699462402,3.4506656304761085,2.8893217344644335,2.8467320941918053,2.668558741098171
887,2.6665019907468017,2.6840589876631937,2.6931380173543724,2.5048850429072913,3.276434443935509
888,1.8300914154655366,4.684125394410666,4.490997199627823,4.4068770058898865,1.5553098778057393
889,2.190109570187249,3.629520937015823,4.048576781553978,3.6636777025347245,2.479791379340233
890,3.414634547375986,2.724958613235734,2.646097635634164,3.2578962520351245,2.7479660020292056
891,1.8035202826224153,3.8582677349443895,2.820666925992891,2.673378004394435,2.239349815803701
892,3.319814174007226,2.8426361210785758,2.659533253021227,2.955631309076557,3.016872932097899
893,2.4141702334271615,3.048160502252396,3.2047252883596538,2.8514991462516113,3.017158729394792
894,3.0468566913875326,2.8262346569503896,2.620441859790705,2.530424776685705,3.3017814519138278
895,3.395615471680467,2.410969271126268,2.734485057075585,2.6427250858636944,3.555780668019724
896,3.2321923105932306,3.3085165341424414,2.3395297721870096,3.0150360176251905,2.4553205808913967
897,3.9280896028026078,1.8224613343900227,1.8393862225118813,1.8100327615303657,4.18678643570756
898,1.807735270164758,4.007904330067104,3.3892731342993003,3.422752842505042,1.9803516595057236
899,2.874601517172636,3.481451915646223,3.502920828003638,3.5002710616522443,2.6845240892646243
900,2.6690124918027056,2.9796859116687533,3.059489456080143,2.8576788965403543,3.073575917124646
901,2.7808726490412625,3.797177641613138,3.488267286234182,3.7199836966050106,2.2224184183444624
902,2.889792260209731,2.388922103584285,2.236636748497199,2.2727495702826808,3.439472328908602
903,3.2004089330773993,2.934496291907759,3.364796483563255,3.395709510629679,2.986732422200247
904,3.95859359154123,2.097785081279584,1.468897063193912,1.7857326976414851,3.8952869402076105
905,3.025956098091095,2.847031064087227,2.5923775598689933,2.612909547594628,3.0876476371758317
906,3.7163983170303982,3.117276232118808,3.149618268387117,3.3210308743066284,3.026789214486706
907,3.3393064325412887,2.7957706114692478,3.1031898454900086,3.025240380957614,3.322585146904709
908,2.5934707279306712,3.703632998076482,3.6134120351749144,3.6860377398810478,2.3254150495712107
909,2.3220599744460713,4.026376043832218,3.606067163113574,4.069292794090984,1.7771573291436034
910,3.594797506841535,2.9835795597884127,2.327089235246004,2.8615533058949327,2.863252532461831
911,3.8721849973749407,2.367820564943398,2.580308895865747,2.953379976189509,3.4634986601684146
912,2.7256392122467363,3.5582990652110222,3.452138460589432,3.6219864680320333,2.407973488905971
913,2.705887628041011,2.9578842771726523,3.0751869091572357,2.9678188606197233,3.0396998613913144
914,3.5402122177894566,2.273607853350547,2.815606255768667,2.4968153322241444,3.7937296316813724
915,2.5438291936719852,2.745732334444399,2.522749588435446,2.1526117121643873,3.4046355389840657
916,2.3242006622087494,4.109239561770636,4.33606231809414,4.627133327325872,1.5905072006406131
917,1.172845901261521,4.517329109315105,4.669547973479867,4.033107814050889,1.4452909859306329
918,3.3760201611084018,2.6619620278144938,2.6966196427212106,2.8078868796732994,3.269581793180083
919,4.941479455147371,1.7125056379777557,1.1527155459291392,1.6870679610913877,4.181947901325621
920,2.9342735437227736,3.4349438951255467,2.928058784847193,3.52934224403021,2.1840621650137653
921,3.062554228702891,2.808377453361715,2.9291075336792893,2.6401944554547647,3.361257284342169
922,2.7712692932606466,2.8861690768212815,3.2099967005158287,3.1635878493847063,2.953245421369957
923,1.1128472363132578,4.048927131897745,3.666978879694264,3.5574439116449073,1.5856279772628494
924,3.3796678818595733,2.6062188112364493,2.8238197625011088,2.6640301396109662,3.5812061179814405
925,2.637326307546391,3.5412255651699236,3.575472873488751,3.7475061764205777,2.2501512037242106
926,3.209428069117794,2.833947022358197,2.965613643017002,3.0778806842047266,3.067578791356539
927,3.7207088388349194,2.1355319609188665,2.373833376770822,2.557948394398602,3.7383652650711046
928,2.978444599222902,3.4795049640430253,3.0865442449780973,3.892488743709693,1.9419135944538641
929,3.5194156441330335,2.6737518879895896,2.563996215783681,2.875300614445189,3.1922689657082435
930,3.7327735144190584,3.7251638113979824,3.76605783604339,4.563783853432783,1.9641787213669386
931,3.5646973884186397,1.2890935569915785,2.581695619134047,1.8067401571434791,4.795792460058495
932,2.661479137255689,3.423530929582369,2.951191656530142,2.966553260399009,2.6600197006080712
933,3.8944554082131697,1.7305898219890916,1.5851776651305274,1.771872521771267,4.090363162683038
934,2.9431658910075438,4.04507091445212,4.030162888992842,4.409938855226475,1.8726146583436658
935,3.042304533559872,3.12192296665914,2.806032576993474,2.94440043788973,2.8153006051418834
936,3.038621989082584,3.0702381966806103,3.056573541843214,3.002834856204865,3.04924645801871
937,2.5375366020821395,3.3165872805005976,3.3675459874363356,3.319790828017676,2.7335806541225898
938,2.8554477573878256,2.770884666032434,3.208562072492623,2.871712523525362,3.275912114022855
939,2.995756907308289,2.9948828705330626,2.9370833506004947,3.1083357525043165,2.866009529207848
940,2.9106227361088353,2.724962015856169,2.707688309119152,2.6651781768823977,3.1262694095552543
941,3.2359544807229326,2.428385503547913,3.088522691838309,3.1408322755160842,3.3279650500612243
942,3.001642610049149,3.3523177678883394,2.884215798646767,3.0088756745266267,2.742019075811463
943,2.356686573692188,3.8847182270374643,2.4644914769307795,2.620183234471229,2.3374685839740117
944,2.8932756884662116,3.40269463962537,3.47419155837958,2.97292779904946,3.118931916336471
945,4.072075730184235,2.440597722968227,2.2576439373623147,2.989784495722233,3.187014984245441
946,3.3159549726724142,2.8484594486491273,2.742429795074563,2.8442464717334133,3.150753511725983
947,1.3072066981344184,4.0188756236580545,3.570998432507256,3.288172550957169,1.942065499429569
948,1.7468785452744537,3.31981390196236,3.074397419060109,2.4473376114779515,2.954703053588001
949,2.337403820604652,3.9003084052754495,3.3503628694310277,3.639646462066538,1.8948599362462908
950,3.398395355468989,2.0718373787352773,2.7461951131502826,2.485828046172222,3.8726381260995564
951,2.606742832212244,2.889141887518007,3.216345093119641,2.3662082654166476,3.7473218943070106
952,2.943432229079244,2.428003690578159,3.232585389718017,3.0003403362939087,3.3401418610422446
953,4.634152392436372,1.0486345112265707,1.0,1.0,5.0
954,3.5414708310401193,2.7991930582807094,2.2024813051154486,2.8474184374984874,2.877551391115661
955,4.313714252264992,1.6910200130138455,2.2048291191786413,2.3498933116161584,4.131947325979617
956,2.7005294864838527,1.7468178625762223,2.393957603833952,1.2268312162911523,4.965746641559949
957,3.4594848759727714,3.0433932392290046,4.013996636548296,3.8149468409041956,2.9541690234719837
958,3.6917192298167723,2.5306944063347707,2.8256057179378957,2.7996733618811147,3.489311523763818
959,2.9868092703398728,2.9898886080655167,3.165171176808218,2.9848893618063026,3.130911348787127
960,1.6816014630795952,3.6412644346610707,3.168926097357519,3.467950203243123,1.8675279048371596
961,3.904037309713653,1.899267607587911,1.2392450267141506,1.482133870217063,3.9803896326811623
962,3.8302855283708155,2.766531007139589,2.8772960400186403,3.617929341481071,2.72737316438195
963,3.897775810225429,1.1958769540167786,2.457934425540722,2.163884565996105,4.5021658568311445
964,3.376271262004526,2.9305512148403525,2.5502360969825135,2.7773980680663217,3.066064440221491
965,3.560368238826017,2.7701806589325266,2.6327301738005646,3.0865123354876083,2.927925620337304
966,2.5614175594318453,2.9404426224013305,3.281357580865981,2.813979150853549,3.296872206664946
967,2.4961099373664193,3.589532526409086,3.2974594183789514,3.136229317678146,2.7453210723408485
968,2.947790960507717,3.086336579452081,3.1523632747625263,3.0910493252507534,3.002516769215563
969,3.848435695328286,2.1901335261040087,2.4670130757799447,2.2614217662815714,3.89354877887365
970,2.7752381113206432,2.852901227759516,2.8476672457916847,2.733773803551971,3.094619771125917
971,2.8460749350875036,4.40979738052308,4.561491811303376,4.475441352103103,1.8697687824233327
972,3.0785501736486247,2.8373828935274017,2.7935206959701575,2.7912846063550485,3.179414947891357
973,3.047742882773204,3.0066333805897054,2.325280130903828,2.3026637779659573,3.2018529876511375
974,3.0883476486266206,3.6767531054535705,3.3694660809750547,3.9026642679805468,2.0715581743844753
975,3.1585198710744633,2.8202759575657788,2.9575967737156024,2.7972148277475544,3.220713556734888
976,3.0297346720324088,3.0901379393159925,3.1076933577330594,3.1977888738206506,2.8401258369049294
977,2.6367012790063997,3.4071270099122093,3.450571421150758,3.549309968828206,2.460648528490277
978,3.001249906000768,2.949405561381932,3.1208266429831233,2.9965158494684148,3.261807032556308
979,3.0804642193398983,2.726169079473465,2.4213051740586087,2.6273106032458076,3.1323132919422094
980,3.543485878779234,2.955174836489629,2.531773882632652,2.9136582000845173,3.068621421170581
981,3.6458803785240628,2.1211345435450646,2.133013416693064,2.1593968581897514,3.8816178762840887
982,3.5283431111367185,2.8346200359742943,2.6365489166904617,2.6794855499443453,3.3238403045164415
983,2.38680077780685,3.1652613251282773,2.519841302319409,2.6599558166675976,2.6694838396962224
984,3.021812547822116,3.196090726995996,2.8628158417362704,3.068704285859785,2.812502739560462
985,3.1364587818654552,2.736603247285729,2.5281806537222433,2.5671287858482907,3.315432902868577
986,1.7853344607118231,4.112119398394996,4.252584325284424,3.7004471956574863,2.047886685031945
987,3.0037982428098498,3.9491580272609834,3.5634308758697686,3.925305342990265,2.1624627257396325
988,1.6577519512373522,4.569880243688499,5.0,5.0,1.1976930830681178
989,2.9297211456758183,3.1732617919979758,3.0511980643222567,3.1403054791677527,2.834847773767597
990,2.642199905387273,3.387897286211222,3.019708960475571,3.0043825879530637,2.679475110725302
991,4.514094100197379,2.239684989560636,3.226062629372859,3.5419806606470456,3.4439593088685556
992,3.7695061701768124,2.591062466948247,3.728653359635941,2.9716165085976707,4.042043009646026
993,3.450215179071428,4.384300180721864,3.9260220518193067,4.800178072480871,1.5744511945550583
994,3.623011652301621,2.7936832970266647,2.3320262551021003,2.8506354610683338,2.915574224746364
995,2.8134157239165996,2.891207582342122,3.3957118233232153,3.233891431841487,2.9686445120981646
996,3.365381033858319,1.9835152555284157,2.5894412492451844,2.4117541763612698,3.7494205062461123
997,1.0,3.9959526347817764,2.840016696809039,2.7401311462650932,1.9536704187104945
998,3.000476366275106,2.2952718679786335,1.0,1.0,3.6930154267718365
999,4.449858131345735,1.8307211956949776,1.831355146647595,2.4716596547350953,3.8227064734795517
1000,3.558584466194362,2.301089260684875,2.7110943266360694,2.42342554176164,3.8743112517255116
1001,2.640343059355231,2.385140197169994,2.2827190111216713,1.5877394859089953,4.001399912670825
1002,2.834313918530199,2.631812742780684,2.7910730204742937,2.579532816717518,3.3286093462821134
1003,2.4062462176228183,3.2663907051525998,3.5033744163897067,3.364185502234716,2.592566728210477
1004,1.7594999184087714,3.8607837552701363,2.706120586866992,3.0238942561462223,1.855287415171515
1005,2.5909826669385705,3.5533388530306667,3.5175461544804456,3.7624918879755684,2.2499156349060936
1006,3.1019999700656564,2.5038715719262434,2.8920751962134337,2.596514242791323,3.4779762361873656
1007,3.370189479929892,2.8892364368109518,2.9982556014937614,3.0928823179877063,3.092462593915933
1008,3.694316447578769,2.4506885928378237,2.367383129979562,2.5759529101771523,3.5280333248314406
1009,2.8171166438524287,2.9152212563102338,3.184132342006049,3.002781270410357,3.075380596125285
1010,2.6509371790062515,3.0141880483216923,3.0271853525187127,2.760065906868382,3.0160212291056925
1011,2.662842951062177,2.657064767963611,2.8450013672161307,2.517915123114468,3.3206450766452016
1012,2.7867199685059205,3.211623934206184,3.2018883905253057,3.096618122595618,2.8457202562066994
1013,3.267921182572476,2.804662079631798,3.035402318448524,2.814919007110327,3.3757586563028528
1014,3.1144139570755325,2.6953048249380243,2.760240565055309,2.7044327358346734,3.259643798598901
1015,2.3671154469925124,3.4596317357434647,3.30104736120467,3.2679387185433635,2.487902734343722
1016,3.0127504785161405,2.4759293812917536,2.357561396433856,2.4550755106454565,3.2583837110235714
1017,3.215529257463122,2.174989307607705,1.8253882916625948,1.5970828027183306,3.970079249456613
1018,2.859892884279796,2.785270405851323,2.6371257744974637,2.461598906897552,3.375252571864262
1019,3.4532625402771577,2.8290503959930646,2.726803346708604,2.933133334243681,3.1335810279524337
1020,3.2075253086737447,2.9194137400947686,2.611937884487205,2.7370363418739543,3.1023007763487183
1021,3.328629876394473,2.9480875142628196,2.789725194597642,2.8559043607209853,3.138448241036199
1022,3.3023422551175967,2.2038734360960968,2.374204316890785,2.5214345555386166,3.5682232324669467
1023,2.969134115900029,3.754362697485517,3.782747078994438,3.9715372872257877,2.2638322765387455
1024,3.149490243292132,3.539681717410291,2.762424956989656,3.5213657150398046,2.163234118797643
1025,3.591482002882776,2.375115221954454,3.1907591274166154,3.1880648532407734,3.495292824267173
1026,2.9489955357578523,3.073008912869457,3.300023855550477,3.3280969207695423,2.8689296719835173
1027,3.243553263128804,2.9932897969514505,2.9829875184362775,3.4564068791304523,2.5894101626646475
1028,3.7865328628139125,2.209322059048563,2.563943506153542,2.9363345552648794,3.2858864860597077
1029,3.21491005290366,3.0152582144124898,2.590433473190549,2.9366608521391693,2.8431349815313824
1030,2.843502335426459,3.054259352650244,3.228703146459072,3.2306557037914256,2.892124931966479
1031,3.832310869538889,2.409199763383087,3.1195400112883624,3.0779810444403815,3.5195890613750653
1032,2.336097645913398,3.421282649465115,3.2050854614836792,2.9810945291057305,2.7599849372862097
1033,2.716118145290697,3.201099633883974,3.413683027513336,3.2623693712190005,2.8397551311404454
1034,3.2257052874157157,2.8393409875655626,2.8476865167005863,2.7481096108796774,3.3307050319652913
1035,3.0263908807256,3.1441390709626544,2.8323019694447478,2.9272072221728695,2.8432057134791524
1036,3.2420250328330718,2.634343628428003,2.7639268279189952,3.0191061843672693,3.1047648471011215
1037,3.200131625064377,3.1336451623650357,2.7827186067472254,3.261610994423234,2.5775491444886383
1038,3.199984555596965,2.721728526732094,4.025791195034459,3.9865308311014838,2.983402928054873
1039,3.3679813822992175,2.953776273859697,3.544418805471991,3.3302352033868043,3.193843205349852
1040,3.3633852362909433,2.763745600443997,1.889688595460379,2.9739371602342115,2.728958425452605
1041,3.0518683370092297,2.4054015086111558,2.978075162593684,2.4317403205505066,3.8939826833526423
1042,2.788730158157727,2.9848583514313627,2.883668966953676,3.0233727996253332,2.8087660491984017
1043,2.5758264249554994,4.093531785020393,3.529031575040931,3.9764859043187277,1.77370123555145
1044,2.612862372784761,3.764863962372595,2.6573750153456825,2.7598544872109825,2.527910867154033
1045,2.7827202834483735,3.613322923961178,2.94763604747388,3.183514084840775,2.461898376916866
1046,3.5483293549723114,2.600442556119539,2.6454741442477516,2.602936225252153,3.500547711972969
1047,3.661398570982726,2.862594329260501,3.2158281608003927,3.640361439104006,2.8020942213930784
1048,1.2596912308700368,4.057287576235296,4.161502479713266,3.703560836068908,1.9058813274641977
1049,3.670439523061795,2.7045261440531747,2.5299421656346905,2.89519442758678,3.2429436405304584
1050,3.6271369591170695,2.2685620717577106,2.4803248144039953,2.4825702979108915,3.7452667547323237
1051,3.117376410332039,3.6478610492793946,2.9975790893791774,3.481658694169906,2.3020773746202776
1052,3.4122643816878284,2.5263947887330316,2.6518697540072975,2.6336205816734406,3.489889998326656
1053,2.380835989312102,3.068015874338253,3.0680814338092652,2.827182734377965,3.0639353834792624
1054,2.8658589413860813,2.376702795007461,1.9248023888366592,1.7907498403737405,3.5813068878801815
1055,3.134992588426671,2.914739237557682,2.8145027461498633,2.896747226152578,3.0647875266190012
1056,1.6859175422992971,1.7668449887543558,3.724440765542115,1.1420083388828595,5.0
1057,2.8784877539344027,2.43379730787588,2.5719965973884373,1.7503224296358064,4.037346227804146
1058,2.784042906148518,3.21343259437855,3.3398473224453777,3.25970981377249,2.8091143676640966
1059,2.572847726381326,2.8489164537296943,2.899939236431109,2.7380465483235303,3.1391469228658924
1060,2.3675607168998916,2.7584630907878056,3.9343095735491347,2.426155555625721,4.191144375925788
1061,3.297349665394669,3.3155647448011996,3.594446696793776,4.020691595944891,2.38408129807155
1062,2.6041319057805357,3.0754974129155253,2.6782500214199785,2.492353489024126,2.9841287714325992
1063,1.98168601284342,3.504113807646248,2.5218371413989953,2.260349241648049,2.801030380981858
1064,3.8299543560757683,2.882547602700174,2.719352113587242,3.22976862077096,2.924252781968452
1065,3.2766023054146123,2.6258611642313006,2.990145332799217,2.9693885032652307,3.3976721812942237
1066,1.7873308071828036,3.9890418421421727,4.123544534208905,3.6782803288298878,2.138571851568355
1067,4.390965902761657,1.0,1.0,1.0,5.0
1068,3.4277565241987893,2.4952906923563427,2.563678356747672,2.6129357460881306,3.519014518648195
1069,3.595505070189839,3.415203997897195,3.3075601407431816,3.527405318687877,2.69034111178995
1070,2.693154914442557,3.352116396594997,3.9389331960356366,3.929737121977878,2.4381312397747155
1071,3.8153388909411925,2.1838726345882207,1.5380820987708603,1.5540389554717582,3.998497093058566
1072,2.721384990140197,2.944008436732685,2.8297574142020028,2.8352644342606337,2.857666238965289
1073,2.3829936453720997,3.0385748113828304,2.7902661183844932,2.48260800379824,3.043294087923984
1074,2.2660388879187976,3.342992933428571,3.3514167390579575,3.0524498456044515,2.725146236762148
1075,1.5987687524000567,4.273659894548073,3.855984399575318,3.887939454539488,1.6101603274808045
1076,3.146525156811774,4.306400080318939,3.602531111281216,3.934433693481052,2.0210468197489746
1077,3.2703946507472925,2.904981459646573,3.379161170789321,3.138328208874911,3.326457989879846
1078,2.543947671420245,3.2059426128784643,3.4135841928581483,3.129979575812768,2.8962013326165077
1079,2.8612475245490026,3.3561744760576193,3.2485203869072827,3.3468584721061143,2.7276274734490356
1080,3.087995106178627,3.1671705898276903,2.8587268230468608,3.3168299483305312,2.6503544094217717
1081,2.8701207802469995,2.5083025524699436,2.6875444524417405,2.9164178008920345,3.0424362470770294
1082,3.296296637115368,2.629882848629992,2.1594755228476656,2.4010612955391557,3.267812894591411
1083,1.0,3.9917364031098312,2.7382123966241596,2.491786050346175,1.870083016310449
1084,2.461885529617423,3.425200064634912,4.699150466282419,4.592642054029662,2.324709509524113
1085,2.9358123407075234,2.83741436123516,3.9720274240688913,3.58335789797067,3.0686648012339437
1086,2.98097694683944,3.030727953662857,2.8081312265964553,2.8473724961126616,2.982229343608721
1087,2.6765276617456464,2.804650911664177,3.072659011644729,3.0755325187945837,2.912318848291444
1088,2.7127007213115566,2.3931487500554613,2.882626904522451,2.3258905804972656,3.7051392523918754
1089,2.5495118663101897,3.2422779225901213,3.292129398067082,3.132674676262689,2.784974604596407
1090,2.995083340853192,4.852497237889259,3.5045141989340185,4.111938085457163,1.5210422747976236
1091,3.309213474553733,2.756780358544198,2.6291340044165317,2.5673984419451736,3.3463111886707577
1092,2.8686489703656455,3.2653120751936155,3.1155698233028795,3.0069288573387656,2.962354533672113
1093,2.5025598546830357,3.389475080785451,3.7010199486571045,3.49225240316935,2.6884319917732706
1094,3.304159599528806,2.540895289361788,2.509705910636372,2.5676605364271756,3.4370340633710263
1095,3.0169173940326206,2.9454901641428393,2.464537978273078,2.5880964091035583,3.1287122147422344
1096,3.439885951171833,2.7587804554383677,2.9052346602712915,3.205874748101041,3.0296940835868056
1097,2.909641062540354,2.5794718339435203,3.737415322480577,2.999405220715454,3.684829396942701
1098,4.080175785665274,2.621226615190453,3.393628551484734,3.7953364205870366,3.1394714918852733
1099,2.117164934144814,4.291338517741037,3.7948330447202743,4.148476275003677,1.6476441840881557
1100,2.616112985170492,3.1043835510688664,2.992229256475607,2.5042571815373105,3.405308883400723
1101,2.9139817742469334,3.363785542540546,2.9712373659263522,2.994173147311206,2.863353821915661
1102,2.9420318191951242,2.316623479143152,2.6268772797056874,2.203549742134819,3.9155215737603286
1103,3.8084644875169937,2.1902624781266664,2.983877014797958,2.859859567307208,3.694769095930379
1104,4.360943949744323,1.2475487744551128,1.2066300306470397,1.6704177497406953,4.1975879997795325
1105,4.91228712632567,1.8400745447405455,1.4454867478237927,2.006800361711869,4.168670196205688
1106,3.1087470228634135,3.023754070201317,3.125979237653311,3.2198689584750095,2.956231738794182
1107,1.9328257684417047,4.078775213977354,4.125098423706248,3.6312237554162907,2.432160332208306
1108,2.971886519442549,3.0053136722139513,3.002535212815924,2.9954544608487286,3.0719014525252115
1109,3.180367511877937,3.357029114041602,3.259595192972574,3.3732226587821827,2.758574232963621
1110,3.456386575707939,3.5011682325388085,2.5700881755599907,3.140079091396563,2.4063173404948945
1111,2.996434585665944,2.6447319996482213,2.817260969365861,2.687416515045979,3.3412298656432844
1112,3.2209073966099155,2.6832452115539485,2.8393363084129937,2.571466404621634,3.55156357400109
1113,3.399783590337608,2.295642003858448,2.7897627639972784,2.612229339135996,3.685860842586525
1114,4.44145298588869,2.666379349536341,3.177362310503793,3.984347311490955,2.890187319883401
1115,2.909716254314038,3.372982169925829,3.108947296587973,3.281874825598151,2.619814309962467
1116,2.5766058560693024,3.04132614327001,2.919933598607176,2.770523414818152,3.0687910498368884
1117,2.762399192188131,3.103675516634278,3.24932960629149,3.325321405700176,2.7312143907134963
1118,3.691975345924488,3.4347421316931923,2.633341296592875,3.673511084726074,2.2255848634135393
1119,2.383379230467162,3.9207570558164653,4.430590625360954,4.227228009672652,2.0957284488216716
1120,3.3880762090480885,2.756174095861262,2.83188747540874,3.0639530459767963,3.092786375765544
1121,3.0635531387665975,2.9806817523837266,3.1522536702841433,3.153659956267189,2.972135055129439
1122,4.22346109783835,2.3151409577175928,1.403310169929474,2.079990968090419,3.617507129292298
1123,3.0516690697184155,2.741469914648618,2.640254304308893,2.7703212864710545,3.154795395640477
1124,3.1893312540402112,2.7182647241792925,2.9126224419480375,2.9157548200929337,3.258658439596812
1125,5.0,2.012679617902367,1.9505548165014353,2.654274339645752,3.8373929689208457
1126,2.809547820661939,3.08793007049137,2.5272281611839817,2.851393629424233,2.7838523982424697
1127,2.659841136788158,2.726515814636052,2.8651206961373803,2.4812705506716757,3.340790561873296
1128,3.4550415321438246,2.5810071996550303,2.7950599419464757,2.7878745762382304,3.3618053699203014
1129,2.182540534264686,3.514135917514129,3.4749129069381057,3.3917315244727977,2.3761850608204846
1130,3.0034848900546924,2.682190970410816,2.3290742399516926,2.539345413743831,3.174955468879123
1131,2.84155685628048,3.1056161887397686,2.5954103161437696,2.5510999974407036,3.1120306107189437
1132,3.5329508830387666,2.433199144177475,2.444806736082171,2.3075318595431864,3.7288096222309055
1133,3.6349860394001916,2.0795582864304807,2.8281768115545027,2.7876626481041367,3.632065488763755
1134,2.6607913394877505,2.857683263201486,2.8567299033674267,3.083299460979649,2.7351039260171808
1135,2.8360353743261753,2.6679785885834106,2.6369105451476114,2.354491507168875,3.3603898906994996
1136,3.2623930569906614,3.355102485321647,2.6054939040276905,2.8182975004351,3.0368534070178206
1137,2.642096512515064,2.4861641089985644,3.0162263974611667,2.6591519245398882,3.45484470041362
1138,3.057740358409074,2.4178569912714463,2.6917023477991733,2.5052441802811622,3.5357422451843585
1139,3.401370856425685,3.3012251836395263,2.841132654646923,3.1318561053992413,2.789438834048736
1140,3.820727623088895,2.505169992924059,2.295241028761749,2.39825842770665,3.8486817908343838
1141,3.380132712550188,3.056997116632614,2.58384145144549,2.451156087234043,3.3589504218382
1142,3.7263575773485433,2.501891492508134,2.677765432854663,2.746859159271101,3.5280086671668878
1143,3.0307951429216806,2.5811453796272064,2.9680421759835496,2.5683005487956603,3.5200495572517756
1144,3.961869346965632,2.625283619288835,2.686738564319339,2.913888795024818,3.4609971943751963
1145,3.9468062051850934,2.701497774861091,2.9902131490270527,3.242833937339896,3.1609451801456294
1146,3.068499531341802,1.6842005300728198,2.232318550557422,1.29071350693845,4.802675713544079
1147,3.367218630399687,2.965490467684853,2.612411444347336,2.8976335074756108,3.0046845158656144
1148,3.3064233171185298,2.2046587156228568,2.18927990374955,2.363937944921995,3.537089497597817
1149,2.6349678897945576,3.460323612392378,3.6283644966138477,3.4718668479014525,2.575648312849588
1150,2.355214484551679,3.5158721491857374,2.8140184276048865,2.939624595916031,2.4783752426879624
1151,4.095778090439749,1.8388469655522277,2.7081733214338666,2.829402400926516,3.7097244847908786
1152,3.3659969039305184,2.5798638692123976,2.6309007096650268,2.6562913896038785,3.3796531060985133
1153,2.8124622396030383,2.993828246006635,3.1225380492719683,3.069356960297661,2.974093506175509
1154,1.6449792982671914,2.9748898685387974,5.0,5.0,2.1102454302948717
1155,3.3939380516764026,2.588859395920732,2.2665737281874287,2.0764639556403943,3.628909843194574
1156,2.4869781414219645,4.028324973444224,4.142547675533104,4.230531748795787,2.052625497176458
1157,2.0809833139101683,3.9601175212265645,3.451519712251598,3.1317266137365163,2.3265566561683806
1158,2.7987042728221625,3.169634087267405,3.0243339239416884,2.9496678146750255,2.9274744485029722
1159,3.1096771884805627,2.8130695638045147,2.6552431271012558,2.62980094471125,3.1902546173521773
1160,3.97303531384327,3.1359511346407665,3.3782851397243254,3.7921389156164302,2.872007011711503
1161,3.9128993412823867,2.149338636901155,3.648050180589827,2.9471205603289317,4.12115012856546
1162,2.689276402022577,2.996891810685886,2.3533904450046363,2.393126918014256,2.968196177448493
1163,3.5240333593182145,2.7334007337139385,2.702250378033915,2.6890520952396115,3.36302035477687
1164,2.506676436644377,2.4616283707679516,5.0,3.241800559570501,4.16027537123649
1165,2.231059988815044,3.772963834772238,3.932106462601868,3.673387042217638,2.309727176781544
1166,3.1398168989380815,2.6670622378981856,2.319192722221737,2.5487179204769523,3.145332322221497
1167,2.9515588028051574,2.6862513103295313,3.176423553558297,2.5939244758515754,3.6366170175759356
1168,3.2733647022057255,2.943308132602611,2.8533842332236925,3.0166220371609995,2.922880962475418
1169,2.957844610374661,3.389614218172662,3.9116001559771574,3.6025892979170155,2.8722193205987816
1170,3.534372695435258,2.4340340300881373,2.2616129401020952,1.9183490593865702,3.977233847459221
1171,3.9871184106294626,1.61690474473105,1.8054304812721773,1.7530367381378538,4.302619718679946
1172,2.4554155263949697,3.545406260842103,4.25741167157542,3.5614033394954845,2.8676380754810262
1173,2.9093445598346728,3.054922223928807,2.7303906405158345,2.8067112742581215,2.923768742491563
1174,2.3848306193284476,3.5470716400914206,3.095517404103699,3.1391496050721797,2.4099410591431516
1175,1.0,4.370607218373393,3.7108506263487935,3.7131526836794846,1.3424386188309223
1176,2.214449141796923,4.418920415911698,3.371181614249448,3.52685464125053,1.701539162312439
1177,4.127972831712849,2.014910932243237,2.0360641976037854,2.248352527200871,3.9381520396039438
1178,2.2531444404369303,4.015906806839044,3.1565334669079372,3.4857827173625022,1.909579011787667
1179,3.684721805557361,2.254189927165273,2.738499389219251,2.6384869981680548,3.7822937962451224
1180,3.2687593518558025,3.1239708740023975,3.192696622110598,3.3090656774667218,2.9149704997691375
1181,3.326220285786026,2.8804406391879436,2.8094426755867454,2.9099287993358764,3.1748608435636427
1182,2.5851670298040053,3.6024006494587786,3.4581297727010982,3.5101130933714044,2.43062674364732
1183,3.5064196832859853,2.545816839221024,3.41505265253541,3.2359508097495877,3.433708667644014
1184,3.551972696897757,3.0473799954608105,2.989942357921494,3.071384369770231,3.153373109021202
1185,1.9087054111788584,3.6155259124011403,3.7426819064296377,3.5077397531110397,2.408488345837011
1186,2.189300112336427,3.4992492698158,3.1526482895966423,2.891021624334028,2.664499210846392
1187,3.6700129496520817,2.549223375223393,2.058354878888211,2.3461272416128636,3.4191181095582373
1188,3.3888691744071844,3.329802027372608,2.6958698039281765,3.4210305648810295,2.424688343705968
1189,1.674055903256816,4.194286260689391,4.697772662230511,4.164288954202906,2.0004547792292833
1190,3.082904704794428,2.479363593476431,2.4134047476110116,2.3407136779761357,3.4372672178535706
1191,2.664504725662403,3.496788808741783,4.112225896074314,3.915054665500874,2.47545585370822
1192,2.493783791541548,3.2084050143616483,3.8654969802530603,3.4697363565384602,2.9441741691298056
1193,2.456041196779274,3.5915060787003505,3.638693128889668,3.360255710100591,2.6947346330445434
1194,2.2442264269932792,4.241235569536928,3.653387312879138,3.8686119299962813,1.6675417298878221
1195,2.47481432583794,5.0,4.477209324918745,5.0,1.0
1196,3.810589061967049,2.6748824423783097,3.193519028320315,2.911007808611022,3.6712236514404926
1197,3.0205865087278743,3.280131132620518,3.079315154909122,3.2803731573961024,2.7630045364915268
1198,2.4331261966131295,3.6995222783537725,4.385693612010065,3.6580087534251513,2.8196808378841056
1199,3.126462836731097,3.2891254357346558,3.079197353835582,3.4771065788507136,2.5696437126847163
1200,4.196913311759904,2.353611923972762,2.0103833924332672,2.602199149829275,3.427061423910573
1201,2.8385233609855773,3.295539671696333,3.4436237867454427,3.5052859424607017,2.4996439280798524
1202,3.603052786529225,3.112692474390221,2.5243784078724074,2.893735606333438,2.923818302722462
1203,3.027784196319373,3.118718518653035,3.032431395972642,3.0860064279385693,2.9295256476280023
1204,3.2609563335555407,3.050945303323822,3.028766850460053,2.810410603220828,3.298720908542547
1205,3.6394537476079325,3.2233762519861293,2.4948577317598137,2.9475355678114754,3.0760116989184447
1206,2.6883783556273957,3.6572554224877782,2.946358806794405,3.1636539107888675,2.4189242080719366
1207,2.0042266552157715,3.727191883691919,3.8623588381371867,3.3313874567624753,2.492734718094761
1208,3.264120103244636,2.9260521431298,3.337477119877375,3.3059873569420932,3.028259262732907
1209,2.3180059118391747,3.373182612451323,3.642692330470513,3.4911711164461225,2.5433138254794154
1210,2.3931614808836983,3.2600980998351674,3.21461358522569,2.8618049238945455,2.9579256116505284
1211,3.4716394534068153,2.574355372060307,2.361581525277826,2.363633507590742,3.429453733127637
1212,2.9010574059459286,3.074165930477846,2.8435208136548873,3.2146198281855423,2.6247983678847078
1213,2.3527290317566143,3.2657191042691083,3.549793456139841,3.345947164582574,2.6788469877925785
1214,2.556638569848374,3.5514457263816914,3.546328093960987,3.7776040840628355,2.224386201939522
1215,3.0873180420084134,2.5887644160349215,3.009718431542886,2.8609950478392765,3.372163769700166
1216,2.8156107386282203,3.5671575564418045,3.4061162121342954,3.5961567009610294,2.6107239644043547
1217,2.717754544944684,3.178128740172712,2.999089759825496,2.932577246235616,2.925665957056585
1218,2.681194371042595,2.9854348756325737,2.966151261433809,2.896339609184042,2.987277004731274
1219,2.9636770262802536,2.0980447369223976,1.466414467295448,1.5545588669567545,3.660525338006418
1220,2.7468938811755885,3.0653748499150404,3.2063869623709733,2.891601376200349,3.1329775188128037
1221,2.856905241525407,2.9433470949021836,3.5229613911263797,3.2674180986344576,3.0730226142594605
1222,1.1430804113334614,4.569019088187938,5.0,5.0,1.0
1223,3.0154309421892935,3.628386116340514,2.728812203555117,3.0577052267897855,2.449392625064493
1224,3.755593662950904,2.392449771531941,2.4857451188804207,2.6857195815069317,3.480140705640228
1225,3.51623652276405,1.7420791525686448,2.323630810614827,2.0724580672397885,4.240882224343885
1226,3.1811556721469016,2.240114181698647,2.042475362803413,2.1707629862488744,3.4418457200724726
1227,3.1328441522802586,2.635331348557968,2.85829686702084,3.060396874038246,3.018979267753339
1228,2.9739303161168733,2.9123315929846916,2.836363981313378,2.8551081969915266,3.0734560582568644
1229,2.8016716242839506,2.5767685004895227,3.1998144766232732,2.374370122416142,3.89833533201552
1230,2.9366470610037245,3.0655734932529795,2.872271883409698,2.8590519034590898,2.9611779954431077
1231,2.6911777744752863,3.4803643530807817,3.7086776911047563,3.5488605185346502,2.5937713612050026
1232,2.3204094355727274,3.3104986802260177,3.733974068383994,3.3989040337942544,2.521413743169631
1233,2.688248727234492,2.7914164952176486,2.621497119441439,2.473212630549374,3.1502270218075723
1234,2.9722105160580155,3.5840331898678217,3.2842086208443195,3.275666315487657,2.654966381922919
1235,3.823960131041561,3.03141898369158,2.1268915343969965,3.062367215507983,2.653774952489131
1236,3.486662602775646,3.5581573706462013,2.4580820368001004,2.9909972004054244,2.6972924426220706
1237,3.5286381862848937,2.061267825531008,2.3110875978879664,2.3364930103147703,3.7017020024245197
1238,3.577825833651293,2.4106368094031367,2.454359895573187,2.67769461280696,3.2897923156239215
1239,2.324250295272768,3.4627175261406076,4.032798664822478,3.8310273565129527,2.466294810623112
1240,3.2134263621764454,3.4419556664201587,3.0327751424844656,3.6913924531013054,2.2308908617984478
1241,2.027032592475877,3.8884672849973168,3.4777451201310203,3.4871738000594728,2.0629565474850784
1242,4.074213249839451,3.1157227731646637,3.294639773079149,3.9602381923134264,2.676370324540201
1243,3.395650522267438,2.3549491876648037,2.3421677763927655,2.4320618655703603,3.5024091837490534
1244,3.89179687211933,2.439710771710832,2.4324725680630475,2.6515699229877123,3.5572076351620594
1245,3.5887992269804294,2.4404812593172993,2.430511697996222,2.4794163756653633,3.5929680226550365
1246,3.306608243521936,3.08067095307943,3.0225710942789483,2.9408716892616895,3.1943943098365217
1247,3.825943396970814,2.556704044086584,2.4476530564812764,2.7118583631522197,3.3542116576040617
1248,2.9794932949938002,3.086105210859957,3.0060403341571025,2.993377842548173,2.9635237669532977
1249,3.2189621995926636,3.0244101694802916,3.3510428196796878,3.3471269265203714,3.0085530736871284
1250,2.9188125702993983,3.030641456663772,2.844947139786619,2.681161736048114,3.2586356307586493
1251,2.5107898795950305,3.332186964231667,2.9167113421747253,2.799233140110648,2.767875857195304
1252,2.799140963607385,2.865087729503353,2.9287856814992317,2.7812030652495237,3.1656511422827296
1253,3.1531641033961386,2.8368554642674617,3.157408364513032,3.742782721846406,2.535923315784379
1254,3.0271498893086757,2.611681071265517,2.5272043396514032,2.4084030160888643,3.447463062159044
1255,3.165301639178117,3.594919550436278,3.394351535384624,3.4601808801891143,2.6994001250233484
1256,2.9108230164755264,3.3853907917087502,3.5356823530597854,3.5335784669429766,2.698042042059695
1257,3.42047160267342,2.49616427276179,3.258959340043523,2.884301185569676,3.754453465687244
1258,3.199994338507233,2.7810202701432774,3.0439685854808216,3.013961472963199,3.181811492384041
1259,2.229316259238292,3.8631480798597235,3.7563803649479874,4.358577889605952,1.6256093501398325
1260,3.0710223529179643,2.9338535324572774,2.889434519214854,3.083038508117316,2.9171977636158024
1261,2.835895115261205,3.9580709331919905,3.4038702073180174,4.190882377755667,1.7300563764701091
1262,2.73680929430817,3.237156760530891,3.2877519605119114,3.254154474869559,2.7560088775100704
1263,2.19124794165712,3.670034777581031,3.6567511428261366,3.2628639015953373,2.524841816341447
1264,2.7839210075465375,3.490036366548607,2.8082787069995314,2.940386189766638,2.5581427072468577
1265,4.145506457673974,1.9077403986484052,2.105321176566915,1.9695668008100844,4.192033524744814
1266,3.1045836110374587,1.8696756081897135,1.8917341060343553,2.0757153963522073,3.6544031682622404
1267,2.3996003775938886,3.3140747962687356,3.4865353564242936,3.3415413998675976,2.7085494628442026
1268,1.0,4.3336827095463075,2.8927147329544707,2.211774694042035,2.0855045402293233
1269,1.3862690897777827,5.0,4.386819493515402,4.5900212143578365,1.0
1270,3.9121242844542516,2.815994211232166,2.6254114397681274,3.206046945523207,2.9662558783580217
1271,3.0043928099672708,2.560580562769505,1.9905022293080719,2.332315967893983,3.25910763299513
1272,1.553724257223908,4.763342742927559,4.071743675055112,3.9871673161701713,1.6897051647785835
1273,3.653866475420629,2.6988993244813635,3.134862910885279,3.3666392774150506,3.2257786036515266
1274,2.2677933391159284,5.0,4.80017330456946,5.0,1.0
1275,4.347713431824702,3.1620430117374214,2.5756445567895834,2.937891332849046,3.2206565208229554
1276,2.9594292359646412,3.1952721800569845,2.7355463203212556,2.8021892031414737,2.9425310057080587
1277,3.3863447486881806,2.874824382808837,2.9210906038503675,2.988671989944734,3.047212693932539
1278,3.838037563763273,2.5112172344667947,2.958173610677903,2.8546168438943003,3.614767619257959
1279,2.0048692813211053,4.369611388590194,3.717708509492734,4.293865404236761,1.323107613813548
1280,1.8178641400043434,2.7140337947783326,2.4240061903418595,2.12738107255715,3.002323416836482
1281,1.1655545379013283,4.257015391784623,4.891659829023056,4.6529855859281195,1.509091917701876
1282,4.2538627643539195,3.4908857967010314,3.0110029277174504,3.9439001147050137,2.459618527335342
1283,3.3336958878156056,2.3956510859413305,2.45734794444974,2.277479654176498,3.751643582133381
1284,4.229756094310657,1.1136153631217394,1.344606883317616,1.1897087797377741,4.801761872554792
1285,3.692888528373882,2.089551057526875,2.125070875917314,2.1238831457762517,3.977630268451592
1286,3.4884711715590635,2.948446131167084,2.6835294631356135,3.0117082873898293,2.9541259699095197
1287,2.697706076691067,3.838105292206469,3.836543994716703,3.8332224864664637,2.3225711973836574
1288,2.4074998130825302,2.588228446328895,3.0703151311678236,2.2885770613927643,3.8527832430447426
1289,3.526796556161642,2.514718029699461,3.1693740026054473,2.7413491797103484,3.809670512797507
1290,1.684759543258575,3.6535526295451013,3.105942531054831,2.937797510573653,2.3525774202445744
1291,3.345528595052168,2.488128068964075,2.5827839974531486,2.310169262895788,3.7895991800499162
1292,2.5943391343930866,3.121890203761761,2.9850955729912707,3.0185656820399642,2.8463651026152306
1293,3.25111557502507,2.753002430518719,2.139185990345622,2.5502356558278456,3.0025840063913227
1294,3.2130774254086494,2.8356932685045395,2.669606999002142,2.8274729422879665,3.129210686296109
1295,2.4681118708922787,3.0702763754120688,3.7752996740770963,3.4976280856331714,2.7836166096077157
1296,3.400118990117845,2.5038919887439635,2.7341463278204743,2.788110141498872,3.3621138376750883
1297,2.1316858079482075,3.561629116559941,3.5719007784817274,3.3266947922159598,2.535257699293952
1298,3.1592006026639616,3.8322110771404176,3.787239432230275,3.7388664503389695,2.478334648859895
1299,2.136548785697118,3.908410707247875,3.778373508500712,3.9256289520007535,2.069037920082403
1300,3.541961829818725,2.079579807946533,3.9214202072005353,3.396645200036855,3.9355470909833192
1301,3.1317220580415484,2.92792848323228,2.8006193745977965,3.0939741812363684,2.876535554698761
1302,2.390907161625432,4.166554448246863,3.933237409444656,3.8765417200970282,1.922330985440877
1303,3.098952860279484,3.0360295092324803,2.9807423104621606,2.9478156415261347,3.0816146554214376
1304,2.416130593501304,3.032938821080026,3.1294257366433613,2.7714511830211723,3.154539139345412
1305,2.963518748812286,3.249228096780538,2.9238568965590077,3.519830503485649,2.3832611655249223
1306,1.8329504912820387,3.4470766607187593,2.645679934664445,2.386761013745923,2.7614973948441732
1307,3.9829231647631818,2.8325618683297495,3.1416429592002704,3.5658910372221477,3.092953692881979
1308,4.598274967635599,1.7066730753381953,1.3644200004751847,1.8682307401896532,4.118873959943301
1309,3.4397398279093285,2.7151462982209345,2.7320711962274715,2.906148105762903,3.161661100973944
1310,2.8560922712449566,1.9375407491505243,2.28435826617533,1.5426764021914967,4.239342195769838
1311,3.645289997145528,3.0017622531378505,3.7487927314350387,3.559260114160729,3.1491398052254835
1312,2.9382277308266262,2.8497309609235644,3.2787645593833923,3.0213337011185075,3.129099190718887
1313,2.7650476355796685,2.9026168447526723,2.763701297595569,2.6425525187569203,3.1934109720597244
1314,2.883061117156745,3.2177468916166756,3.2229593623691435,3.2465380526842615,2.788700118917384
1315,3.6563686614384032,1.8018414028466851,2.5192202938078805,2.3095271256839034,4.099651419603337
1316,3.115790093924609,3.4328605612095355,2.8609564437753634,3.207867736791176,2.6160524085024868
1317,3.4078515081191925,3.155776250064571,2.7267347917574316,3.135874947723146,2.788364477881913
1318,2.8418148119055138,2.2304397648616563,2.4681988739459544,1.9671947812954667,3.890460857267011
1319,2.435496696336754,3.918413872757849,4.155634999716421,4.023710438355029,2.1698811207251696
1320,1.9967877780237442,3.378628942677726,4.093580554802178,3.7821133022730637,2.4885620267151802
1321,3.321528485051017,2.58461895616341,2.910385283124825,2.7556646621575682,3.4589042550379214
1322,3.0018729031326252,2.998051049164664,3.0108345262125753,2.9457546621431576,3.0908833941155858
1323,3.2459560098577676,2.554692818778042,3.097564727171834,2.826125529322237,3.5291432045049955
1324,3.735068324811974,1.2431144605559628,1.554843881618285,1.2488989942181925,4.65408331873493
1325,3.614965394726931,3.3825343298871426,2.963726771975657,3.808866201286937,2.36861131087515
1326,3.415811263291386,3.008958049324843,3.193953227642295,3.462468031323932,2.7697011587991702
1327,2.9186522750884487,3.293075648694902,4.069496738383837,4.52851635783493,2.1783857671195648
1328,3.3205795406250527,2.727195102824691,2.819915412552081,2.5313812762660994,3.5842222172988056
1329,1.8049174624126303,4.7523993249270955,4.542409870932149,5.0,1.1144414789753947
1330,2.986380173477362,2.8650475670621067,2.7535508165694482,2.95724368191739,2.9094083422892103
1331,2.5600752614379227,3.906323526508094,3.3907654753661123,3.3684809700515164,2.5559333551023555
1332,3.7371424770983537,2.7772011304623403,2.572255699000604,2.727640811379846,3.241776141114589
1333,2.9329840162039993,2.9539858366833296,2.6458964584424183,2.7321562512315527,3.0001531083602977
1334,3.5888806368950217,2.135408333852646,1.8602582856952055,2.0547325668621115,3.7856385088909703
1335,2.5798427680077043,3.6562309024621005,2.9638044093795597,3.2960185248797806,2.326050056510458
1336,2.417439422540074,3.249921928775195,3.500633140378918,3.271873787464113,2.8588976532813755
1337,1.6594005644039986,4.235991659466688,4.752835859948983,4.680490367389214,1.6434622590208292
1338,2.722888253564836,3.2553466753332176,2.95781605671651,3.236471363411619,2.513177159729494
1339,3.0199865065683413,2.7162014658536213,2.8484508144740937,2.6598227342674727,3.4165309961654593
1340,2.838456981962014,3.1425945364213637,3.030784589083405,3.0354416737840917,2.881680974872731
1341,3.1370065468411497,3.2180844403169324,3.2194631972997647,3.354274066485712,2.8256014183553706
1342,4.802663241676057,2.562969967668497,2.305864565228699,3.1885662887554833,3.2974684702581474
1343,3.5727562285068037,2.3229280771813507,2.4431284230580186,1.970952983174431,3.9670704951051183
1344,2.418574946759155,3.8477239015003164,3.9487046413575237,3.9454030495922954,2.1198316985570442
1345,3.4601123047578124,2.60807515828129,2.818559360780643,3.0576380957711002,3.2419097533065218
1346,2.4487360689089783,3.796888048268253,3.7336834457752635,3.9834200383290534,1.9302588572045756
1347,2.7290975991999833,3.60736835841641,2.9633119169228386,3.222550973101192,2.3489135803670935
1348,2.416638959935009,3.2547630410829895,3.2603407771046684,3.505972157811139,2.6774841208868376
1349,2.5426588008710023,3.435359962312275,3.464278385615297,3.4631517553495064,2.5451204952817723
1350,3.2606665862760105,2.88674364628494,3.1600806931409,3.022035608665373,3.260105480575255
1351,3.658690236266481,3.116734577766653,2.7731791867549838,2.918588297751726,3.0576998289734623
1352,2.963707137855339,3.078170309892937,3.073705272975111,3.0726785038405233,2.8616918179078534
1353,2.866224336329828,3.6629474866770133,3.0805855880738617,3.5311452077012406,2.1415017195735975
1354,3.4442323527777035,2.6501174357232267,2.80642742511671,2.913009097340953,3.2726686380830827
1355,1.9186798615378133,4.6803997044296,4.651344755157942,4.9521870945152795,1.224594382112233
1356,2.9184846053518245,3.0701969932500384,3.459970324256866,3.1471920586556483,3.133723809563518
1357,3.639079541651097,1.6734214728833168,2.7599531879822434,1.985272817833047,4.63050858677938
1358,3.1209241149697267,2.9092519994291166,3.00232635845411,3.082825162598634,3.015678054441712
1359,2.4222894406041386,2.9772067012912466,2.957184593059466,2.6621121677469604,3.08189508815368
1360,2.561664694002328,3.301265451593603,3.3091859123278655,3.3181376980176207,2.572011757623219
1361,2.0008352906494133,5.0,4.289518807114087,4.7532317468530385,1.0
1362,2.798016786037472,3.631371897143337,3.310247727812527,3.3469562884687476,2.504956023389063
1363,2.547773535045939,3.792775466312206,2.9904691068404743,3.2449227789898853,2.313703043444339
1364,3.781241413740916,2.5058009086968482,2.4776282354139765,2.5261929669462373,3.592718294707173
1365,3.007700234588498,2.6130307424177706,2.5246166110308144,2.4112200992152943,3.413256729788289
1366,2.8703448827940647,2.9406580848933466,3.0095357191044023,3.121126405928564,2.8695518080696614
1367,2.734028144539468,3.3841172326532334,3.273290922444406,3.6069188644341725,2.298217301444827
1368,2.6754548279439203,3.1278548426498842,3.5118614392649263,3.3200303979410943,2.939220527014671
1369,2.6287930359073584,3.2617014285604595,2.9646617398260995,2.7597270850231124,3.0008634748456102
1370,2.072062077227593,4.253396425400918,4.299288907520493,3.9550218345398243,2.045478951516528
1371,3.80187524050836,1.9636437892226266,3.9371801215628848,3.623669737480383,3.824723288535082
1372,3.208116833467131,3.2729236655252354,2.2775394062445127,2.5600756816805514,3.029053170933301
1373,3.111891662673418,2.915478298587406,3.381160765476109,3.336512148707692,2.9615902743002365
1374,3.9017398985684526,3.3259688017055233,3.2989477480827754,4.104680422571944,2.2834284886620777
1375,2.9279392897190806,2.8786141943349812,3.0551616902104977,3.1189403363185897,2.874382925669868
1376,3.2069785111204507,3.336743321291651,3.154935924596224,3.2478414274786154,2.8230573907982834
1377,1.5404887485851613,3.5471584376115626,2.6832887042147404,2.419074270201868,2.515318160091053
1378,2.882204265136479,3.4941426952074965,3.2795858825851543,3.3504365071330495,2.634440523362886
1379,2.7580854552279863,2.9171485936159653,5.0,4.92555270751061,2.403476869552665
1380,2.2096916039403087,4.8720689329988485,4.593066343897091,5.0,1.0
1381,2.322319845288112,2.874115236092737,2.6833170656474,2.4428993559571333,3.1359024564062388
1382,1.8171810319644905,3.8096444942648384,3.8350425701851685,3.146624862355472,2.5468295971506003
1383,1.0,4.942649117253269,3.7043204129852354,3.229351891095553,1.2134522418965819
1384,4.3039554473207104,2.788712010637741,2.5769842372950134,2.861795665097492,3.484153859677364
1385,3.1691723190418544,3.9971701109230766,3.460739536497284,3.5605871535074876,2.3939083866805473
1386,4.10736465947887,2.4925910446220554,3.3530146074075886,3.709008123917415,3.1502899314986026
1387,1.9657081273850738,3.257654449868225,3.4709362371652177,2.766585183468296,3.0272063142376604
1388,3.21133085862538,2.258236631909683,1.4497089408021406,1.5999155404203704,3.517255813180975
1389,3.1260183339980134,3.7005641963353515,3.361093195696451,3.7494615392367305,2.2304778376682908
1390,4.0241494258444215,1.5154462275510314,1.092079777144048,1.12951211552145,4.418514460166248
1391,2.2074400913958003,2.6914967261528995,1.6428611237389146,1.5394899404330054,3.129847545770504
1392,3.66011507011164,1.8810101800534902,1.9369854217961482,1.8896279377783716,3.9551745105120086
1393,2.231419961257489,3.124555962923951,2.532096353102624,2.0754642635644327,3.1072105689725547
1394,4.082763363364797,2.116605001731309,2.7442148984063603,2.981993670145061,3.7079750943441714
1395,2.473015528380522,3.0336560620603032,3.028934238550215,2.51163359495703,3.316850405501433
1396,2.63656186406222,3.0034711369667817,3.2940358728595642,3.245965975902964,2.743866700866414
1397,3.295041205973985,2.7238648938033956,2.728722356929371,2.389580886022849,3.544702071313768
1398,2.1012439297004697,3.385477934880829,3.1943660867998265,3.0860321423750263,2.6186671675951843
1399,3.141064999065279,2.8628052447533188,3.4685587154708104,3.841559124318911,2.6317308464831264
1400,3.5784545322973123,2.23399091114348,2.592675270372808,2.240980603365954,4.02177743052612
1401,3.080531320343665,3.1216968743465405,3.083976432006694,3.246169684522891,2.7837857717132817
1402,3.121378587557101,3.4390700459286876,3.0729661449122103,3.6481598833600755,2.2302366343298585
1403,3.5426115526917563,2.2408148662959846,1.9798289367278965,1.952613391458461,3.8878929275255403
1404,3.275216635968436,3.0205785868119213,2.9014629787513964,3.043786749386842,2.980621761093667
1405,2.826102725620067,3.7805321886731837,3.4609361060121313,3.8925393108045636,1.9857608712505215
1406,3.0937244259573142,3.0405023171951204,3.089157088258238,3.064398363244006,3.043700455222637
1407,2.0415229305175493,3.4624941156217,3.0045898961296778,2.8173716614696063,2.5736435880973216
1408,2.0923061957274247,3.0985079081178033,2.7779051564593185,2.606047514381585,2.8425548629035498
1409,2.4298124903456424,3.7537176888357653,3.643586423590922,3.915506667463533,2.087710386390433
1410,2.2176977209617355,4.084137465180023,4.19566712266664,3.850716741194621,2.2857835204427532
1411,1.0,4.459783062758611,2.5717215021513544,2.308108377437447,1.5621717644775046
1412,2.789966657625715,3.2303753776806112,2.9862888414499547,2.9323132694540783,2.8601602903831034
1413,3.5564140199867067,2.725258226869396,2.7985007627236325,2.662388862020389,3.449462224758786
1414,3.0676444924965316,3.4972313375439357,3.278723595716876,3.5323784599019774,2.433853395029961
1415,2.720559197451661,3.2013916224585515,3.0521743375317354,3.3529649426423136,2.49628224893076
1416,3.2569338003636656,2.5046455779291135,2.968119258421177,2.6904221451978185,3.5806226644490526
1417,4.083461390452538,1.7761331538775897,2.1025636213958907,1.8266141798903868,4.605714102602371
1418,3.2673606869203224,2.4111622613244825,2.4970757817664824,2.7948062499862543,3.1966648520265872
1419,1.9446000190812474,3.8243581040561394,3.7224711919659788,3.593784585462548,2.171267961921962
1420,1.985531097483146,3.963288079661159,3.5868843597497997,3.757069285172534,1.9195055025887857
1421,4.244195855786167,3.268826411231832,3.2346061091055134,3.163580894137333,3.2111326411865053
1422,3.225465374167473,3.5836338057765116,2.8856928623049245,3.5953903437356325,2.1995968112736937
1423,3.0304016965608933,3.1899112811901538,2.599492652497191,2.8626313623113573,2.8717812773335933
1424,3.144012965635095,1.7183350340634767,2.7685603217232893,2.171266149393335,4.389716193943017
1425,3.1563765067793668,2.6295715616630098,2.9169174782526133,2.967396995835691,3.254025718654591
1426,3.3114855052014107,2.8760171469611917,2.9177252854629128,2.6335304857241577,3.4187206239115993
1427,2.566069539336729,3.5102989083923015,3.5503577148165775,3.3505412695253307,2.665790208641091
1428,3.115850830846707,2.927945254002692,3.039971633134089,2.9439914292860023,3.137928519285701
1429,3.9385520497233752,2.3552383981630443,2.370558831553846,2.4800548142362953,3.745283017665027
1430,2.284418016063681,3.15651585656381,3.8628950567820928,3.3283672747237145,2.88784478804902
1431,3.030523102187976,3.6333122095368076,3.1331764516276084,3.3739379524638617,2.371069674265283
1432,3.2131483185317258,2.7047101552681236,2.6281014105961518,2.8923252252864615,3.126226128953985
1433,2.628540514772303,4.092748986225533,3.4594772534249127,3.6715420014215496,2.2668858816810915
1434,2.9219506361041985,3.4979841693189844,3.3827110960916627,3.497738940246805,2.6157735107690026
1435,3.304107650200071,2.2125393703924665,1.9491221820720592,1.784412333261039,4.111191076561838
1436,3.0857539342520313,2.8573659983996516,3.123081892014607,3.1832384422205418,2.973472451540629
1437,2.5158241036266418,2.9825854207905875,3.530377071795511,3.2951674095939216,2.8727178988866386
1438,4.146323543311055,3.777814833026487,2.4062052943560803,3.8132553972339016,2.055781700498711
1439,2.1246681295637084,2.822811958957961,2.891932363457624,2.1437411455330047,3.6126843367578156
1440,3.0122952504161016,2.9027990734321247,2.7001564643627756,3.0309178743297824,2.879320408566605
1441,2.4881999947380393,3.4211357315528805,3.5826913062720624,3.259278192255456,2.7641428470764398
1442,3.218094503402813,2.5127445379528965,2.5929669847096,2.5974739758874117,3.408566966692853
1443,3.125158169810738,2.8105008685609385,2.8082760058469813,2.843695493773237,3.1580724319709255
1444,3.1303370218742375,2.7120694745464915,2.832191158390867,2.848577810044707,3.232619752954749
1445,3.1422904331306185,2.926658004402918,2.4542632276519445,2.9781880536502405,2.735237678950168
1446,3.4974338408322936,2.1501777782505336,1.908051767807159,2.2868397555756914,3.5150057607945038
1447,1.9461391236789034,3.1279148108978383,3.7961832397814836,3.2222565897199043,2.9152282281999486
1448,3.576734054442899,2.6262482618716882,3.2421971815675543,3.1405262979175257,3.4000416796904207
1449,2.7032741945295555,3.526659653763952,2.9463405729869314,2.826608748494401,2.821751502870106
1450,2.6961885361773223,2.872780155110072,3.2827153432944796,2.7612838978852934,3.453879349356397
1451,3.114990490855595,3.4148072005905807,4.2139987008127235,4.054719676688142,2.604065329241127
1452,3.046902500614893,3.318435232631262,3.5102645599867657,3.7240000428568543,2.5026185675532435
1453,2.84906883003236,2.726251417432766,2.9133643267139653,2.649690947437483,3.391647006176099
1454,2.1944763564293988,3.6487624151094002,3.2049293040232905,3.3083616607539703,2.160908972891863
1455,3.5487313041802415,2.98575186709994,3.090399060576328,3.3575614464634813,2.9064123686167513
1456,2.9655678206394596,2.9430610096317653,3.5444935170818805,3.3066524564222974,3.0450099830563295
1457,2.8969187278184134,2.957044422934462,3.061662562619173,3.0578463541081855,2.963199449854151
1458,3.0098117874545545,3.319452487053323,3.2815631877819382,3.375459155852046,2.7838937230319694
1459,2.2253825402148544,4.064779147619591,4.7413914768937735,4.372404282877483,2.207068701264767
1460,2.461529841409467,2.997722463609566,3.417401597840473,2.9484154963342593,3.158038820611941
1461,2.6753302053870427,3.0060369732949463,2.930863598483649,2.6011048719760077,3.2484296667935695
1462,3.1514016469360704,2.4580915928470253,2.895861985839917,2.790158530599224,3.4194090258841516
1463,3.9145425327477845,2.60848301937363,3.4297760700510205,3.5373673830446233,3.3261190453873386
1464,2.9005526098176677,3.6689911946766323,3.6386087320660967,3.6131680535400568,2.4284244713438023
1465,2.790125086822025,3.296733140444185,3.4824416664476736,3.195728894867381,2.9730502555245497
1466,2.8856200001577146,2.796929581329782,3.1466221101030354,2.9325422628413933,3.2137928269078673
1467,3.2826134059277736,2.1208463535081155,2.355530310646944,2.048440509509531,3.9544544807471524
1468,3.3383341390510277,3.170038951102576,3.337119295875209,3.628344521547947,2.697056857722637
1469,1.8457188484039342,4.304857561788306,4.093819805140398,3.8083641436135323,1.9708982514927451
1470,2.9436122961079394,3.031134111840385,2.911928858386509,2.9171627810935976,2.995587906411083
1471,3.1273609993540323,2.6827548852672076,2.9230375658055867,2.8138373130920598,3.217768776716915
1472,3.6447665484069844,2.7454394288940023,2.848020535216693,3.093525663775462,3.1766740482899336
1473,2.301937760066093,2.9128657951422077,2.7891387426526437,2.4427982479729478,3.062438928626548
1474,2.325564500342092,4.063863114683331,3.312653631075869,3.191194141550489,2.2021458948677433
1475,2.3634098296320416,3.271947323125008,2.5331332174166343,2.755414711980339,2.521863123055972
1476,3.1639747332850034,2.874668325242742,2.6455686061085495,2.8723760270350196,3.0300193504348027
1477,3.117825022494164,2.977861074003035,2.9628033444961464,3.030339418383858,3.0354721675556946
1478,2.266454121237265,4.439767983494688,3.53664745940304,4.106967678592716,1.3712766097035105
1479,3.583751902746471,2.771282527242037,2.8578191140059257,3.084359019406126,3.1662143757658243
1480,2.950719444620107,2.366789787123653,2.6518857503254263,2.3360805994016633,3.6840800547465617
1481,2.8843494032970707,3.0825221978171133,2.914104368112717,2.6707308876974287,3.1811691870902075
1482,4.539095693510287,1.0,1.0572732074477118,1.0,5.0
1483,3.0022566868613465,2.647618283449634,3.4080166951820177,3.192704867647355,3.185729074240698
1484,3.0013348392390866,2.921787151818392,2.778890395971478,2.9533412376996306,2.9247151784956222
1485,2.7118267165195618,3.200288050012298,3.1950902290729277,3.039953805022885,2.9433661116315157
1486,4.485529190057158,1.4238639731922975,1.7503990368102103,1.7829077879460742,4.4624650287850685
1487,3.1305810003883034,2.910565380090962,2.873497230921948,2.9174179716147743,3.061177180925588
1488,3.331392468310938,2.6791921756422497,2.9274849846168736,2.891064659603165,3.3839807203924077
1489,2.2987500393927838,2.629994338112984,2.913347960823494,1.9293794203721863,3.962870594343957
1490,1.0,5.0,2.7002038425438806,2.4167119770879695,1.0
1491,2.4781304370129797,3.6327577514761993,2.660742530396514,2.668855265626119,2.58925875746999
1492,2.7227147406178966,2.999764729261134,2.7391681236111483,2.682387621351489,3.0647689254683246
1493,1.3810248402078744,4.153654231175094,3.567032411522608,3.664262119281739,1.5391754463641547
1494,2.624621840333219,2.7520600866845184,2.857062539784277,2.935793590280079,3.0056985727157914
1495,3.1694166048447596,3.3314198840810354,2.8371270017246446,3.0148525614911406,2.767732776234786
1496,1.700689708188404,4.1117078153992,4.415494414738677,4.297912892824087,1.628610309613643
1497,3.2543260378896326,3.4737038012843953,3.3750430343055866,3.6428979926525167,2.5438751493160603
1498,2.3683903014986525,4.029994052659722,4.126961739948525,4.470441827349805,1.5387561314505374
1499,4.438338092669138,2.4983336433166206,2.8129484003674454,3.078711781032161,3.637694066380879
1500,3.179544704225936,2.7789584640175304,2.8153493698071834,2.790331773065871,3.2699071680748233
1501,2.59251565442388,3.204238389076199,2.6775574517609435,2.7627700333211167,2.784937126148666
1502,2.7635868138109574,2.763319582704879,3.2383499627114456,3.0501858556134076,3.11042187093136
1503,3.1445158544264866,3.089799636368722,3.2080762397325207,3.1194092291692987,2.9409656320300916
1504,2.961746227709244,3.1108228937701203,3.351872298673801,3.2865239124568038,2.929343524120172
1505,4.436736381871753,1.508610255174671,1.3192280567449426,1.4766076098795222,4.5035441152083635
1506,2.540478597756718,2.886065895999705,3.3642333295276314,2.1028328115554293,3.9648697012783845
1507,2.8375068422679965,3.6110929193187924,3.473245027351046,3.9847702097068827,2.068131746283809
1508,2.3231357800547388,3.692202588103025,3.85421810371829,3.686643563493821,2.3514571839585003
1509,3.9946274793064944,2.313719371522369,2.1625352762672962,2.57270398754987,3.544875490903113
1510,3.2248950950372572,2.8301905356337875,3.378899126597564,3.2065189827175833,3.22240361380153
1511,3.1027274394261815,3.3610258114890437,2.943379828596241,3.5426101984082914,2.3341953126581787
1512,2.6254237415406765,3.167628130335393,3.0399150677622213,3.022991120548674,2.8384524479698388
1513,2.2506118038123466,3.386587496605663,3.432287384731362,3.6326542004292506,2.2003795151845944
1514,2.5595273605435933,3.0259619520520338,2.9707168546336944,2.797983492551482,2.9788937960916724
1515,3.278643531106208,3.1577511339259874,3.18234679703142,3.219879515790673,2.9868147434537313
1516,1.0,4.421731581130239,4.264500054297812,3.6649748356480516,1.6919571234306578
1517,2.630891836585143,3.411687280855165,3.4657575648221144,2.881659286050745,3.1365113517197813
1518,2.6433998456837524,3.226277017142978,2.9533474661854093,2.840139956804543,2.888933260132298
1519,2.5944292318775095,2.930358622103672,1.7527049161157977,1.9890891317432275,2.955591110997481
1520,2.1789177464967913,3.085455520364175,3.6011636084390983,3.5032926700494285,2.618766313136261
1521,2.350939045499428,2.5206212713017333,3.489462720436332,2.5353739935001482,3.7526622221721744
1522,3.2654650725381815,2.6301594943290385,2.549636769025075,2.5499140349213523,3.38420699393142
1523,4.0538705205243195,1.5388545832283957,1.8308900503685497,1.8253392458973965,4.23059365716936
1524,2.5500987962800457,3.576443544380471,3.5641229210161938,3.6625279512295377,2.3194822878152648
1525,2.554924526796485,3.5552009613346978,4.607989276938332,3.9509363475556705,2.733274420624741
1526,3.426910211159871,3.0107332071594377,3.35478888579048,3.118278796577831,3.243653327359308
1527,3.21896242523355,2.7029644757104023,3.1504655793519296,3.0538244234866254,3.151308168563236
1528,3.535963277040695,2.112362254632109,3.2301831891379758,2.454578402640928,4.322026092026489
1529,3.638174865993553,2.940301776819322,2.497790363934554,2.834371602878675,3.0425950068699392
1530,3.0136639909574687,3.1814790689397654,2.9825701023549565,3.421490125957408,2.5430408202452646
1531,3.3885364305522847,3.415876811840444,2.9814930356263147,3.602523704089667,2.367841725599151
1532,2.8755533953726276,3.153178427293401,3.0126021159641088,3.1089724363451188,2.7928966354556697
1533,1.9727569553564666,3.7823707318650706,3.028337889549065,3.3684343541968262,2.0243135599555964
1534,2.829424231766671,3.497939114501401,3.1402698129758386,3.2435297163402703,2.655591477775768
1535,4.569842295471719,1.5883821711358808,1.9289953266461233,2.0521502893942296,4.3751844183382005
1536,2.6393685082976885,4.368009363042343,4.37070966202128,4.490973912474193,1.581696319022217
1537,1.9480953343862237,3.1694315940240734,4.026680458126647,3.3974417222498885,2.7677622903599417
1538,4.28181099233442,2.0455929538103077,2.992716007727264,2.6795161981732947,4.1804331796339795
1539,2.1081410547346855,3.303931398700328,4.195975220716976,3.410186632128778,2.9298385850437225
1540,3.5247038823332852,2.741620809292103,2.8903495338379757,2.847509410668611,3.4161716256114683
1541,2.4184621181852237,3.2643818328084255,3.4213282043853104,3.723684474285866,2.2536307514187657
1542,1.777740755025261,3.4925674980506485,3.6694752157629678,3.0032533515294038,2.8319718714523043
1543,2.899521171972748,3.376977629484135,2.4380102246921265,2.621387543575557,2.8209912689665235
1544,3.4681604046259755,3.235798376509962,3.073500969884261,3.175084234061576,2.8455493358664783
1545,1.8876177668782643,3.446790057795552,4.512014364433891,3.5154376532281297,2.791250851394904
1546,5.0,1.0,1.0,1.0,5.0
1547,2.9913193653498675,2.7186538618383214,2.650500521359576,2.9893908223342303,2.9344840218506665
1548,3.085337939729884,2.8323362541152695,3.477787291977564,3.108239096803951,3.310050324366663
1549,3.290963255507061,2.8734669990540396,3.009910994488816,3.1022786103168523,3.179040996803015
1550,3.285879035493271,2.856109855451982,2.9589379162910654,2.992063370454466,2.9911431257358068
1551,3.3083686417146554,2.512303049923145,2.517135964642592,2.391496544559177,3.604851507251076
1552,1.107561326639188,3.9251519846878304,4.187204941055839,3.428250910046608,2.2495826188235264
1553,2.9862374206033846,2.860955651741153,2.8854285309779373,2.766814393568877,3.202997708523545
1554,2.8292745309400185,3.2879274435409,3.4154021116139384,3.0219379297778097,3.0644335902393656
1555,3.0537927972962056,2.352592989708467,2.520218253062835,2.2769238551264035,3.718210351597378
1556,3.677351316740052,2.1200593878172533,2.704335813031395,2.6705375742943716,3.8545028274451956
1557,3.1339856031123356,3.191005447556216,2.8320857069929364,3.390526156744358,2.5690997293913034
1558,3.121116022084541,2.860757415215599,3.1649413892315295,2.7977665421315043,3.475293597485364
1559,3.671161584655522,2.6777396624902563,3.3517609336532836,3.359549680884297,3.4219969787565354
1560,2.7790529684472975,3.4740755535310512,3.0042246762382097,3.0657488438298723,2.6822835189095477
1561,3.3089262181857384,2.7119720474246076,2.4766400518335048,2.5701663353351556,3.349792891350655
1562,2.4927610525192665,3.3625880880004813,3.510238429301678,3.432477079856942,2.5792350006359124
1563,3.583084847895287,2.5846397474750304,2.662021053693908,2.7164573780440953,3.4452905313822972
1564,2.789415752793787,3.9517233775300697,3.6307476453377974,3.8425793435239646,2.062811643907418
1565,2.233038738857502,3.17695062617605,2.530383380741617,2.5188603978186554,2.771990569886552
1566,3.304447266885438,3.002570693098905,3.201471293185978,3.3863812746867805,3.033773876630715
1567,4.193449582989117,1.8030384899792091,1.7620894595373746,1.759151555543527,4.267326337417671
1568,2.8203078119962814,3.199926012087626,3.295772809598965,3.2866749508277713,2.7984335232161754
1569,3.4434863428051385,2.9747377105384527,3.26289470717033,3.227189114896916,3.1122257310222032
1570,3.297183064543641,3.5273395743553877,3.527572869275896,3.962890605970406,2.228295633549003
1571,3.3042203110680837,3.2641567524178967,3.90027540881277,3.6182630314025888,3.014113973698043
1572,2.795890379945274,3.15970474200126,3.3439749237294256,3.282387834368522,2.843129413694543
1573,4.019323543107429,1.7384017316567097,1.8523175056081311,1.6936241648033545,4.394347325107589
1574,4.5001171404634555,3.1068058052398126,2.9784522175120363,3.8721876358961307,2.6369946293303226
1575,3.482264199931357,2.212545203670487,2.2347614902660924,2.3780273634495943,3.5249967142180996
1576,2.975487373298998,3.5411222913990734,3.1045523948772478,3.14006774760348,2.6687218493264755
1577,3.049866539302066,3.415544104277498,3.0117966948219244,3.196706628500173,2.636863514244828
1578,2.710734681170778,3.243774613833212,3.41600439972606,3.267554145805624,2.7696779497022423
1579,2.2495313353848547,3.051607635209103,3.2259235222635567,2.580155509559773,3.263853312447401
1580,2.6749867076947074,3.9460728960705076,3.9574348673191446,4.242791489175787,1.8579971876478707
1581,3.042922779487076,2.974284833393087,2.8306569568549094,2.895244129090248,2.99851548440881
1582,3.1505749310685913,2.757957987801823,2.708987392407707,2.764909193268074,3.198079396189017
1583,2.642744121834389,3.098938516232815,3.2100614425830813,2.878592838361929,3.1219755155039652
1584,3.398776520422086,2.677791195958593,2.44077925264264,2.640116095284863,3.316711217501731
1585,3.5700677686850257,4.220860068103308,3.360730478763102,4.089695116822986,1.9317491034385539
1586,3.6523185476701445,1.5733190230077276,2.5547284136269086,1.940369703212861,4.7079311447350936
1587,3.6009177203475025,2.5340559658581574,2.365324436474991,2.646174231789372,3.3202651004019392
1588,2.9507534749477715,3.4578982431752365,3.438226961252397,2.9834411719736864,2.9806865544513266
1589,1.781649954355461,4.673638267625075,3.5665496361394036,3.6061455271614102,1.7489670592187314
1590,2.865542359450754,3.4499651900168624,2.993775841115351,3.4930141947651774,2.294456575693484
1591,4.389963728828233,2.315181137933772,2.5169234545461405,2.9473257588801536,3.581222843734549
1592,3.076943689473973,3.4638941955562506,2.825901948962788,3.30086770877913,2.4520875253456436
1593,3.569557863735963,3.3448828841329816,2.981808021592731,3.3852383547358476,2.734167467221731
1594,2.5574289145289293,3.439415978629052,3.527415848739002,3.507943746794169,2.5369847290841356
1595,4.211762074547498,2.3562877015399044,2.7118554207424017,2.3986105162995757,4.012157085455697
1596,3.6464689483413326,2.257141354915296,2.327269114061356,2.4011689599714705,3.888959418294531
1597,2.0702293938932868,5.0,4.70883541004378,5.0,1.0
1598,4.653318888839024,1.3838227263199077,1.4159439051116336,1.6260308711898517,4.594183891504766
1599,2.923495501444036,3.2642020274679155,2.7658314228906082,2.924351467888803,2.766421525983481
1600,4.296526962037448,2.876693214230956,2.1065697654154256,3.2439150901802005,2.7852840300307644
1601,4.249646095269087,2.9381664333818054,3.4315239424753727,4.129414613293363,2.6673339830815785
1602,3.0600098205161497,3.3392801811307398,3.1339255091359584,3.57340568849539,2.438672631529747
1603,2.8342299262548525,3.081843830654499,2.8931658904409834,2.9079685524033416,2.922530494060918
1604,3.609111276700082,2.450554613167192,3.3876947565835187,2.5369506233229924,4.209057034501955
1605,3.6216113597727304,4.442931375104905,2.9737526602283832,3.503068882009046,2.1050632262654263
1606,2.061357358318694,4.607028467509786,4.3979470067644195,4.201814438000145,1.7318617911416645
1607,1.9037527732412955,3.499810697015871,3.648976707675747,3.0366517050429387,2.8876490699910042
1608,4.0139064602913805,2.178756941954637,1.4722241097447026,1.9611291719717026,3.627416495047508
1609,2.324996302630955,3.665071498896384,3.6969650778608534,3.3104691175483776,2.6095165673141465
1610,3.821534362174586,1.9928472966814987,2.111734205587888,2.121282633994651,4.0307686857545955
1611,3.8790429105773563,2.0663189495540273,2.2500719513816647,2.0370886191526867,4.057493600886929
1612,2.9352818327899084,2.6750072677215058,2.7471710042836874,2.620023861306877,3.3399546744019295
1613,2.747838151400629,2.861911292692539,3.506151873231915,3.107062381403457,3.1783210442714704
1614,2.756633357359323,3.2746367870119735,2.919819562538638,2.8779098913402263,2.78982402216787
1615,4.346654159145112,1.8491125438673057,1.8917209999949633,2.0728610848508495,4.196456514433429
1616,3.050789072507972,3.4060821391891354,2.8638269328617865,3.378848150324087,2.3511332983828863
1617,3.910234692956996,1.6581567576221632,1.7750165952166832,1.9291143522283913,4.10212771784638
1618,2.400458384103981,3.1403905633249036,2.723058601965568,2.7336390531169856,2.7150559041944957
1619,1.169430570206996,4.570510827003766,4.588178782118873,4.411883047132538,1.3251730325110254
1620,3.2964657116482785,2.2217439915090464,3.5423193925056635,2.9381005308437094,3.7090860956896927
1621,1.0,4.32755961183601,3.633184175850916,2.4025374826773245,2.3857421086052
1622,2.8473671104768976,3.2895868925666902,3.1054213955687042,3.060525885871697,2.8786352914331266
1623,2.573504788466176,3.611004352660105,4.552077074461577,4.293805394040552,2.414052071923009
1624,2.287937201768655,3.577142230315858,3.4696147722848356,3.384099870114148,2.4671880790535607
1625,1.8416202866918532,4.225612436696237,4.134783004250679,3.451912987519703,2.4257314962214402
1626,3.0400059291342565,3.316755241920959,3.091908077364302,3.175118122003048,2.757393626527429
1627,4.263810842055699,2.1215575350823843,2.7819223149386785,3.216084587381593,3.5835159919540116
1628,3.437241539244805,3.0669136721194414,3.6338425044756217,3.7369414074173757,2.977842191534712
1629,2.6416919363016302,2.9688068341723373,2.633947311012508,2.7526302800112674,2.9221032102631246
1630,2.462812475419082,3.807951394375637,3.9152105376865842,3.8002707116219714,2.2985369992954716
1631,3.652672124366733,3.039401789599746,2.74299899013462,3.319174151724361,2.730229336434957
1632,1.680622725877098,3.5911796367293203,2.8080047618732724,2.6849759274565126,2.299269796279624
1633,2.912230876205934,2.995696652083013,3.466817388697325,3.1634593605746635,3.1745658688759266
1634,2.642958510969815,3.9064573416073918,3.7542270565089058,3.870591928192207,2.032347011861411
1635,1.8404194879093325,4.547804231739804,3.938005984815992,4.453564663813167,1.08540615417915
1636,3.806123552188667,2.7336926181233556,2.552650036104084,3.0174123527595493,3.1081525435474213
1637,2.780126966094938,3.5170609604649776,3.1849647233105425,3.3061280088954073,2.5669842266502942
1638,3.4179771285442375,2.532743555823896,2.7465298296607004,2.8877284149749145,3.3369932070899933
1639,2.8541334787225625,2.752787893383301,2.6313666925877595,2.596900359945643,3.226504600016572
1640,3.8803644526194665,2.399191221427458,3.2173184674731545,2.5890473643656575,3.952371138239259
1641,3.314351321542033,2.209374588135777,2.4368400338220546,2.302956128058361,3.6696018152741496
1642,2.5335857987319637,3.4378640089612125,3.1593267471394837,2.9741643387795795,2.700626876838564
1643,2.5260204302426184,3.6264703939247376,4.084892121140621,4.089551789159064,2.2139149807895673
1644,3.534632558532751,2.5795330374325656,2.7059601829628477,2.7112324187423327,3.39958334863811
1645,3.0106955932790163,2.9075756062084976,3.0250119766398877,3.0600994069764123,2.9669436275624617
1646,2.0945588430495192,2.755893899996406,1.475858396359511,1.5145131082588061,3.115525937283231
1647,2.505769304999499,3.366141448934506,3.0589973118261384,2.9075159281086824,2.7322027140678626
1648,2.046537252625418,4.388988913574314,4.703831210969711,4.625679439644119,1.699300071700369
1649,3.3161543218344716,2.501796970620281,1.4574949648858955,1.8279726938901524,3.2469293146501994
1650,2.7866107217960967,3.0279305092725264,2.3835485540214436,2.766243636172733,2.718979923795663
1651,4.1415718072179235,1.0,2.538343119226206,2.4906444831367187,4.294949881452579
1652,1.7628290132393354,4.114960782744783,4.728759715023075,4.478426045508958,1.683718531745219
1653,3.754533888630877,3.586612022685908,3.016781732469575,4.4268304561864715,1.8386670177134532
1654,2.558506258567479,3.390493551998087,3.70376390304074,3.2948090914026555,2.873223863812309
1655,2.818309799980071,2.9229172214612413,1.9252475075572513,1.9335526888863157,3.2272267565814388
1656,3.562516242143702,2.2888513352386326,1.9255771824479917,1.9656211089964124,3.7105547359391657
1657,3.2635346491176325,2.72343398472096,2.7257072490613212,2.7788098603489906,3.233710497701049
1658,2.950861716575367,3.497991076995933,2.2764751154955487,2.6635130601505583,2.5494472644798822
1659,2.882054496251649,3.6462069121307863,3.797741974132406,3.451185230890451,2.8995920929754093
1660,2.3923745368663427,3.33198036972813,3.6642041913781083,3.5844731568822543,2.581170938777489
1661,2.855423865479781,3.022799559663879,3.5465021570191424,3.390717608549983,2.9590391389677815
1662,2.8850721360015696,3.7296960301403934,2.8659952770659256,3.2745549228144792,2.3091843923902458
1663,3.01971161056757,2.81276143294151,3.0084877074902936,2.7794261954964448,3.3174006993267255
1664,2.6420879461124898,3.593432767683983,3.242427070922154,3.1036386335921025,2.864776485819398
1665,2.919847991523836,2.739720712781756,1.884383834220285,2.0343546032979254,3.1835415742669584
1666,5.0,1.0,1.073436810289983,1.237949451777956,5.0
1667,1.6149779412357812,3.243093812652509,5.0,4.367734996290367,2.349845259579648
1668,2.8244967559814866,3.2258363910954078,2.931050993392327,2.9531632270421126,2.8841639529771417
1669,3.0851358139914744,2.8693983055544954,2.4441092260385755,2.2935617782862994,3.3313822442486245
1670,2.4791382922615215,3.1949103101107013,3.4862549318165654,3.1194996127842756,2.9249276496482475
1671,4.90313936667018,1.0,1.9176809868022697,1.983242331200563,4.848972115092768
1672,3.562201277305454,2.1484945215891273,1.671489224665555,1.6440151607263251,4.009389414698217
1673,3.05533155895837,2.613728397559375,2.8226689013595982,2.8241189841543965,3.217207609981145
1674,3.305321936946401,2.53228601792125,2.371375929508335,2.377224841906302,3.5115797117432557
1675,3.3114721667529268,3.3779156294247072,2.6265209159238525,2.887269994669847,2.949719749432863
1676,2.9732613944023543,2.9053879979901107,3.4664610458740466,3.2271939818700726,3.1324011505876346
1677,3.590701144181925,3.1056385318517203,2.211072551696646,2.7075273672067524,2.9827157828687345
1678,3.0528244520651158,2.699433500756162,3.2274808601877796,2.7795889322500744,3.5247192663342033
1679,2.944844130910566,2.5615791938952004,2.444841376912926,2.932296239264076,2.9990060012426802
1680,2.364038798639211,2.9027846259140735,2.761371387691857,2.408855452552368,3.238249068104804
1681,2.8582805990406626,3.4844768374436383,3.4741396472459156,3.3714968455128433,2.7150636059284494
1682,2.9658248094897823,3.02768847425526,3.0907739317914507,3.242736869572785,2.8118504665233495
1683,4.199345773766618,3.7381529003984477,2.5753955837571185,4.104244878443673,1.7974847732108028
1684,3.2339425310523118,2.3894629554754134,2.1578249920270904,2.126854920164261,3.68278807273982
1685,4.042378322074603,2.0721132013840737,1.8432681203350207,2.442782664577781,3.5333697605972727
1686,2.984559875998155,2.895992753320048,2.9382806021312544,2.8224220430260485,3.1796017101404934
1687,3.0102175299034846,3.4698073026899623,3.301385602679475,3.524763649554565,2.337048806233682
1688,3.23787812502663,2.876658454178415,3.134181592180618,3.3801123352100855,2.871787269362025
1689,3.7597666786508674,2.9237237651412125,3.574381024739574,3.613642386637165,3.156614900883594
1690,4.031795294388285,1.617390016816703,1.9984930174640263,1.594530015345583,4.7230199342953725
1691,4.527385576280787,1.5131404689124006,1.428668353444069,1.619185839325804,4.475717503111997
1692,2.4780474769408425,2.36146230439673,3.0635017602326133,2.36486978624331,3.7111737924028723
1693,2.9233045199433083,2.9311332211296666,2.8369845758672003,2.461730348777762,3.4869740990051494
1694,2.7657966961778455,3.155493157329277,3.325236364817799,3.1089279634514804,2.947079269397674
1695,3.7476143763027387,2.429297161262836,2.6339256213269366,3.213697128271425,3.070231792963729
1696,3.0478714792874118,2.2921035945908885,2.3818922184150653,2.184275815291816,3.621799451329407
1697,2.586980126748417,3.099096706572725,2.827210291675419,2.572944130254756,3.087366649440283
1698,2.6318754799863657,3.482606127635356,3.165383647709487,3.206874524815003,2.529237957277551
1699,2.403339941644139,3.6945545174364915,3.253088181760107,2.972739332039504,2.759911536564286
1700,2.3331210169943892,3.6219750320119317,3.870889684593385,4.087240030742007,1.9845486096320135
1701,3.873960637376984,2.9241700603113205,2.1403012192996305,1.771366735350323,4.064086532413789
1702,2.817717739913385,2.298363940167723,2.952332899033207,2.4221633927815245,3.7894054990613872
1703,3.910011835495693,2.8378469973830454,2.3652703123914067,2.7366186380518878,3.276845306653671
1704,2.430984710437188,3.2941289832649843,3.0325362514636,3.0234545288081804,2.6586970583694844
1705,2.5962044279494565,3.712173808998584,3.015370668856437,3.249156733747132,2.32948462985465
1706,2.7636164809392603,3.3930615309429997,3.1769050608278535,3.1841614058267877,2.700559234626809
1707,2.7813502117424997,3.0798674174234195,3.0005586299657905,3.2126760617233012,2.7183440569177098
1708,2.721967826850865,2.9517834688124105,3.0531284516703296,3.0188291396613964,2.9443997508135853
1709,1.3881944733552274,3.788567859264183,3.558098704416174,2.493247866862977,2.7506048183611043
1710,3.0538871550985247,3.1056569532287224,2.9463094771936427,3.0269613993956526,2.947487490517969
1711,2.8482687700078104,2.8417471744568754,3.1692801645940305,2.8111850009585257,3.3663729441386
1712,3.3784476869173488,3.2978487085613835,3.042873210659422,3.3157978181743406,2.6843735568919556
1713,3.533528684969134,4.491348960435162,4.595426635261379,4.926378134013904,1.6872905639515616
1714,3.169652463746471,3.4333920534485465,3.3356476136258144,3.658030505599317,2.4593578103645335
1715,2.8119706394657027,3.0044668619324684,2.7139276166725,2.650291058132506,3.0643838185652332
1716,2.391695814596745,3.75636791719546,3.769856454078527,3.7532819539006526,2.2323503764585535
1717,1.0,5.0,3.619284534026449,3.89037287328933,1.0
1718,3.04507865788677,3.3361388346945744,2.60702975159696,3.0231516308278668,2.626435071672947
1719,2.9966030080620922,3.0703770262864687,3.10149759869834,2.9851695229264865,3.0234186459162085
1720,2.904444848848065,3.1974137688188367,2.5024847215507227,2.5077930777428326,2.9684787773585395
1721,3.456528565153444,2.9264273381000745,3.134362597300566,3.439864030006626,2.8891890389224355
1722,3.5047340401564315,2.4616490086193616,2.7375489369612738,2.596833042252914,3.6496476100776674
1723,3.0793770948398484,2.923559413263604,2.6643902828120503,2.739275264287266,3.0637286325447706
1724,3.7257552263290505,2.9357610893990578,3.2853806551229052,3.582202339631057,2.953888990997413
1725,3.650391000182381,1.8577741739696265,2.372516109583497,2.791570162280766,3.5608434084599176
1726,4.731052465007862,1.1145043206114758,2.5474315611952645,2.928895579079537,4.190034484802656
1727,3.3709270451564746,2.5675377920061657,2.4331321830745614,2.633908671617567,3.3921325336890757
1728,2.5251803231531795,3.2167775729757837,3.360695396269447,3.0807283300938995,2.918669369676742
1729,3.36786823118738,2.015910170378275,1.7025972670754264,1.727433140482922,3.7091537041798515
1730,3.5978984395458093,2.52805920720433,2.848905173218392,2.7113810093082047,3.550683576588829
1731,1.8293606180962887,3.3463800152778598,2.7970665824068086,2.7540038896368397,2.434622878935567
1732,3.0405283806611947,2.7667488834069007,2.926000596022401,2.8326174245739555,3.2106697442020944
1733,1.7634994680218548,4.289414061944948,4.6146932026549266,4.566883614024021,1.6264107725510408
1734,1.5089288639693874,3.0948408627429096,3.101906360008817,2.505267557412021,3.0109323457243296
1735,2.939955369966068,2.650061117199404,2.618317469038211,2.4424733425571175,3.4037545524549873
1736,3.090987448293914,2.856554803123458,3.2004642225461795,3.1271473357226145,3.057289529609512
1737,4.913815196267468,2.2713794928173003,2.2005301883735227,3.0349086204971716,3.565806351216027
1738,3.8494753810934217,1.2026258617711731,1.228868791855216,1.1741693956483747,4.521794948465548
1739,3.1403407759633097,3.0039492783401722,2.8538600488296586,2.9347056346919147,3.0873556961753446
1740,2.9882065599701177,2.8923978932143792,2.7699849389107682,2.8848069259516773,2.9126471107236958
1741,2.7764019288124846,3.6205882371645703,3.429196436574974,3.710088545750991,2.357055039644347
1742,3.0286957131655146,3.0647569888981283,2.8155839529777853,2.8409898937068037,3.0705947913191616
1743,1.9786556450784172,3.56666794665139,3.2011711621265384,3.2355038714757822,2.252810564168395
1744,3.5479887668846475,2.539372990393366,2.50100742383879,2.3090217241421973,3.807201598690725
1745,2.9696242374037745,2.483932842899743,4.127763135057127,3.199671783074246,3.8282108602081566
1746,3.753632944872704,2.5761937749165718,2.4139074570848607,2.4089869098573886,3.611974970764278
1747,2.94269975746763,3.116113231646043,3.1624166695093154,3.158423580375889,2.889880008073911
1748,2.320042440496331,2.9399886372676107,3.1624894007463067,2.979493430858319,2.9030113303550764
1749,3.840481181510879,1.725341366550466,2.305559051843166,2.1906124292135662,4.061627502659491
1750,3.1818657987981513,2.6770993053087784,2.5872320013281165,2.69352361903821,3.2549293391188012
1751,3.1725876415606096,2.8325848718066977,2.9206915188046167,2.9613336570576156,3.1390512248926403
1752,2.7611769035234968,2.821497761777915,2.892532967780556,2.587856422187274,3.3595317722469877
1753,1.2440891083817716,3.9173797541313937,5.0,4.753532949774394,1.7037596669029913
1754,3.575026143355821,2.3722762704144027,2.2181129796178842,2.2171212101080573,3.731577500357883
1755,3.394132933296745,2.7915985595858603,2.669962884664413,2.8295669421258656,3.208070997118394
1756,2.8993906692576696,3.1821803119233025,2.945264328360026,2.997636626165507,2.862062380957913
1757,3.3618303870457735,2.4081260294163225,3.244613588597502,2.4104494416868096,4.219340354348173
1758,2.66982895221509,3.4087899396278085,3.4751240783172808,3.5121684667051465,2.5149100836683154
1759,2.992174851886565,3.527631886260395,3.612336319193421,3.964541687279342,2.227599052401449
1760,3.3262063299138087,2.664888828990067,2.9878290410910506,3.1040357024449965,3.1548143752455613
1761,2.5057568780864354,3.306752355500945,3.469226729937821,3.4439293137992273,2.573874746601491
1762,2.821463546711102,3.2838326752275804,2.5813954264743186,2.602588561634084,2.8814814798920976
1763,2.669809003529258,3.3395009110105627,3.007145032849135,2.7978875411696373,2.9699557269144736
1764,1.0,3.796685851234395,3.2008766863407416,2.831305909123776,2.067457666615094
1765,3.5123749995298854,3.276835402359043,2.500263428532346,2.828309296838681,2.90665137172969
1766,3.022156986672679,2.8637033253911874,3.1333157765192654,2.5859953209176982,3.5776453248187865
1767,2.004369465629516,3.0766966470943387,2.984116144954319,2.296812138926364,3.33884616640757
1768,2.665721766822057,3.220013472571126,3.356635586886926,3.6035729798052736,2.388842107635317
1769,3.0710267555685435,2.951137671462062,3.1584811100623438,3.143694082489741,3.0569632454724704
1770,2.7393838100961236,3.2970629122109423,3.295936276354378,3.121584197833217,2.8474294372892586
1771,3.1417759797183438,3.0630777124646786,2.589213253109904,3.136579687203012,2.5652757718602253
1772,2.713930160181861,2.2119193950389486,2.3819910726754356,1.5940331714537028,4.244897223075146
1773,3.5721225492930753,2.0352006141123242,2.0243241169680912,1.4354531795641579,4.609994192486675
1774,4.0274306181172665,2.3729661097522614,2.5253614274097838,2.881256518469432,3.494997438833836
1775,3.0258079487048044,3.1625978146257525,3.127310008798562,3.1501485304019985,2.87431899292328
1776,2.7832560051629005,2.976982289641734,2.7505064200912517,2.805900344896853,2.9563815506503452
1777,3.557200936331958,2.156686137239887,2.9322374299646814,2.9570651185575616,3.591870309167761
1778,2.6264546204653083,3.2626718640698305,3.2169765853516448,3.0953661533594046,2.79338157456855
1779,1.908128670903898,3.5053224360198048,3.194616896608104,2.964608325359489,2.52103384249319
1780,2.465027131285373,3.254107922800041,4.699005930313278,4.458935411646626,2.333174458253956
1781,3.250612325739742,2.5048748579676614,2.712793246029022,2.5559326673033302,3.4706726815832436
1782,3.042703150021199,3.2973006960381954,3.83122566298867,4.071642497156664,2.3461319722254648
1783,2.874947707418474,3.4145416420537305,2.6302072563338843,3.136584925766593,2.429119921833615
1784,3.274440938715011,2.917512837475801,2.6828906867744355,2.6204024368452252,3.2880831639388024
1785,2.859168037657266,2.6608448859048806,2.834535731009798,2.6092352257271565,3.3576958007866744
1786,2.643337433855236,3.4787817197618174,3.9330447395886403,3.753807333255589,2.462797633734031
1787,3.653737770794043,2.0188118737190934,2.4977980389677383,2.110866735639641,4.144850896237018
1788,1.0,3.8250150428322716,2.626617212916835,1.8534763904441507,2.2990067844666346
1789,2.103200888635187,4.881535375907648,4.742260702043577,5.0,1.0037246739783225
1790,2.198549208806302,4.252562615120498,4.188009047389107,4.1232887398266085,1.6887000211709127
1791,2.8916950241283215,3.056985710311398,3.096543438511359,3.0367647119774466,2.9829324335949514
1792,2.6479625099360606,3.412439627000271,3.0804991641306922,3.160451459315446,2.561708160074436
1793,2.7661027135270158,3.009939233671394,2.7593986030430404,2.8638094358543698,2.8207750465572112
1794,3.4315915224072775,2.951499229977324,2.9274884884027093,3.0304061884857894,3.1079431138637577
1795,3.143077097668678,2.641078166427775,3.4751770653025367,3.760491000445642,2.833560353036903
1796,3.609680782853461,1.9464194496413616,2.6101311971522083,2.0473361959667433,4.243891172355556
1797,3.424823781944584,2.728881250593668,3.026980363141135,3.041975847776374,3.2458810375560034
1798,1.8853656068868467,4.2162410933785095,3.421220400047234,3.060317475971127,2.2741096942846903
1799,4.506520908645967,1.8579841717415755,2.3943969798471425,2.3598916559906407,4.133808936604627
1800,1.6173199698281455,3.5387183199576975,4.186545088673599,3.9522901050944816,2.101502646879041
1801,3.4815676793475436,1.9833871485935823,2.5189458625865253,2.216147728430341,4.044156533397568
1802,3.3623509731194305,2.3481809218723746,2.6940773038203574,2.39660725292228,3.77003070262258
1803,2.106889324357325,3.5082972963356718,2.7958295305722247,2.9447689521026286,2.341857279362474
1804,1.45985558516761,3.55281985587713,2.8584011699675926,2.480226602060433,2.471769508583794
1805,2.658635655435411,1.855081118181637,3.2460694714952614,1.999498901341358,4.635829101800218
1806,2.0420753250494172,3.70153347124899,3.7660770491681728,2.9835904826838755,2.7873917170802835
1807,3.694905631119955,2.834051736253866,2.570121910946043,3.011045840632175,3.022337018412041
1808,2.6065340699354804,3.434634851169938,3.102668242793065,2.9913367421513275,2.7902422280763624
1809,2.7623153696742566,3.074925180441067,3.0270529897062,3.053617565079005,2.891918483234495
1810,2.8544938812129934,3.3223457659260847,3.556685692700797,3.162568772398944,3.057711982027543
1811,3.561825228890733,2.915121283276674,3.092048533593571,3.897279700142879,2.4821898151048343
1812,2.8414764695025028,3.197616203952332,3.3500586859182464,3.1880977881398596,2.9477688911871316
1813,2.5365209069392,2.7392546492738368,3.0120965520820002,2.550214392452743,3.4002286310670455
1814,3.420477450899128,3.2212000063850494,3.951702509337902,3.900253752066228,2.867231382171849
1815,2.889579058083964,2.4449963248520765,3.098120720072298,2.6078344416351835,3.5062433329192326
1816,3.110310814041928,2.7451460676439026,2.56873933588601,2.447531145833205,3.3728967322355605
1817,4.378111599143627,1.3948404720229126,2.141546011695677,2.3213244125318764,4.18353370432353
1818,3.0671885033442865,3.531182055978598,3.373779790540766,3.7233595180002452,2.39754168879451
1819,3.0841966373878034,3.2323535009306568,3.762442018630036,4.0695468397198695,2.3773398272320168
1820,3.8452930223313464,1.620368333601418,1.9471063482577247,2.053097894368106,4.108096320233815
1821,3.1478432596851738,3.3804394649414746,2.6424204199285377,3.219798902410606,2.499403841268034
1822,2.6193746918039107,2.554327475470742,2.9305195073428543,2.712315410931156,3.1961338115968627
1823,2.1083764000863567,3.6281718484744294,3.843528126874345,3.7576147044419086,2.228212851522538
1824,2.8345591321990256,2.527577702000638,3.3929556952194364,3.1492047660904117,3.3034295002402887
1825,3.09866662273565,3.319978532897924,3.0157936922214983,3.249893798546747,2.665476052501603
1826,3.5156923204829242,2.3689344845556124,3.5780650217110614,3.296729538950089,3.5704731180729206
1827,3.0650157313604174,2.334195424528777,2.905619084841143,2.858756484137735,3.410599312488642
1828,2.7374584033386054,3.0317653209727218,3.0724451484429474,3.0292920788430386,3.0056193261213244
1829,2.534048409364472,3.27549537314184,3.460814073597748,3.340517744942698,2.7046064178344844
1830,3.0689135626220607,3.0736433181431875,3.065225591958414,3.0426357350066597,3.023428574153548
1831,3.1320818211450936,2.919499943749439,2.6377046058801903,2.8095230055794365,3.049052159751453
1832,3.1149923274999174,2.7587767496207514,2.596449313331942,2.6791974645648597,3.2041123476152764
1833,2.4162355464418974,3.23875713060213,3.1599656383577854,3.017402339509952,2.7718366366048954
1834,2.586391753775706,3.406627073153091,3.1916358240387135,3.1200901106492784,2.660563544547967
1835,3.249736041900317,3.0105821794326646,3.2088343908288772,2.7435082794536547,3.4112023774283675
1836,3.7772750621650295,2.4544033331306836,2.359214483433198,2.4755227302679175,3.757115414973964
1837,1.9851070934401718,3.151405903472582,2.6961547072186596,2.284604411019812,3.0320388434179772
1838,3.038278964762992,2.9459199606928954,2.8487952548604927,2.6449607129995254,3.434677148516232
1839,2.6175294275250174,3.350720808866467,3.6259198834491713,3.5120679567561854,2.65799138806809
1840,3.3209862243031716,2.789957304958076,2.777905931644123,2.9310405577081657,3.11885523404309
1841,2.0764544453746794,3.631149438412644,3.7245468189711586,3.3679015272102895,2.5730694803046505
1842,3.097510195466843,2.920741292563094,3.050418662814701,2.9907159041635776,3.1106883841272297
1843,2.1248470720511623,3.282087988923497,2.522997756101114,2.267332720582152,2.7432125522365007
1844,3.1741177875928432,2.414662102428843,2.3539591037284877,2.1578373804737563,3.635688319361657
1845,3.9038524380772137,1.886197259382208,2.894082875466062,2.603540779501283,3.9404076464551414
1846,2.7634368967621836,2.7189141299781636,2.5373579432231836,1.665864313854267,4.120750439770614
1847,2.5798043896710383,2.942083302079922,2.905675159442685,2.8325815809681627,2.983171417884131
1848,2.7029205394534492,3.2686549483695533,3.1905204662965945,3.1614352605691884,2.7454815676515616
1849,3.316261177517073,3.528926947313696,3.5071115003165656,4.233428622421694,2.021306165130987
1850,2.6665289593850794,2.432006447838213,2.731147872510576,2.1740496151057096,3.786525708112189
1851,1.820857826831945,4.802019685963404,3.7106526369664365,4.3318919242260705,1.026884538712299
1852,3.3423188100414567,4.062893022619572,3.2981978443464093,3.831292413635179,2.023581801784293
1853,3.032387238433555,2.6481836738707374,2.7374378026417387,2.5312958178564635,3.4261264132845697
1854,3.2761661938042446,2.6802510336360603,2.7923033310134455,2.777202759272641,3.3219531987096476
1855,3.332329845957533,2.8767224094501893,2.5740236836333303,3.0568881030067336,2.797963846047151
1856,3.183845156538455,3.0353165445945454,2.887505815446233,3.0448868617383256,2.9744634599983275
1857,2.7512615818409762,2.8900888288257827,3.3635079054273262,3.000096091091122,3.237798933554139
1858,2.6742908825162415,3.186000198092401,3.1496077734546954,2.8593460483318833,3.018605686207976
1859,2.6134203820083046,3.360788484595176,3.4814066779605595,3.3413314167761587,2.750138256264649
1860,1.882700324725854,3.926004010084872,3.7731997834681974,3.3451057421481427,2.309401851615195
1861,3.311487222788937,2.5603221046763225,2.692525292209574,2.6585768488928303,3.4405103275568636
1862,2.599893143681304,3.1300021834773,3.2369028799641737,3.037327496153871,2.8981990193756113
1863,3.017587418532807,3.1500670114367266,2.592503730756512,2.9144761796405922,2.6638899925731114
1864,2.3547512342181793,3.4979878550791335,3.119261153340591,3.1330197398915,2.545521091192053
1865,2.8858412466062022,3.2682149096684188,3.7452720792411958,3.3816280559084255,2.916993203088799
1866,3.7165645010683064,3.1240363875632715,3.7160332076111047,3.7211475459244077,2.9991218013820222
1867,2.4068231161857883,5.0,3.418924885741751,4.661083161886832,1.0
1868,4.11755601221264,1.0220208695003172,1.0556263940072463,1.1159724473057147,4.587318830220617
1869,2.95812783230167,3.039488948655987,2.9969061902742866,2.7799277299075507,3.20515567817104
1870,3.2481594529964744,2.342719690825145,3.347603468709457,3.0006457600453635,3.5364861715865725
1871,2.0986801896702807,3.7320810843809507,4.432758804239273,4.142740344250464,2.186028305874734
1872,3.0579965608459014,3.0363750537818337,2.875380073136239,2.9202354249203957,3.0201752127024974
1873,3.2897306542501585,3.043912972818513,3.880305868352317,4.171359109031128,2.7619444187221207
1874,2.464746613624845,3.831351622403511,4.055852125507409,4.219187127227526,1.9136914212479608
1875,2.7884943142258924,2.9538359336955984,2.8359722804064833,2.66246012323141,3.1782040855603912
1876,2.9784856539672817,3.248215430285749,3.0237350493383284,3.087335351510987,2.8792104141659887
1877,2.2081662226905228,4.041224314340796,3.822299435478924,3.6626140833277656,2.111202932443306
1878,3.32557279464574,2.6046388950474113,2.3441570007865455,2.540149126437301,3.311291813809781
1879,2.485039524286773,3.5357063610102792,3.1133547895363503,3.057670900167012,2.5890638021549703
1880,3.237035590203653,2.8709482981247083,2.524314228771507,2.8083070131046743,3.028795097602276
1881,2.859335286277559,3.351948767375605,2.981433653788458,3.2004695586944965,2.6254260154427693
1882,3.0158466273064253,2.9555302471355804,2.826279791556874,3.0104466661445763,2.886610466658618
1883,3.015090178499997,2.9050683889795583,2.914962479372382,2.7527046649357776,3.316824842658101
1884,4.388009143040691,2.53842600595559,3.0243731367141113,3.3993741708228584,3.3377436888042347
1885,3.2510845570544906,2.972171559996327,2.6579301552820565,2.9209672868856047,2.964830740020582
1886,2.861036781618278,2.501499354421045,2.9049878353674914,2.7974092421204735,3.2042819595415524
1887,3.713252699690804,2.3794704759825795,2.334386845843201,2.473850342589156,3.5703240854097
1888,4.005144814388446,1.6947066329993468,1.9480681799510808,2.060027256668266,4.083017340727307
1889,4.467359065172168,1.4142699442969793,1.55982228830877,1.6967229462568192,4.392877167206508
1890,2.7594602130157,3.0846238778819948,2.452207658825683,2.7418640890096726,2.6898968551394575
1891,3.2148956573230874,3.0385457843502723,3.6986313885077062,3.911965237836144,2.63273945519077
1892,4.127336608369958,3.037483295168281,3.5387760375723953,3.629925527304079,3.1566759155781505
1893,3.0994228354870508,3.1784135696466698,2.5890356124049685,2.8980962244606436,2.8266215757407287
1894,2.968615950092327,2.9349928900870377,3.1695336852152938,2.98375990611585,3.17114833494013
1895,2.6137028233964497,3.9454589235742157,3.352042148117062,3.7470272246349743,2.018898788144599
1896,2.633364304325002,3.5457574894896804,3.4515179340300826,3.4888415911875317,2.4489594287745016
1897,2.7901523094599034,3.1691739325628547,2.4674779587066924,2.638823854221716,2.862360697658264
1898,3.0919358576625435,4.084148161604758,3.4368200297540104,3.6619976279373736,2.2149052160717844
1899,3.073006197714094,3.560632820256073,2.715375343759794,3.409355806110687,2.1999053707983824
1900,3.8665375177806496,2.3836725405018857,2.9665533757573512,2.3874988065092593,4.198410867815934
1901,4.5500088151875655,2.0411569805703897,3.1324481323574727,2.934572180304374,4.269342609464275
1902,3.3076994621024847,3.88121770146533,3.3755510300389178,4.053904411410551,1.9714906489045676
1903,2.9199876944210543,2.8677189578929365,3.0971914576072437,2.9116800848768123,3.201062231614038
1904,2.6635107478189632,3.3371226751629117,2.644564948184294,2.765372800797758,2.6636413090790962
1905,3.0812745061142017,3.3069999226267477,2.932259499574403,3.3200064541321783,2.486477204522418
1906,3.05330588440002,2.5873539081379406,2.802436171616492,2.649539866290968,3.4671849827651666
1907,3.696466895588876,1.60219029698064,2.4989606208055006,2.602185520438976,3.7330112101714192
1908,2.8384621665915315,3.1321305879495833,3.029484130432726,2.9856204669149347,2.9809974829424277
1909,1.9545906267679594,4.38097291279465,4.0547602167197105,4.001400897869599,2.0292557784475522
1910,2.9088666379087944,2.6889209492889896,2.8161278448258553,2.6163765791754785,3.339309652658268
1911,3.569764108089612,2.3996474083309085,2.6842475258245404,2.5521410104510758,3.7853311201894195
1912,2.642340577359611,2.3344534139343907,2.647860822619094,2.3593099123243233,3.627343111461371
1913,2.5510949206017073,3.094533039350238,3.4763894823052803,2.9667929927745575,3.0952938091924076
1914,2.9777079044912,2.691862382733207,3.1951782582174575,2.94863011466264,3.3228010132693324
1915,2.9694033855381146,2.783468955719604,2.659439815665865,2.6991775003159875,3.123001866436296
1916,2.6144920503247473,3.1589759581644734,3.3428084032790166,2.9976280805626767,3.03857847237739
1917,3.2972008905283863,3.6681868001496314,4.32039250699992,4.624496907715629,2.0497552057073154
1918,2.4688276063652963,3.697706794277697,3.985965799241833,3.7656057978289357,2.442790387935756
1919,1.6137123183157773,3.749711574258897,2.6837813372124195,2.448592989134454,2.399772530705242
1920,1.0,3.6750054921926005,3.827091208949045,3.294417188741796,2.144028610336033
1921,2.547607216543745,2.8541710307729824,3.0739493420851134,2.812137090789953,3.1498579994430655
1922,2.940099985803995,3.053639482352906,4.6029712677272006,4.851623174282126,1.975625310326591
1923,2.8953291181277843,2.9844481531416265,3.1487173446240284,2.864694169459363,3.1372006805045727
1924,3.3960838259129296,2.472162130352114,2.686635217777897,2.700773314995991,3.422604255544485
1925,2.8333723942433013,3.5724228979757973,5.0,4.181698752663288,3.045381362245445
1926,2.020255930256599,3.5285284594569,3.3927091509700786,3.188915472269336,2.4254466481703307
1927,3.133429967462078,2.8622516813806063,3.5629637090111927,3.653740455499312,2.859775845854552
1928,2.808413074347593,3.603191965313985,3.3177116914346563,3.7355757338275373,2.329489458392685
1929,3.39727008844289,2.8904817598634116,2.9144983791207544,3.014293071191014,3.074345720645859
1930,2.0954777478223945,3.0291327218104307,2.121316004319006,2.183371120548906,2.752280363372273
1931,2.9809534138415543,3.1330658573238765,3.182348497002314,3.024904284640593,3.025027907657768
1932,2.991580074705243,3.164555401805589,2.916653910122444,2.881187672381927,2.959193423532207
1933,2.6999242907060843,3.1772662843451536,3.9006491919208566,3.149935488273864,3.2865110740110843
1934,3.968112473979904,3.0298524166338447,2.7992214903744794,3.621745699035464,2.7759351753983985
1935,3.8951401217924655,2.1426264608783034,1.7441943442737065,2.0102791507078877,3.8087525684401085
1936,2.756605127835161,2.921934180751893,3.218730222862188,3.055016624890438,3.0535383194584043
1937,3.5932284240246712,3.7891874706069526,3.4049290989077856,3.7634262935006584,2.455917747735355
1938,3.3380140846020816,3.320728679885483,2.361424373785734,2.6961372051620063,2.9365776912859753
1939,3.8966587074787524,2.303963696415501,3.788844919253052,3.8174058621660025,3.411173081650133
1940,3.2448453606888443,3.338231525983597,3.524093505067105,3.3147373686350545,2.7894108595864955
1941,3.1891461417735654,3.1214835573079367,2.9256725353060538,2.685338465238842,3.313957587174344
1942,3.487924898161064,2.5451926221080043,3.6599847278038604,3.8968629828887034,3.010281234125562
1943,3.217805267416901,2.2596248309632165,2.163866155033483,2.0277158716132893,3.7769107074992094
1944,3.0612292817009417,3.4225855329079344,2.757942371616469,2.9258849650344,2.7346411427523254
1945,3.2126578963057577,3.2193964478134496,3.075049560634591,3.3401399651919843,2.7309046190441943
1946,4.320924399068971,1.2503882900482182,1.7652646167908443,1.5304182764138128,4.6996066396468095
1947,2.660541314742807,3.380157700237359,3.2470887637189376,3.698351751482569,2.1896458648576944
1948,3.068884804140232,2.998532325443264,2.814529808530767,2.8964676733286545,3.004262314571951
1949,4.102228405868435,3.7187576990661957,3.4886285628026243,4.55475672375789,1.9734184735959972
1950,2.82176029101683,3.3497045012009092,2.2691364675454184,2.519216001995094,2.7487360327267663
1951,3.7967531252203535,2.502916101261988,2.7281712732414833,3.019534345550449,3.221489643938122
1952,3.5708833285966755,2.854785086618724,2.297784757249834,2.4512038172681914,3.3479820580330575
1953,2.387547654098903,3.855672410911885,3.46175754304952,3.457465434676029,2.311340299008802
1954,3.3772835923643068,2.741506476822315,2.5944676552988115,2.7737379872462675,3.273111558429421
1955,3.296144084513374,1.6426544797763412,2.34586072204216,1.3443589631279997,4.658703055202274
1956,2.401650685025211,4.493670469064677,3.835086375375795,4.461994310118676,1.289720410991661
1957,1.630186327067878,3.7813959195396127,3.4105630039729906,3.1118207727257605,2.2614016230946676
1958,3.8455574417413816,3.105944256390893,3.07706505906122,3.10052461425451,3.1127167376428857
1959,2.8268779100453547,3.665738317287202,3.373455251456855,4.067973569228123,1.8117109992117986
1960,2.4206869705946135,4.208270661534958,4.498109803540799,4.197358244159127,2.127238115086507
1961,2.366424037587624,2.9315733572423412,2.998454977547781,2.7445761590565954,2.91644898951486
1962,3.372575942281406,2.7284348722938088,3.2733718152213584,3.4054367996761625,3.0915404682897845
1963,2.681238586763929,2.449455535788206,2.8719129523608964,2.2412668258403707,3.7064958658391136
1964,1.9127164076194696,3.476489817647434,3.937979351303595,3.7264732148106545,2.4299030186218147
1965,2.654540513808456,3.3810950154017307,3.0407412270696543,3.274815105906147,2.497970006647042
1966,2.829048535710109,3.0325778453019256,3.4885376911875694,3.4211594349458214,2.8761789479996205
1967,2.7203745692895325,3.114281570097049,3.1628194698831242,2.9527976736728623,3.0519679891190936
1968,2.483492558011932,3.462523606494045,3.123861565760247,3.540204164976224,2.3329348523295317
1969,1.9067053249388768,3.0574958911697427,2.9471150826045434,1.9698312808509397,3.54278289228846
1970,3.3550888736249322,2.9109815934553667,2.594652426243581,2.9716038621887852,2.9285787660000993
1971,2.8462130226425764,3.159440890039152,3.1668117190253557,3.0003339129508513,2.992584118801193
1972,3.3823176842731186,2.967426492579456,2.8503868088365962,3.159150917736526,2.881563495003932
1973,2.719417895849147,3.205990789980413,2.8508990369444995,2.9600525502179393,2.8291520262792123
1974,3.1782401348003435,2.887592317145784,3.781285964839954,3.4569020061997935,3.216825583117924
1975,3.9009819705128876,2.9034063709053926,3.128385346032106,3.1815223176826297,3.111558081574186
1976,2.8792101061144417,3.1396614319289897,2.93170550345163,2.8774193160751294,3.0258509029688248
1977,1.8935383577822305,3.883315790489104,2.953719385332183,2.943863263486361,2.2111173904344232
1978,2.88122131910695,3.109122154063546,2.850882400063787,2.9430692700693606,2.89388979658546
1979,1.5024042851704387,3.500240659814197,2.3327916043132713,2.167019499470886,2.549549242347734
1980,2.304498690598188,3.237692472160963,3.5941605744173675,3.631578200747499,2.4883858225612876
1981,3.080565073854609,3.127927439771707,2.693018341290608,3.25780486291529,2.615338113887485
1982,3.7770385544205607,1.8250296662889156,3.5348826692852064,3.3595618270313365,3.8269790480630284
1983,2.4270765241594168,3.2988950893587985,3.3407679517984916,3.3317203833107776,2.589068649392501
1984,3.300115232663373,2.974472077152987,3.1602850693262403,2.9950317411089786,3.2535238473073833
1985,1.626654365250679,3.1951300750850518,4.0175760067983886,3.2008863256743645,2.99269296346481
1986,3.5561563994371546,2.699056128227577,3.0776436968208833,2.9337091626292233,3.4692108612638273
1987,3.792117936353371,2.1284405240277064,3.2633301235783274,2.8583208781632026,4.040970876423501
1988,3.146250031638614,2.4055281529964105,2.7552720890655658,2.647152375376518,3.5533466119826507
1989,3.0259816802628303,2.623904281073751,2.995111213270505,2.979621706270702,3.248846902979134
1990,3.423215394033644,3.148939026498408,2.69525612914921,3.50071646258308,2.486237726067666
1991,2.4167119462772266,3.450679134552375,4.959245019072044,4.276831707263436,2.8523488742688916
1992,1.9387473000191153,3.8102424112656545,4.849931511932091,4.417006612956497,2.000889665155672
1993,3.222293953063925,2.8166373045666653,3.632395649700522,3.3778094050440504,3.15411353104449
1994,3.500436971638873,3.078458270971369,2.985143213933425,3.1835120901905842,2.9990799942565625
1995,2.506906188500197,3.2467207219466587,3.138198572000288,3.0579670381732087,2.7723535466301636
1996,3.5321839881779726,3.322302704340685,3.6219530166744835,4.026613995465155,2.461000560260195
1997,3.7952572046111603,2.423305791533191,2.1139259756674136,2.3764563024637297,3.541810744155262
1998,3.3357605679176827,2.43721842855652,2.6444846913875866,2.6298796649173353,3.498217511314358
1999,3.738615894506275,2.2307316625498403,1.9792095306454442,2.1141276493221643,3.738472840482068
2000,3.260369708600986,2.417491227776125,3.010552570594333,2.663590303122579,3.707240979080926
2001,2.964968919056172,2.865984488590985,3.164287101331456,3.016062325872779,3.1532294446169384
2002,3.4316775303774465,2.4800516827660046,2.767360782670349,2.815206000853668,3.471335082247338
2003,3.552416720987373,2.3978998333398645,2.3571299913661123,2.5965389313482303,3.448975190907485
2004,3.2566332973916046,2.399929860460194,3.1361718635382245,2.5824337587517845,3.881029489556459
2005,4.343769669705636,2.3524749597668384,2.9101289015614147,2.912276294163934,3.725571242406099
2006,2.714905506953737,3.14863707938574,3.036407716864936,2.8326699476505337,2.9622752942758517
2007,3.3449878626644636,3.5032088830749895,4.043712973731386,3.928732930050795,2.5752880601077397
2008,3.0999811361350935,2.963578879700895,2.9230274186279117,3.0577305508786767,3.0014667388572023
2009,3.7194887644497445,2.513237668461356,1.4580180474652802,2.1332069927269446,3.2424438856741986
2010,2.776855740046433,3.2566923869894366,3.1694501955634795,3.1940742380949962,2.7662132127089247
2011,3.653643500745472,2.4667136454092065,2.391295966261122,2.9261507570148284,3.064582423282208
2012,2.0112892688157284,3.867262328012148,3.5335780160030312,3.309328837467859,2.429558851982064
2013,1.8978282492172749,4.085300824127494,5.0,5.0,1.3699402339764482
2014,3.5930408412573565,2.6692723202085604,3.0076078925782896,3.117920541230884,3.296029904315181
2015,2.9412319133412828,2.720328231666489,3.1793990654625253,2.7731653576107185,3.4453965118500074
2016,1.6773320069528834,5.0,4.328666980333612,5.0,1.0
2017,2.9866788308033403,2.927397598036759,3.2585314632650766,3.1177318057993575,3.053135505138701
2018,2.693176644534791,3.2049215280227497,2.5189974094365577,2.7407908086109964,2.7073027394300877
2019,2.987539645837442,2.7765214916083,2.7621478596532603,3.0720676064063257,2.9411191972321182
2020,3.2387958199377764,2.6871389062833995,2.821848094188817,2.991888022530846,3.1120901455935677
2021,2.3377961424979667,3.0831370061879366,3.2421068160199873,2.972217593151268,2.9678991180130176
2022,3.505830406416696,2.0583952583850658,2.1568977590958474,1.8954164740779031,4.019398248058973
2023,3.5401980343257877,2.5195959063634534,2.714256705256744,2.792744400906512,3.347534018230636
2024,1.5923887376512826,3.931042589489919,5.0,4.4505379884734495,1.9700391551173388
2025,2.6684806529820424,3.7465696701208433,3.472370024170595,3.6438283579350967,2.2016750817353303
2026,3.028152872094219,3.0112192509954188,3.095837390953114,3.1590464296256715,2.933305381992168
2027,2.079620887695062,4.762083457982119,4.078392638015552,4.5800100620554804,1.1788532509155776
2028,3.6743273942365926,2.775457911917114,3.057460559817687,3.211687994176921,3.2205845416084116
2029,4.092618893362307,3.0227006062175077,2.783099165141274,3.7153406732623835,2.5979555229432307
2030,2.405616697904086,3.8221250287335193,3.501002169376644,3.493210028213757,2.4421772687967573
2031,3.3217370436878375,3.2513751890105724,2.885822280808105,3.1409809540912788,2.889526482674342
2032,3.027193899471679,3.2261969814941147,2.9629116123889463,3.220614003593829,2.684927398315676
2033,4.408186144946711,1.1897046667754922,1.6778224726389912,1.5823098356545826,4.767306308120653
2034,2.9804305193083187,3.224615236611636,2.8735705811823973,3.081361855850467,2.7748128109658268
2035,2.305616004095085,3.4541152067069145,3.6846809387402297,3.3634961683922118,2.632594109449049
2036,3.9139528108652195,2.0948235888348363,2.310663097245161,2.3712018961708483,3.8749442151982256
2037,2.6026820850047323,3.203285253265616,3.2448871844088547,3.22655293519961,2.695450738612095
2038,2.242845366981013,2.559673123737853,2.864973808850431,2.1576770174709017,3.7237441488102427
2039,2.485005308892328,3.479656288014253,3.126214361189017,2.926234579749056,2.7905584548263493
2040,3.368506842631268,2.8012819132848903,2.3795824038309394,2.8336768136146495,3.013374939994579
2041,3.7547283183090236,1.350839230316758,1.501754850549722,1.2819339231979796,4.53307763325777
2042,2.7449238791530357,3.270769092725489,2.6929718378855925,2.6780620384372362,2.8678753037583258
2043,3.074577780314243,2.808399162600573,2.8685892675660587,2.8035436914903604,3.2576737792693953
2044,3.3005027474993893,2.1200680031367196,2.5248436639067955,2.2409879544573363,3.8632155474740015
2045,3.362136068302931,2.694627546382602,2.4078977588934074,2.324954919025502,3.635768250110591
2046,2.842478489547763,2.8421698148098034,2.5443785253892153,2.429663931277399,3.3461226949048477
2047,2.5349232255859944,3.253487677964574,3.2557738310758872,3.110174265001633,2.8379404080643247
2048,2.0602133596433974,3.4139227136948613,2.425606658154319,2.2117240290523563,2.6582032456790623
2049,2.4731176514433395,2.9644653843814384,3.065237701768283,2.9285197643887617,2.926642282291878
2050,2.6123315519911494,3.58938015786833,2.815999051428773,2.9950500030616234,2.399312819564418
2051,3.2512569046229136,2.7267949069407194,2.869058438144047,3.037434181118011,3.1431517683548793
2052,3.325445681642118,2.607586840280953,2.1707411515107475,2.249531381670922,3.4443732279387924
2053,2.5477056990740135,2.965365202617978,3.0317186325067036,2.688742333629656,3.1366672925064134
2054,3.9791312883636847,3.2062894473669314,3.5515844522349713,4.056235782066156,2.675818789965148
2055,2.4030402011005867,3.510526469328073,3.514268678814275,3.5229285180181793,2.3879824386049
2056,1.8548913013423523,4.237035681301404,4.102360780779419,3.7321392737777987,2.0109518342489925
2057,3.584663391687393,2.3895595578706743,2.5650581794322984,2.953162725818674,3.211523868593719
2058,3.2347432597746035,2.7100897383376514,2.6914896143017546,2.731776348215921,3.254311188822512
2059,2.869030952221575,3.198010305386383,3.192628034492594,3.9384392535955355,2.160025698156998
2060,3.3477983212506306,2.506081113116826,2.7076337994429207,2.483287510544862,3.6209207713201863
2061,2.464526410371805,3.0421034276388412,3.012344067220748,2.9031032816455613,2.9079889680513227
2062,3.1846004712897145,2.9999782582797043,3.798549696505524,3.2376548914940093,3.3506360920374965
2063,2.661918737367042,3.081945408057968,2.8227917777075007,2.7643101330589284,2.9534314668717685
2064,4.106506557753335,1.7494996860778596,3.0540099570274477,2.849622116836259,3.9683745447670926
2065,3.0494198342375674,3.397468414215633,3.1753848501883875,3.240937683572731,2.7603930528559624
2066,3.312423124083558,2.8763508558633455,3.0311079572532287,3.2670664133325378,2.967703039143609
2067,3.4727565403889704,3.250998780955573,2.9591900066785817,3.5231395879579503,2.588250478848638
2068,3.483467658417353,2.7412750115731725,2.785484210377172,2.543163947782101,3.5450267628505907
2069,2.0251864242563156,3.6000866515973606,3.1964368860834536,3.0691577191835524,2.5466763877552037
2070,2.9828031632714747,2.799255556509288,2.714389314571444,2.635971623652566,3.2361987942810515
2071,2.923541187610706,2.6845183418676304,2.724923686810709,2.5544789193742523,3.3223121554101294
2072,3.3805407580451594,2.5489078206792133,2.418657414697769,2.627236814946113,3.2256303788351404
2073,3.0282830967522756,2.7916684653130845,2.674474072147129,2.822066550726298,3.0109133385917097
2074,3.3122444205110164,2.7503821319634234,2.6341447260214617,2.6922940074838704,3.2502730063130665
2075,2.9374671332148026,2.964155220649326,2.739948067980289,2.821871261496808,2.9853319057486334
2076,3.110187310644419,2.922106054689942,2.7615860490747024,2.8685642170515067,3.095892062303215
2077,2.3079109279788286,3.0945520831803104,2.589736614766922,2.3063203737309443,2.91947483456769
2078,2.865644816206315,3.0092838935653425,3.2560739130166865,2.9954414130774603,3.1773232948888763
2079,2.8994806650709757,2.6807344500455947,3.1878184470513076,2.868038476285928,3.4024628461722393
2080,3.268238287697606,3.214530617308875,2.9148081544011557,3.135338106004631,2.7691487108468364
2081,1.5322039023108598,4.0127459953897695,4.098097931013631,3.5897067692700095,2.1355981772799115
2082,4.092012065282276,1.3836131563171965,1.5080110693906437,1.1460876290093187,5.0
2083,2.677883236150641,2.6309017715553678,3.0768196805278305,2.494059396479864,3.5074762864223517
2084,3.304721067231803,1.9139802661437517,1.9263268148505988,1.754839757537226,4.0018097292902866
2085,4.193497816602334,2.5460333003705977,2.9450545572668685,3.3079615937347473,3.335532620915971
2086,3.3061459758707215,2.8232654753112123,2.812207102799965,2.8196657377556478,3.291723278300413
2087,2.6576052866340993,2.9142329578567696,3.0111839777695457,2.759856460287287,3.079441818114413
2088,2.7528419796997463,3.5972049668176087,3.070582229158766,3.3806187419971163,2.344810709445307
2089,3.6340879511948825,2.790098350818305,3.2463472409903202,3.6184863239540936,2.8867719207984974
2090,3.7794957404453546,2.7272634328600014,2.113642747895836,2.777403454039499,3.0360876513744053
2091,5.0,2.7340588872791796,2.6009241515389916,3.2594454366693286,3.4573029417995924
2092,3.6399188487152205,2.5375707225740203,2.2712587583085613,2.3113131611460322,3.5394716588520465
2093,2.9175340165528003,2.882319403185932,2.6355760408869893,2.5924023063911315,3.1087994541248594
2094,3.8460473675918845,1.8617350160055648,1.5778229373813084,1.7733675173029304,4.032459288975686
2095,2.838549868548554,3.6406111607973504,3.231478012801654,3.416807683914287,2.5137872496230833
2096,2.4306291263622612,3.4044792506951906,3.487767768328802,3.7165259228974517,2.1504044252055126
2097,3.015500736519505,3.039027328434404,3.137198620767961,3.0936320226663234,3.0267862216086865
2098,1.548002865048181,4.238595878524365,3.3098205190976357,3.3967544899348514,1.7366372717791794
2099,2.1705659825388537,3.593383188903355,4.194747315950873,2.7985591530597316,3.528647665467935
2100,3.3396774456492664,2.9100074478810067,2.7912047193617715,2.7432053802046696,3.3021977499741624
2101,1.6239028562799716,2.9047395974763854,2.7877742345624825,2.2597423696300396,2.9363374270813503
2102,2.1815105950662854,2.4307838457563484,3.850764094898228,2.608709865801142,4.086649697064057
2103,4.071966078392686,1.7221383748532886,1.8529782946883475,1.9610245957688806,4.175553668016495
2104,3.163525835189552,3.5058143376748316,3.036502382766935,3.5549334949498257,2.3975738107944515
2105,3.182498675285444,3.4003170455050906,3.4721513597574685,3.3795125977754785,2.897455565753607
2106,1.7315763908822717,3.85017150671441,3.2996557119050194,3.3464396046027636,2.0478226734058453
2107,2.850628342987976,2.783019259866022,3.09483531432595,2.6569847174564147,3.354017387518367
2108,3.6716938129121033,2.5286384506709494,2.3921919210634486,2.740997858388369,3.3173681549927734
2109,2.3611110120322216,2.46338805270839,3.9819679613681824,3.170147116467855,3.3494933850540853
2110,2.8707366235328284,2.3332931185080126,3.1969746313571754,2.8039536671466245,3.57867957213781
2111,3.9010539410592813,2.864127044398062,1.8832227930437844,2.249473127805332,3.24209364971445
2112,4.0630911731615065,3.1674837907071325,3.079633419860751,3.5683919174425847,2.856441061941066
2113,2.903492392490674,3.2877770546066123,2.8066133162173283,3.04967159513586,2.6794553727308283
2114,2.930431901948049,3.1609099689634124,3.1060684432656203,3.132034652233223,2.84841408097261
2115,3.7228099021893777,2.947567494629046,3.695194132314012,3.8811904470133016,2.943403657973454
2116,2.711982563935543,3.211233114298724,2.939331164531049,3.0948194506369933,2.6649605373443404
2117,3.8053512575520196,3.157550113356732,3.0268014913058696,3.730556039845797,2.516656188225755
2118,4.053678468101167,1.9198022691134327,2.223967967853958,1.8621387919767174,4.388549984370195
2119,2.879076782917246,3.2367080282453284,3.1164263966098007,3.187722998686077,2.78897097532477
2120,2.820514287307171,3.016782675369079,2.656449777201566,2.7322136755125896,2.969516301631968
2121,2.36571058819615,3.554496068447116,3.2019377126464166,3.1361054966252,2.561781727264646
2122,2.890155446232374,3.4522135758424666,2.905043547149882,3.055271716375182,2.7203584792668107
2123,3.2982140079521933,3.173867615397713,3.2529528085731525,3.173333611804913,3.0881046374860515
2124,1.0,4.113102748883893,2.8345903105074295,2.594975249686009,1.8320119038436748
2125,2.083659148182421,3.2527569698994356,2.9873558097607993,2.9814324322928636,2.5746128333184073
2126,3.1270989311982627,2.089156512957083,2.512435526285444,2.0970582714956336,3.913310941289295
2127,3.035069121982993,2.489386202162062,2.120619605777157,2.1659700975514666,3.3415049158608663
2128,2.355222071706973,3.3705630721425894,2.918032159415598,2.756454361100515,2.74604233461937
2129,1.3861507606940988,3.9007731865288817,4.400289073148357,3.564532161817126,2.2564988244957878
2130,2.3556589521681808,3.7949455550535163,2.4346441554501452,3.539493520887552,1.5609437660622363
2131,1.0,4.260116863107966,3.9758060028551023,3.8386031402385044,1.2459878966245748
2132,3.6565511821108236,2.1767517999627217,2.4186111184933736,2.340325006019328,3.9037536461518143
2133,2.0269646612127885,3.299756683447534,1.80779430410533,2.197878410454303,2.369753570996128
2134,3.1523020329154994,2.969322284120843,3.622706506250389,3.7597115050351313,2.7912196254193917
2135,3.0085082097695217,3.512754961256575,3.0926342206672874,3.600116593708308,2.35427613408961
2136,2.5753837086327773,3.014566121138408,3.2543137135109714,3.1101633844835535,2.913633411626211
2137,2.926857305134857,2.8459689612551733,2.639313889982792,2.6271828897376888,3.167960112626501
2138,3.6187229203769657,2.5832563553625434,2.5550250576422098,2.533483142872528,3.497675380082006
2139,1.6807939326372436,3.982531595267265,4.934737708932083,4.613550037410783,1.987448184354603
2140,3.6586669397816713,2.5709575492442207,2.0993096965422433,2.3842041638661096,3.3749664882291524
2141,2.236548216751002,3.818112003589315,3.779205879376036,3.598281075241704,2.34277005252758
2142,2.774474883079663,3.9580328778612457,3.2136578557363187,3.554145949479119,2.069979944980788
2143,3.243235649107065,2.0611802059827635,3.162623694570388,2.9536270293684312,3.697032842060019
2144,2.1321974238464994,2.873063475222846,3.325836584334483,2.3139106966360328,3.61211724820208
2145,2.804359375336635,3.1066249077194645,2.901868452256194,2.909014010868869,2.869782062925033
2146,2.901001972021583,2.6132023530707436,3.0507664014556704,2.831297855693444,3.22749621555613
2147,2.472455028042896,4.1828166654190735,4.436611404057579,3.945957654552518,2.411963676488913
2148,3.3233283786331786,2.4668036386245107,3.1029468536766416,2.6669069610160103,3.7753249963264697
2149,3.3257611115161896,3.304621679438982,3.2264568267990947,3.4663697077468862,2.792515864488808
2150,3.798789840996044,2.18288956612523,2.0200831138214763,2.213310394870381,3.798435569153483
2151,1.144212263665701,4.0160559675846335,3.8590038940876368,3.701880369900237,1.880778339574614
2152,2.4191890540016407,4.084265363778694,3.127336209444834,3.301661143431152,2.229546408867509
2153,3.0872091306965297,3.032924868493667,3.143066805738268,3.2377760296191704,2.865820407716936
2154,2.6678403794329597,3.5462695352111155,2.8896190710719485,3.2468696772643684,2.2645917121932504
2155,3.1412540783282257,2.6741619210736154,2.59671349994656,2.6382820278020556,3.301164600900529
2156,3.9614819737532323,2.872972006156777,3.5116836639021525,3.921357883411307,2.900291913934499
2157,3.876682993952462,2.0291357263681484,2.6186843589415885,2.598201193886507,3.863778283636199
2158,3.201596363454429,2.0149066989249356,2.466517526924553,2.5020396729727343,3.6906742639601755
2159,2.9925850976826953,2.6356415672173426,2.938625721394358,2.840056770383603,3.2923135512368824
2160,2.9910286259921195,2.457350139907741,3.3670087520436462,3.0178169451079286,3.37154254150679
2161,3.4816976449746546,2.533047862951542,2.582542805242015,2.806961804936878,3.3345912719950914
2162,2.7548830272557754,3.3359628724731114,3.790967342591391,3.6418920935449535,2.600002441593306
2163,2.6622456007333755,3.810550216483984,5.0,4.321244021406807,2.544524791589289
2164,2.64922724964345,3.6163550081241094,3.068280832626584,3.1034400225570344,2.602949314918221
2165,2.8603628867708397,4.020587643020843,3.1705649186611624,2.9886432160750025,2.6220423088711335
2166,2.8982641371012496,3.073953012476468,2.9606484424612978,3.2110169458579403,2.7286536298425985
2167,2.6207829457645637,2.885470533920443,2.045181621306845,2.039349674103571,3.1862689973683147
2168,2.737136949527483,3.541398782143954,4.133330938371798,3.7369107887101296,2.8075855156670873
2169,3.354680160170415,2.7058962183403708,2.5046554731968778,2.5850456694178194,3.3521886258667077
2170,3.548888985341671,2.5525191264246248,2.4332550637681782,2.650176010447686,3.3429274455849907
2171,3.532075633648463,2.467153182496412,2.184867658283028,2.286936186081451,3.5635168834282545
2172,2.5219076749558784,3.0145177967784003,3.1475664892887036,2.913683396970481,3.055795173134941
2173,4.416474148391212,1.2690909019381267,1.6358484375445645,2.2971466218704664,4.048256449999336
2174,3.3742601150839953,2.5228614068536013,2.7360597648217904,2.7925199205530102,3.3247285373577204
2175,2.8527628318355953,3.010849788891737,3.0525381244535024,3.0350448768753355,2.9200251703415545
2176,3.328636496684035,2.770203798731858,2.401327806164861,2.715662008286264,3.1539024134197833
2177,3.904425880947497,1.9950564641608055,2.417424679513868,2.275586917941802,4.117369696832177
2178,2.630527724979598,2.901919075109244,3.0900025138783533,2.6204086253222654,3.4207794250969705
2179,2.723962260985261,2.7658974629270916,3.9591996536609444,3.918020791282685,2.6163442218166275
2180,3.129811184100491,2.5867389368480906,2.901416335606293,2.8916575040018255,3.246693656215276
2181,4.249023198004188,1.984767009152488,2.211014856222005,2.8010900083046213,3.6446235555592255
2182,3.252508103468999,3.200850026476438,2.950384068013829,3.633763193430653,2.3795254658195826
2183,2.9795145858140253,2.955339437529507,2.941054781784526,3.1819198675228115,2.8031330627042172
2184,4.010850896729636,3.090937747503749,3.869429070541857,4.4181880622762035,2.417850464160233
2185,2.9475013774438175,2.2957477550670933,3.253756835821,3.067245541802498,3.3486740926093375
2186,3.3086385470414865,2.9520382847319824,2.837799186642611,2.983321828103536,3.041140390446607
2187,3.3024845725142025,2.905335602391301,2.40212984050386,2.7452261159766613,3.0217822795253633
2188,3.0311659079283086,3.1851728070851366,2.8619011383653143,2.90055782926441,2.929722947831312
2189,3.0667438951680066,3.0445057075031294,3.2866652201776443,2.7945058668974556,3.4764280872839532
2190,2.215051390616187,3.3440349237673814,3.4941679986677756,3.3078935509853924,2.4680337261649057
2191,1.4899302360865376,3.9742737132582096,2.913557439865519,3.2089039000607045,1.7425696218898807
2192,3.2646020752864042,2.5702622037963594,2.543891319048752,2.6616298089035175,3.2964182434729907
2193,4.3833016248709225,2.86566364468956,3.182996067565465,4.007052690135537,2.7431981521249447
2194,2.797156152930323,3.2684070965243532,3.2534089002917943,3.381246605209957,2.660316091959421
2195,3.14606745101723,2.5702072933912445,2.9431314057869034,3.150304074422146,3.191627002134145
2196,4.204691783294178,1.7997373426478533,1.864749387187791,2.172042092438648,4.046025849521397
2197,3.85478578782685,1.9647168635717902,2.829520871263955,2.7935348002819733,3.9496625933360363
2198,2.8243761287026388,3.0781511781382425,3.3050064763136775,3.096232955967188,3.0044829390129695
2199,3.4540467019533434,2.403299589510939,3.2822691096756293,2.981765255900457,3.6304805706547447
2200,4.132900156390954,2.1236046758847498,2.1385234373540536,2.519344897131935,3.6335560756530194
2201,3.1848247659499624,2.425966691446451,2.725987563493933,2.3819515584291535,3.751890107812571
2202,3.93916964557981,2.5060153134691947,2.3738583307121295,2.973577614399169,3.1186083189835276
2203,3.2890896769839344,2.3671626196510998,3.1061817432669105,2.83310759435971,3.669770948356198
2204,3.1379203964829667,2.4356825336899655,2.6707279246416427,2.371508637730546,3.745451239885485
2205,2.523708766467163,3.5427218266981315,2.923847898563937,3.030803562283309,2.549416473296925
2206,3.408557328494069,2.1197555007293136,2.671402648792579,2.2510421326054826,3.9909806417075733
2207,1.0190320306087517,4.361538337794056,3.032100707463333,3.5505695114120526,1.2946342219624332
2208,3.148052394662364,3.615411913027401,2.8943109976413277,3.153667952448423,2.5037284230737624
2209,3.2015873170672404,1.6201111376240607,2.1668299399813202,2.128324506799851,3.6532380961894693
2210,4.524143757589286,1.5549774004146386,2.3226717563344628,2.524153668543196,4.328748318216784
2211,3.144997950297813,3.3335476207457226,2.941263122184365,3.465380611406182,2.4813188086871407
2212,2.9478750490892174,3.4211550994177222,3.00248556754283,3.1696641483864543,2.660119475901497
2213,2.8204045099144253,3.3789949705552176,3.342720547600536,3.31826239361439,2.6995789931052263
2214,3.6798045071296475,1.7775964649404905,2.1126543788739687,1.9824475752422899,4.0735217462272395
2215,2.7434525614867136,3.312178979917119,3.2844111622381438,3.1543191017911,2.8484715395572637
2216,3.928487936037617,2.718187757891457,2.679968523564338,3.615401260551749,2.77178392740571
2217,3.2390935045280815,3.2409856791807052,3.812842761629779,3.997322771848242,2.4155054199159385
2218,3.4301327041121112,3.127169999058493,2.7865261516516897,3.182441685470655,2.7599958800489826
2219,3.2398947030164438,2.9475707534978723,2.5367772045321306,2.5990912639567694,3.162623210796668
2220,3.112979507840286,2.848588357919226,2.4202728555051265,2.454409080283223,3.256634632718379
2221,2.615560177280294,2.751674754560569,3.314905677419707,2.9737208336425343,3.2353451576787515
2222,3.23878823722659,3.2273641499777037,2.829241825304732,3.11289066268514,2.8026438273914893
2223,4.2077455433112085,1.2700470650226348,1.1814122868185999,1.3384404052802206,4.477382553629267
2224,2.4944051209294327,3.7999436515043117,3.218798899175593,3.206641832443681,2.49928917980023
2225,2.953165339810314,3.8396020725995865,3.6525685934603556,4.178722952998404,2.1269355252639595
2226,2.7941696200316573,2.9976490460181235,3.0205933507448246,2.8095749254536915,3.130218440861028
2227,2.5639147956762134,3.0496880654032026,3.0691803895457115,2.5842407346346907,3.287719876010911
2228,3.8138972210503255,1.6593780111813528,1.9040497343296265,1.8889469995392385,4.156453244139536
2229,3.498476255087079,2.1882247645892092,2.532839052018672,2.031572158680407,4.118713969063731
2230,4.538951875018122,1.8048502385050693,1.3828860045879832,1.94812371512493,4.044200465841664
2231,4.199764528087282,1.480211928411888,1.3611550125426162,1.7274365847233295,4.1117374544700365
2232,2.957407407516306,2.954509548310326,2.929613314804805,3.015331578447657,2.969338224479706
2233,2.5563131897296616,3.8029850445663285,2.969963001951904,2.5153480410333313,2.812555991229691
2234,2.918315817987338,2.795904155615172,2.8331137245999987,2.6812007131062736,3.1613515377230628
2235,2.0479664312065564,3.53228621174808,4.094459978743556,3.5906763806373805,2.5434311542020143
2236,2.0358730912889413,4.18824200996242,4.256628927724881,3.9808309341530963,1.9249382924736647
2237,2.7164849865770027,3.322259703788145,3.2075405669864594,3.0051594765743856,2.9074771130266903
2238,3.4992146618806976,3.3328131348102836,2.902450191722942,3.418798208230727,2.617794938011806
2239,3.154880057514974,3.291086975408429,2.99958853027514,3.3443854202621477,2.6596848587753583
2240,3.1237662987421526,2.759603736525429,2.725203697436633,2.6636151453442034,3.262397634711043
2241,2.540738619947579,3.8455151821241818,4.2462729508512345,4.129568339169823,2.289419895082499
2242,4.191908221697794,1.4084214924709062,1.6303790609666637,2.108710819414743,3.953307033615524
2243,3.3101940655499,2.6602311871400306,3.499311348859756,3.217432205936454,3.3717217037721654
2244,4.312478415659037,2.622919810772579,2.026194929407626,2.3878801609105236,3.5329912336553404
2245,3.229826016335368,2.9684515114840724,2.817152549366665,3.025085571306085,2.89606054957452
2246,2.6225994592983715,3.4525531356147057,3.2029484498213017,3.1870763280859946,2.66949870553797
2247,2.8603896528734065,2.662231018756139,2.7604757855538713,2.5360720551176623,3.2635958638117417
2248,3.3609816864192577,5.0,3.4139751277825483,4.809163097233421,1.0
2249,3.7575816439341025,2.2127896968689527,3.0336199417662706,2.964220806584116,3.782050135804866
2250,4.030598602274911,2.4995763297183795,3.1446594991913557,3.3261809992974953,3.478647644353351
2251,4.025478876626597,1.70549547707572,2.3212722299670308,2.1550121639632858,4.235009305304118
2252,3.079441032385373,2.7894250211836096,2.89846591044292,2.9473904669026783,3.1646875218064103
2253,2.9987354514727174,2.9135750127429416,2.9066843645827296,2.9062700320206063,3.074535439028754
2254,1.4049903549521527,3.9935940787221176,2.2661296307741425,2.5318254543085517,1.8790895396662772
2255,2.187975218756259,4.104538230517769,4.223412059697267,3.2897116977770655,2.8614569494845457
2256,2.853127038964871,3.4607799565504136,4.293176792730307,3.9197556159854985,2.8110889234873104
2257,2.7637923383075638,3.31906024749682,3.351256014897881,3.4148604186625455,2.551061643819045
2258,2.428616418287119,3.5946916444392363,4.636011305382893,3.6898511432121044,2.811483236866201
2259,2.275407832890882,2.2433895300587703,3.3296322776709246,1.9506112847437802,4.538160321284944
2260,3.1726527675873277,2.378339045733651,2.5422403440349495,2.2345831260167994,3.787505157283867
2261,3.1145250119475256,3.274527172072436,2.9861338966740005,2.968000372539943,3.043653203918529
2262,2.7598318591820594,3.176639331487362,2.696158118263485,2.727248485341633,2.900989845296598
2263,2.4857843656658902,3.47860132248143,2.987186905771096,3.005562170593023,2.589441357581561
2264,3.0137321531868,2.615604589917351,2.8761560251243647,2.720748729401371,3.35935884792145
2265,3.431604730239069,2.91969427197087,2.8888419431354992,2.943472413766361,3.151236577899667
2266,2.9109941673237376,2.797799182964149,2.7660694929327345,2.7859999955635644,3.081557844892209
2267,2.541379040453063,4.503422383072207,2.9078079159751486,3.687974591891969,1.3854248726093745
2268,3.2940666138982206,2.356922274327095,2.384136278802641,2.2371216209687357,3.7402730993755755
2269,3.203732655267194,2.578290151876678,2.545983383629305,2.842164818139417,3.2115679486322897
2270,3.9148785486067403,2.377352752068192,2.656501791585784,2.8645068034145273,3.523666337599719
2271,3.188163474785994,2.8430121775541948,3.301167096732735,3.4241002888090044,2.9062122692682077
2272,3.0476769556428858,2.970096660553312,2.7082875099095363,2.8571388589238187,2.947346707652954
2273,2.283448677017925,3.8597025572440797,3.997022261382621,3.590865546989613,2.54156859450915
2274,3.0259556255290505,3.1168540306504813,2.9132314838400886,3.0144509879037056,2.9337872128112212
2275,3.005773861930604,3.044303801421787,2.8725930892164473,2.961037238516469,2.9601432005032
2276,1.9919504666029888,3.524825770691563,3.520332388140731,3.727414745179418,1.9768734680149942
2277,1.1671193911538296,3.768378292715065,3.8246922590811936,3.9146651501473313,1.679342729808424
2278,2.8725357089108,3.470977828076995,2.9994578599540738,3.266423037371065,2.464178755984479
2279,3.164934248816879,3.1207317160054124,2.7269572022595305,2.907212324961361,2.94577936150599
2280,2.3636250518607618,3.0363869395363894,3.87075107365561,3.6769424280116176,2.571712541665838
2281,5.0,1.0,1.0,1.0,5.0
2282,3.8892165119105417,4.771790233763706,4.328448912853433,4.693240759774772,1.766266873265781
2283,1.3421445649030463,4.789912976066235,4.8209120000627115,4.911716866847348,1.0
2284,3.277749667784616,2.7578981847313644,3.0936137099609895,2.808418791444173,3.476728570573503
2285,4.021830268942695,2.2460022645666173,2.3769864141537593,2.679160162113372,3.6003283801383974
2286,3.3170865509802456,1.9032432443196394,1.4906390761058663,1.8113582067039005,3.6677987513009076
2287,3.161944297266213,2.5754756060309565,2.8570545111383416,2.8586320403303365,3.2897400928177154
2288,3.0856922181570035,3.6277298540131655,3.0103396618825213,3.602977010383864,2.2813622110821408
2289,1.5309280305625563,3.166661965130248,3.3107451874423637,2.6349471811898,3.0703340517336772
2290,3.0059548138777252,3.383915399272552,3.373731244372195,3.406245487957473,2.6969036294336846
2291,3.1603620689440532,3.2061087349918034,4.233716421871139,3.9719486955423946,3.0038564378062755
2292,3.092500436696935,3.169064965488607,3.7156449555771056,3.966069903707597,2.465794794618507
2293,3.6429539825839283,2.0800939965966614,2.1329583930974167,2.35017831610048,3.689507677411197
2294,1.6030961088563207,4.550130896320843,4.534016076603356,4.555389689650969,1.4632342135294791
2295,2.5730402734109403,3.739898616265158,4.389954087039155,4.2125249752051666,2.3098795529526392
2296,3.6447953578827423,3.074555319115284,3.162663292109573,3.6817843574391755,2.6181467184027563
2297,2.1226746811768686,3.488911858833815,3.749390405492746,3.5078897903219697,2.476750749619301
2298,2.9408149139252826,2.9078107005413507,3.1671001171535536,3.185755290948167,2.93796618220212
2299,2.9323838426012134,3.2275834394538943,2.8928288866430956,3.0207997451578894,2.7666090394926406
2300,3.960838450274463,1.6134228527483707,2.8856816231807594,2.5560423136515213,4.399423070740188
2301,4.880676291849359,2.328698726801866,2.7163937914726786,3.358417102768612,3.406777040835247
2302,2.485105838098557,3.209388100875182,2.8689275985112466,2.9358011667383157,2.6283096177462575
2303,3.222674515145442,3.3931391664090613,3.2233506682931616,3.4205901008199175,2.6892411950817205
2304,2.578805472687825,3.629067493753124,2.7893851669112775,2.777515258337828,2.5735713518791368
2305,2.857811486897396,3.37563939653523,3.2798375929767762,3.5740677121724866,2.428575672305149
2306,3.563709741559349,2.7258124237066133,3.4075397421237232,3.08743422867022,3.560243994082523
2307,2.766410017170256,2.699465676691696,2.720038158459631,2.463952255349251,3.322101239907919
2308,2.9132690620940065,3.1796377418695663,2.8702411398940435,3.1972071311585246,2.6749318352318054
2309,2.850183869088669,2.872879214130598,3.1388593454310314,3.1010994899602293,3.0629710720161665
2310,3.3233740312180595,2.7956174241710605,3.0773531748535317,3.237348850912822,3.008908420991362
2311,2.3416514033519764,3.263024647887603,3.1790936010667163,2.8811680564623767,2.786419777511369
2312,2.6794510440436206,2.9416754368411167,2.8841401173931116,2.5873908906195555,3.256286744630585
2313,3.0789440863983635,2.752130352058717,3.1838181435974002,3.128403218677896,3.141340924964696
2314,3.469989464387302,2.481251484922068,2.556404458362173,2.7398275952600737,3.3315523650210506
2315,2.67373264690848,2.7619613609446247,2.354352262691659,2.021622676026323,3.44952149521692
2316,3.847348330193168,1.8167454124506208,1.3770869407853341,1.526527105031116,4.042213013053706
2317,3.3698486206496003,3.325619741784554,2.876873175941657,3.4722601177796335,2.543090574806108
2318,2.9535030254941264,3.4415874985325763,3.317696835971696,3.68485241827694,2.345568601229855
2319,3.549761412128957,2.526840612217646,2.8739174233667786,3.350201105376817,2.9545940201881207
2320,2.622632152928286,3.1576124810385595,3.4688498529492797,3.290326445905826,2.8325728395960312
2321,2.5652887659283996,3.2233724668845376,3.3362193749422286,3.2279372383680665,2.722377980321939
2322,3.175466548765497,3.0020170265641446,2.6288975118257136,2.46886715780235,3.2997828476110027
2323,3.074042307941367,2.675807382892677,2.6494692566099785,2.537158239802672,3.3472581771340377
2324,3.0227198290513297,3.059231479140615,2.8714774107791174,2.995074258886611,2.8953363167992636
2325,2.724474376062045,2.8409988385192917,3.026520864472816,2.293954280674409,3.614131570642165
2326,2.77982200835928,3.2195082990989037,3.1863232347834933,3.1082184747714923,2.8832253476324214
2327,3.4985137259784462,2.465648311093819,1.889370240052427,1.8998481741648334,3.590613864377092
2328,3.2118262691235206,3.1027154712048457,3.2288251298021766,3.2596741011595847,2.9439123648500196
2329,3.494177278877023,3.011288217883863,2.3239411020890732,3.0450058858765967,2.73686965935887
2330,3.476242009604688,2.582671364304603,2.3882316965871753,2.6255777539916343,3.2274818885338252
2331,2.000229327527596,4.086942198944165,3.3194522761642715,2.9889424804827365,2.2431612189537926
2332,4.144574890855678,2.4603904544629986,4.198453286668654,4.3860392734130205,3.1279292315098584
2333,3.5811431028168537,2.9210264621175823,3.676094042780259,3.8536383882488625,2.9608090093391084
2334,2.857757580473132,2.718554952541843,2.612763551361186,2.577573431875439,3.273906543425222
2335,2.9826862753525982,3.251586711317461,3.063236149845333,3.247244810785358,2.761706495513044
2336,2.603584226371965,2.9330207541342697,2.7546850290785994,2.479858805585216,3.2547930893005814
2337,4.598344185916407,2.704966145865817,2.7131117216738883,3.4469736392309893,3.1479555878735086
2338,2.8448395884534396,2.878930711601968,2.2821209405803784,2.249350368904503,3.183016029129389
2339,2.878340459379624,3.402578406222868,3.536771842180084,3.263029371259246,3.1007622040737997
2340,2.8259246888059986,2.829767789721139,3.4750643371801435,3.1674191971764314,3.1284698683007366
2341,3.716289780516633,2.213051052436908,2.009243275777852,2.233199972929662,3.6860274819501484
2342,2.5458727612168817,3.0899418724278447,3.161385010202626,2.8357461648700597,2.9862104421682565
2343,3.0769168934292557,2.871819820129878,3.157785814625057,3.110651574948114,3.0766994870825974
2344,2.3560966964725534,4.258052319261918,3.7592508864256415,3.710393013810255,1.8656679767462871
2345,3.9867973310818345,1.6722502370045806,1.7305002749994387,1.676355244914985,4.24473423424413
2346,3.000210060998492,3.1644607686460304,3.1271221611177387,3.3916649555576326,2.6176574916595228
2347,3.303772089168972,2.5533116552148196,2.6001740258044084,2.6228714577167986,3.282332278233637
2348,4.067102381909107,2.4053639316679214,2.9291915093171883,3.4571222927211886,3.237399815726527
2349,2.449196234606262,2.563606142957042,2.930195340054507,2.3175867114720785,3.6407609077875502
2350,3.9249546443430066,2.5172853093796537,2.5567253089030797,2.467361804612683,3.7720682330938944
2351,4.293380595716787,1.8349962897714776,1.8499609406516142,2.1086797667018806,3.99167977629692
2352,3.799929435641242,2.8805877882601707,3.3175037627265813,3.922134406732889,2.708486667578409
2353,2.617877099859749,3.1671457708398982,3.378921091514924,3.213587471993423,2.885797000311864
2354,3.2020973245089017,3.146979563170578,3.930704160526558,3.8493157059129013,2.746863863656728
2355,3.1548044506468194,2.2678458160873887,2.599866649288637,2.1148596752101634,3.9415914555620515
2356,2.5220665478735764,3.4669953698834357,3.2544623273756987,3.1507046547452013,2.5862133983956483
2357,3.076902656258625,3.054259046795523,2.5529713238208247,2.9073369922070937,2.791190968788103
2358,1.9277107815227355,3.2573479657519613,2.971620518126638,3.1252052191551876,2.1027208564472404
2359,3.668990127749214,3.233464822295345,3.4057165591505614,3.5937169797506856,2.790649023616264
2360,2.5934726645839774,3.609831731996347,2.562402058379351,2.8345989223952404,2.5112767410005836
2361,2.806796093975909,3.023981497851333,3.0069797017523574,3.1171031206199475,2.844506250117304
2362,2.7767619924123266,3.1750057932105764,2.8370472242380105,2.8984406329062034,2.7825885242506017
2363,2.424407453932369,3.100067340110441,3.6340791698782007,3.15354919594462,2.877938200766999
2364,3.0331000401784145,3.4161738402559667,2.798355512777345,3.1953630902500145,2.601326168382199
2365,3.0297991346745885,2.9883311703990905,3.005873151947687,2.783650470330474,3.4654474097296344
2366,1.943173307871322,3.6969438572721764,4.662290141311096,4.6285585047324105,1.934693094534612
2367,2.466829163077777,3.0987420502842116,3.0603874609951522,3.23172205615361,2.693483105818548
2368,2.4775501275448515,4.434178039550307,4.50651218655247,4.283672007116715,1.8590362473691462
2369,2.8855457547172714,3.0492155937766903,3.1378322307181543,2.94825996275371,3.0894819234840822
2370,1.2809391838092021,4.455458210008529,4.33635077406206,3.823344178869617,1.8155134215495832
2371,1.7400987023541359,3.451761940812972,3.6559668680297657,2.661581176508935,3.130394739837034
2372,3.8719312664832124,1.5846757127387738,1.1434474377029331,1.4076843909471095,4.19349935713186
2373,3.821665065462418,2.468310179123905,3.431929988168678,3.3333042360634217,3.4493316675323276
2374,2.8171715614728288,3.288783384441961,3.2450655283717564,3.0161666966285154,3.02904830654729
2375,3.1359018975258763,2.6984931871081335,3.1224875872114723,2.9807466917860754,3.2717104012656097
2376,2.7092286533424224,3.0391831436320182,3.037390565530805,2.801817714674916,3.1159889714456446
2377,2.4427615876534876,3.7481900532039365,3.836418290350177,3.8398794677150354,2.1483662681919524
2378,2.8907838130684715,4.356331197960365,3.927210226993023,4.412666958537628,1.5795761827892079
2379,3.7539528918364233,2.415250339339574,2.5582704916864283,2.7761853242073586,3.498029753263773
2380,2.255797888525894,3.5862194200308535,3.334473804929101,2.7782982771732887,3.013857386223354
2381,3.1034479486377755,3.569670239245743,3.2431422989025434,3.5806326179626904,2.330990162707864
2382,2.6892954669615134,3.0537375724397675,2.781798145160014,2.9702654642406365,2.7981971069008873
2383,3.217426112706717,2.7664111315127524,2.573447998271043,2.6298556291381767,3.349519128011868
2384,1.946755120277708,2.8432216193203854,3.143871067296603,2.0932179969412923,3.660118901822958
2385,3.2434269184888773,1.841037506047181,2.6063177127143664,2.1323859075032363,4.1761962918463125
2386,2.8335738021368155,2.8650163862278126,2.831677984536831,2.7137678456436394,3.129275553531036
2387,3.476240178440893,1.8328705163170977,2.6527126327515003,2.0156355225010287,4.362787499969914
2388,3.4613398100055437,2.8168350599693137,2.6505756593733247,2.441869510767096,3.67717620534089
2389,2.821294598430296,2.668922628251432,3.1312938578409404,2.9137030159179638,3.2928709743867737
2390,3.2423189822233587,2.665213688995175,3.1231101274107207,2.728952147648154,3.534074270748926
2391,3.545748881728005,2.4173845838276873,2.7842915505068535,2.6574523379541004,3.5797159063028317
2392,2.854853306594913,3.100347519267056,3.533528726849732,3.5808033650159907,2.806276555948746
2393,4.148479271376098,1.057384867153595,1.287538570575916,1.3189444445161054,4.52921143171704
2394,3.1883919777357064,2.733945723728571,2.914571224398307,2.9162285019793335,3.199549454598379
2395,1.6853413575169798,1.8443044191629834,1.0,1.0,4.135871469833459
2396,2.6568203421415415,2.73743169131094,2.712124296324323,2.3947836325177736,3.3624552466854722
2397,2.6512094681757112,2.9033010765899636,3.1474899872936257,2.800603647378421,3.3301750285693013
2398,3.6778331054703495,2.990915680393731,3.3298062280471843,3.7869241179385464,2.723479838885672
2399,2.9734130787388473,2.0153661537302536,1.4905801831274934,1.0784363889733848,4.239315502909844
2400,3.289960309891838,2.825653283675808,2.322934221884079,2.6595182359187817,3.046503129400082
2401,1.5960922847192027,3.4265713535148845,2.3360925773781474,1.7503837512089202,2.823178933871634
2402,3.048510299237524,2.9747046850898604,2.9740870979471072,2.999082996583547,2.9854662277732475
2403,2.9982084784932552,2.8313131621295184,3.188447178690375,3.118865421148366,3.0054505964331537
2404,2.475563405274263,3.27365326781414,3.7928774370572857,3.628787688093973,2.647524484586949
2405,3.246700173897529,3.160252001116489,2.780405961663606,3.3201403388242836,2.514205458581971
2406,3.347810077861498,2.9969852905284347,2.4001642810033417,3.2177974639846094,2.519710019577
2407,2.3069239890989506,3.413159554866644,3.98216387436987,3.219085597575158,2.9438858233486815
2408,2.6746066347535025,3.0145206224962617,3.0740110554504834,2.9405401822838115,3.0509444627346958
2409,2.642239461079151,3.512503861943311,3.63452784092335,3.4598355273571277,2.6720445161390014
2410,3.0973373010317458,3.1936765327922148,3.370182644591111,3.4621003441947855,2.7503326447430787
2411,4.333675654439187,1.4464337792746984,1.0,1.0,4.5046083481076895
2412,2.496789516622523,2.691805489591014,2.8383164533590044,2.4059108987274014,3.470518892551442
2413,3.6810262069045274,3.218667260795475,2.947064512287853,3.2954135492672196,2.7945606507494682
2414,1.9497965324273325,3.256368713397215,3.1682317857404008,2.8355178711429243,2.804996013102362
2415,3.2672211406340215,2.425338334028502,2.447702793788479,2.645152869365499,3.373783336467139
2416,3.585921892004992,2.90661305330144,2.714224014549933,3.211643962378076,2.881474477566951
2417,3.320821650994268,2.783402801458761,3.097138002312271,3.1312586979856913,3.274835041097157
2418,3.5614464292745724,2.5462979177273124,2.8524014389657646,2.690875209403151,3.6916080900836192
2419,2.392473416829396,4.955846973898918,4.542356555911489,4.953869410928639,1.000241766833955
2420,2.0713438100188064,3.641931888646102,3.6870843280197576,3.261051883606432,2.4852118375795325
2421,3.04013906457584,2.924442646286337,2.8025105999533206,2.851884666027283,3.1114238702278323
2422,3.1723657538850674,3.0165620054909685,2.5883581036945276,2.9033998138076327,2.8924196286636423
2423,4.243481966954916,2.1483874449868154,2.418777161280513,2.7568665687315503,3.6438278441228653
2424,2.9446850217989984,2.3785276201304173,2.4905664878932328,2.197763276081301,3.747467216141644
2425,3.637817937767533,2.656551728887992,2.4615675811345716,2.7033460558156905,3.235128244945712
2426,3.021392763333668,3.0600452873907322,2.875430872615244,3.0517457211048615,2.8537451643496543
2427,2.79570913881515,2.8386676943958844,2.6871748513534053,2.564748462696679,3.242257858298726
2428,3.147877709731336,3.181714338238828,3.060175861324213,3.2042906802871607,2.7736687704921996
2429,2.5756784710811784,3.68300460501459,3.2373881528990447,3.303248011478662,2.4155542507789547
2430,2.3491792683947956,3.324287803748868,3.011959643260673,2.915520364902625,2.673970773203995
2431,2.7466376123099914,3.1522032866508205,2.8566797561545987,2.95773516743626,2.7423564691671634
2432,2.312925713221488,4.639039041078423,4.333087830036358,4.244294675440579,1.9042522741094927
2433,3.2355690959495376,2.718690646247995,2.7049871681446893,2.845563243816609,3.015690554444016
2434,3.562718541927728,2.1172194455823625,2.273624957118032,2.235103638170203,3.8098364218929004
2435,3.39102413645731,3.1554771273611815,3.2409649991261986,3.728644967242552,2.541610415818935
2436,2.0098738506741167,3.917896591990728,3.639804982041926,3.4738018704576636,2.22943902723083
2437,2.8419466630394328,2.6499237725974516,2.374038734812733,2.4653493591607307,3.1924613851141648
2438,3.353697221183146,2.891166702958995,2.4153473888764925,2.6278764272555475,3.208078081431741
2439,2.774748615658132,2.4524260161134412,3.06575916279144,2.3761851081159895,3.8154198823532175
2440,3.03431633609841,2.846312858483786,2.9163216356360713,2.9773050564715087,3.0611467868026385
2441,3.027077825415283,2.595813932112156,2.7745687933309298,2.5079264624138893,3.5038955165219097
2442,3.658276827960931,2.1184871190511183,3.081609232423035,2.77322079077895,3.7647223554953273
2443,2.6301214766798195,2.869801743299828,2.9982489704765545,2.801046074997888,3.1211201082778324
2444,3.3924945424966086,2.533881786427863,2.561768641237124,2.8136743468126366,3.3112174307105082
2445,3.334935775963731,3.7439590745539815,3.4426877851148174,3.7456691333019467,2.4680855369687205
2446,4.701489763610481,2.3300914641409216,2.920614255241165,3.769764465462895,3.224475697360673
2447,3.029681991494826,2.721053691117671,2.772158997961944,2.568396906780664,3.33167727832336
2448,3.024971317517023,2.6705518883318895,3.2134798496532273,2.934907981226365,3.4648881114990524
2449,2.7830560137963483,3.0705028371491925,2.9853503698119668,2.9540890330457232,2.809330145787343
2450,3.9164307952028374,1.6540671820949113,1.5976093941957135,1.6771038640892162,4.162681030372969
2451,3.9869902736737695,2.3613474521838693,3.3725432282058283,3.821809822166784,3.045800094058696
2452,3.882402079009072,2.056414428216267,2.086410515970004,1.7071777152881464,4.311173295357678
2453,2.644427126551693,2.630469380131144,3.7025548358119673,3.081872666232725,3.443629119703632
2454,3.1306733356065535,2.3639558539708063,2.883532866731469,2.6287695893357537,3.5718399222481914
2455,3.1627040184599853,3.0368681340844668,3.2892117576426028,3.1332723004970187,3.1585297933344645
2456,2.3825211532916337,2.7849171899743808,3.16748531608841,2.673089633017934,3.1969213294253307
2457,3.2862559801967075,2.8432891079207647,2.9555943707692425,2.9622633434496897,3.201277714534606
2458,2.757032307075508,2.5746378628347717,3.6364605963020056,3.1322200457598615,3.3292672658121254
2459,1.4416957322838737,4.457265696954192,3.2760459840438365,3.433644705903788,1.4951831267500773
2460,3.083430983617162,1.425748353192206,1.5603249656199727,1.1548683728809055,4.362108827424681
2461,2.6280864089029294,3.5929028961605667,3.4951575783267472,3.5995909953414724,2.3404936019482676
2462,3.668198531156122,2.8868039612148055,2.7701371674579827,2.85540130926947,3.329973717417805
2463,2.796193857181156,2.6279085066125543,3.1683537943633118,2.66824468591967,3.4166467541998022
2464,3.5364850240058354,2.493419739421043,2.076552221890598,1.6694209714786745,4.119464514180551
2465,3.768146426461317,2.0534611704207126,1.7041515927484765,2.222859992647656,3.4839406108403943
2466,1.5408772758375207,3.6403943693348264,3.288463489186542,1.950382553829891,3.4172747536735106
2467,2.3735413679411463,4.109059910104035,4.415928271196475,4.4482436118415425,1.8792737331527838
2468,1.7571345124591198,3.564317298660213,3.9545832357443578,3.3383775836961833,2.733757513198315
2469,3.748316493325128,2.1860418417196943,1.5947772313076738,1.816444100249795,3.7234500718033106
2470,3.398715293128823,2.1785442726376534,2.5668460586312563,2.4106518594871313,3.7246166011577744
2471,3.116206656496041,2.3890222443508913,2.356165480842842,2.6003368633989767,3.2078201450255053
2472,3.1477789604301263,3.5258042668331715,3.345866723648429,3.7107901100175447,2.484058677392179
2473,2.2457892130836785,2.9967483801110086,3.0905284208545227,2.6192024980400777,3.227304083012077
2474,3.0813323125347463,2.7742760148243404,2.778751721410813,2.7255970299081254,3.274908978081548
2475,3.9004845546465705,3.0763484953586704,3.4831727031470106,4.114065073164708,2.486791441764231
2476,1.5486362627402395,4.05336298425479,3.609630762361011,2.64826010407528,2.667233729347121
2477,1.532969352021438,3.74770817071206,3.78242644983436,3.4635787021895523,2.2432651577077003
2478,2.636419522434744,3.3350569888235495,2.990568519528923,3.145966895596869,2.522455580355695
2479,2.057049339484286,3.5246053686772867,3.5930580818516225,3.35601598436517,2.4092269064604164
2480,1.9218188079626546,4.791109860681759,4.265108432702684,4.258184120989319,1.6900741009349587
2481,3.568369764858636,2.7581713370122207,3.3973083121740126,2.921587905694541,3.5791956366749753
2482,3.1018746032012374,2.7120579040377435,3.658969629213752,3.2151687242211735,3.3028735096665
2483,3.7486926019486617,2.6628443486589624,2.4949354262067818,2.631964383234964,3.3309758196766177
2484,1.9677755849913756,3.8076387506683567,2.5513055098758177,2.7936311820659743,2.032030338098872
2485,2.878061390824871,2.502594897854235,2.7805854280711344,2.5187897557145336,3.67496630198019
2486,3.7775667608283987,2.6323538778563638,1.6685061458747557,1.96714073698274,3.45079029623725
2487,2.989605930524834,3.4967182034812656,3.306443393227112,3.403301631676042,2.6167030376502685
2488,2.8779818085786175,3.436684110422243,3.0157178959384106,2.9652460548624346,2.670466592896493
2489,2.5884416373049226,3.9349444584297313,2.4779912228405263,3.1048179960343942,2.065753370035029
2490,2.5675394387559347,4.444110276371202,3.9849844771783616,4.462440813081599,1.5607976623930853
2491,3.1172858811758024,2.60860961406023,2.584858335142986,2.6214185788958924,3.3598955231777436
2492,1.894615901521424,4.277077714317013,4.714138790841414,4.528784378403991,1.8172131779049967
2493,3.379644546982251,2.397710483417994,2.7933567457515984,3.2220910800757787,2.9693380381488526
2494,2.9232832758524827,3.32357690429212,2.8235685119766925,3.005401800674091,2.775238264070013
2495,3.478284671581494,2.762240401133298,2.6166995592354225,3.5431530433513183,2.4951786323143237
2496,2.612659302905965,3.4101304497806524,3.2940082242488335,2.998883751118794,2.825334364448574
2497,2.454415395825632,2.7120208515549122,2.980420457325023,2.6315288642144603,3.1995658416563693
2498,3.21504719543227,3.3809966089498413,3.4669476558523824,3.6158370418259866,2.6917743146764934
2499,3.153564033628043,2.99134133743718,2.761771541760641,2.900295464519163,2.967353973881934
2500,3.975944690640479,2.2477490459519953,2.443729199693858,2.6276389177610775,3.7387521999210644
2501,2.2596711057852654,3.39040283136738,3.956614044383814,2.9316071834376043,3.4722548287245596
2502,2.531572385438023,3.2318974433340952,3.0999096951843854,3.0729639944846956,2.760854730718682
2503,4.120468926984657,2.874447842407276,3.651924020794781,4.032251132548039,2.883173972854244
2504,4.041113242871484,1.0900141447100706,1.9191131497674765,1.6262154471496573,4.75546321899173
2505,3.1539436434666004,2.9853997905259346,2.6213802116625238,2.8678759252258597,2.9456221323104246
2506,4.160509986712928,2.6937607039471527,3.1963023256863456,3.667843360963989,3.1043569789240513
2507,3.3651438612629474,2.34979085842215,2.9088160531633394,2.5740525753804957,3.7315468504701745
2508,2.72934419592698,2.864993653780967,3.006924911342694,2.486091862571036,3.494469203942916
2509,2.6538233385582637,2.495945348889992,2.615904688902172,2.0921196031753975,3.754520123769233
2510,3.1355656094259263,3.288863333498874,2.7523397136717325,2.967038634089275,2.742923321175879
2511,2.974235041282451,2.8702385530021344,2.983107982168143,3.0651093237128464,2.982828806135116
2512,3.2830298783077128,2.4875997813677877,2.426810420400995,2.8378203866785334,3.0857923506834015
2513,1.1803904835241077,4.556532445059133,4.03132272144595,3.4555685473110445,1.7929813088089472
2514,2.78671888984973,4.171919734631119,3.734981001156691,4.202463080215279,1.6939162003918575
2515,3.1033038651057776,2.400530514184377,2.485196554378252,2.5850119215794467,3.30727905166078
2516,3.922769422019365,2.5756642077070087,2.7688482747628695,2.910643183059161,3.40768278820473
2517,1.8474837557947292,3.5262649019949235,3.189566103067296,3.1678290741101454,2.276826495403279
2518,3.4569318649943273,3.200499530916869,2.8546031914027745,3.306500974968668,2.6516734997137523
2519,1.688592107575082,3.9498460972860214,4.063362868640279,3.5430744486275554,2.342678172073132
2520,2.1127859933131945,4.70234684685895,3.7564585087312885,3.723829997054147,1.583644992174895
2521,3.4424599988868287,2.828381737461177,3.1717368116117592,2.9635494448629305,3.3530520322746664
2522,3.017106585520968,3.1124359388666094,3.026361541545905,2.8772064973531934,3.1089863909427873
2523,3.9210479057584915,1.5489575321315132,2.4648758477924884,1.8703038470060542,4.741568691780425
2524,2.6537479832580924,2.687655160927652,1.9769237158718054,2.1228778351951374,3.180590986375053
2525,2.942182296503244,2.892680533586769,2.8242096385351423,2.7465964425625,3.1948066468407137
2526,2.2866553356199466,3.5016279256256393,3.1795880398898078,3.073723753889531,2.574595240515214
2527,3.380427121381233,3.1980851155237073,2.7665935053506616,3.003780445632629,3.061325008379735
2528,3.0310587991388918,2.9110227512501647,2.784536188438547,2.8575743977542585,3.062103456044763
2529,3.0958846877305968,2.8724589981460458,2.8257825336947455,2.8911113707668203,3.164730516615611
2530,3.324597778637473,2.556659511806832,2.6107985911845857,3.1184716348273507,2.9327688853880685
2531,2.170511024642229,4.507377853919042,3.2040461511923155,3.367474355620279,1.8084287157778218
2532,3.5301322470616467,2.8354580104032303,2.534335547305115,2.5136599157092876,3.418599630744087
2533,3.4629704296631907,2.5163947989739737,1.6260702922867465,2.014225557952773,3.317765231137517
2534,3.451945872902402,2.881877894946699,2.7240557488910815,3.0537997923670432,2.957184408049042
2535,2.914116652896018,3.1905953925756014,3.376191870355453,3.3295250502407177,2.8286709647711583
2536,3.007267582519369,2.9517532809482274,2.93276447659452,3.162625783782608,2.854620880951881
2537,4.504368442538003,1.9944770467030546,2.8799729337134163,2.3892363807295545,4.413331415722089
2538,3.7618158851053014,2.31851375067921,2.1404454620279245,2.3783062073110868,3.614557053251826
2539,2.4674903884838564,3.767803824992619,4.16197884846607,4.053708167406474,2.2943852243638654
2540,2.6374499827867353,4.066054421959511,5.0,5.0,1.8339699413587967
2541,2.2472200220359566,3.188833532909503,2.417616168853449,2.520603400507861,2.714102904012932
2542,4.028212186429574,3.950419867321356,2.593508540960897,4.262832393204599,1.7499495361484683
2543,2.966859963887105,3.105479019493556,2.879305199152936,2.970180386519267,2.9391362983149363
2544,2.5186173691209706,2.795061347221576,2.7568349092637927,3.1066765020408296,2.525469878476393
2545,1.9181706646417265,2.794498191326754,2.552475235207113,1.6804780231317609,3.692908603192453
2546,1.3511676822906151,3.380353809137211,4.078149228291149,3.410596111712106,2.6576034784580016
2547,2.950442719654967,2.7888086705711173,2.296835004752707,2.4365841715293683,3.1358154700357357
2548,3.3761058776523942,2.7926874527224452,2.9381183883243986,3.0164025742789238,3.1765626509856633
2549,3.382010696588331,2.8269961696835644,2.680536063870346,2.743839839595266,3.231963836513359
2550,2.989672251426254,3.225593547589914,2.960128994815954,3.1556209568764277,2.735878612407812
2551,3.192580959374406,2.694527987606327,3.191741913014621,3.1910683438970473,3.0951064124006264
2552,2.8372848406763365,3.202620778288465,3.317389357610381,3.5028419352032687,2.669415768859082
2553,2.916486984057155,3.32347817788749,3.600987522017941,3.6887377622865207,2.57910036690737
2554,3.345765156070197,2.8458636126837127,2.8298923604927384,3.052067821532133,3.0658072498345463
2555,2.726221567561675,3.143404975430606,2.9057983338780575,3.0050330361863944,2.7234293526070372
2556,2.587457816945072,3.147233931244387,2.907604078974418,2.8791508795942544,2.866301267173658
2557,2.8431576987128206,2.097276618280072,2.400637172751945,1.722051897433924,4.158993133432653
2558,3.148238097402713,2.978920712486359,3.0873202523603083,3.146441797301405,2.937850796185065
2559,3.9188117723351885,2.5947015000614733,2.458222877628952,2.90712926036903,3.2407009222823384
2560,3.098917259602042,3.290184338914919,3.521542855995417,3.766635075631176,2.4829886691322955
2561,2.7774744610105677,3.147064154436304,3.5794090164970456,3.3496514967678976,3.0064871681020597
2562,3.12233999593014,3.270819002450197,2.7002376909384944,3.186127722013672,2.5434909052283015
2563,2.3012998287821476,3.1248158573997906,3.3042046090984636,2.8161516348695845,3.0858532242840138
2564,4.68567340562705,1.0,1.3001023801178506,1.5156339461995219,4.807912624470382
2565,3.028459207951557,3.3923615811925227,3.2040610427971195,3.245577019448895,2.7854455280245847
2566,2.610189408032239,3.222637198857641,2.8456432904554845,3.0186498995800446,2.6597440779748265
2567,2.5394987842392087,3.5662067014645524,2.7868343069163624,2.875194677297226,2.5759099518992277
2568,3.344858055867106,3.173785126387827,3.644612042931412,3.37057105046617,3.148306917886195
2569,3.309222919514326,2.4652718723481937,2.7926093330272512,2.7035214367531983,3.5410226973457064
2570,3.222411192468577,2.490154938615345,2.7792688866385316,2.941626402929955,3.262498921546967
2571,4.289912844284093,1.9716728894000535,2.3935316499453054,2.5330388794808925,4.025077957870927
2572,2.2324231365205383,3.183314148472201,3.2020320982892487,2.9080960132050797,2.7977173916112315
2573,2.441477824004776,3.288799660096211,3.558587341948767,2.9703737930936684,3.084891486216048
2574,3.585779643941336,2.4014137655220313,2.734677168147121,2.5056621599608957,3.6515923833043837
2575,1.535661386175352,2.233850836265993,3.963380918511784,1.8983710186994012,4.857998963611822
2576,2.2667294206504405,5.0,4.209571066561908,4.55500299215951,1.2187322844723725
2577,3.0001618722708754,3.9682567308693395,3.3653117023261556,3.9025237412812297,2.0848181125663396
2578,3.627449883437697,1.8933557173532816,1.6221818293068595,1.751724301110253,3.938801407009644
2579,2.489303230270705,3.241707825323665,3.167654593058772,2.905489300010652,2.930173417134379
2580,2.407470390131614,2.666441844235419,2.494293717580656,2.3402332352786774,3.4254734266479385
2581,3.129035940841494,2.5500357132930724,2.1331070716609553,2.0048428845191277,3.546103942711635
2582,2.69898320982931,3.449774671623713,3.438760287376275,3.3430072778334146,2.715266647570645
2583,2.6776850337122617,2.818860275818203,3.062954295932382,2.74963872211548,3.2200103924221053
2584,2.7734057180762965,3.2654973749362477,3.0826497713953858,3.2051928738726287,2.6610616731192813
2585,3.296118955771662,3.3623096277909292,3.8544405434737348,4.2056964378018495,2.5804971585967267
2586,2.8882670893933207,3.2398799369261075,3.488191116644279,3.6247530676885633,2.6102354740369575
2587,2.5137758416747262,3.294960474447719,3.5111547365644196,3.0530657185999983,3.030754764850233
2588,3.22900866690331,3.0332635009817057,2.4244752603727857,2.552340691935961,3.0927616369102777
2589,3.117953889737816,2.889253199014469,2.8003630828972357,2.80562563819802,3.16507287181648
2590,2.473072699015994,3.0924104343929963,3.4226386466644176,3.0606876895301034,3.058796086974778
2591,1.5256612834206384,4.175948308506413,4.274692581919333,3.973653596825309,2.0070600270119296
2592,2.737630218459793,2.73618817461643,3.1883118284576715,2.634180951826406,3.452773165974721
2593,3.000100658772433,3.7451232635054224,3.446285445527334,3.4820479457281355,2.6121299323043177
2594,2.840808467012464,3.0698828963071763,3.1572715191253726,3.0522044611710317,2.9863637295497503
2595,3.527351809090991,2.7066425917584995,2.601594492658257,2.804995538155568,3.250257342855431
2596,3.2277324771220366,3.0513778430305534,3.0657914576526504,3.0689727549578025,3.0039441678821728
2597,4.107660578173711,2.9386341935959117,2.341950347685835,2.603965759352535,3.307760288171443
2598,3.777671125818749,1.5946974164231666,1.847510453991152,1.8605282785136956,4.1395060064819305
2599,3.0737906613138137,3.209948224575221,3.2146380087789206,3.129850113589101,3.0096805753171068
2600,3.077845611693613,2.736522022957052,3.046698228238602,2.7544347636902082,3.392205645700962
2601,3.58806078435952,2.3656504098842808,2.7202429599647875,2.4677785393729814,3.772571033058467
2602,2.4680800316073133,2.711101742880972,1.4860884622466632,2.007866328880959,2.8843193976036425
2603,3.0634016306768594,3.228294945986181,2.7526673454099515,3.172313729010737,2.534198772979187
2604,2.936334379258426,2.7653132112843504,2.5606906000577823,2.4291334750017475,3.330665058309822
2605,2.6288122235146605,3.2824348667762555,2.9957014802853568,3.138460327881599,2.599774478795822
2606,2.990261051213637,2.5175142607905325,2.497960932520067,2.331729337659498,3.589383496623422
2607,2.949975106574951,3.2538759672423505,3.7829521682920433,3.402047784597781,3.09078361927951
2608,2.8412395323269295,2.8985713753269846,2.687948593869616,2.8585194937635814,2.9082929167178255
2609,4.705327772487357,1.0702289627419754,1.0,1.1089851323039337,4.450170404221694
2610,2.7979688042520876,2.891883359521656,3.0138084063336543,3.195555038453358,2.7435884182269845
2611,4.15740929029481,2.590273022799607,2.3164673554343382,3.0000282074977997,3.080119972757847
2612,3.236300229417336,3.295705759949237,2.9849974711250917,3.4336178398246924,2.4610119123410943
2613,3.430199986548839,3.2797397709624523,2.345245682161044,2.8796517055438007,2.7411710319558864
2614,2.4591586609671428,2.8649625701439496,2.2578224928278523,2.4900324189211736,2.8143850355193045
2615,3.227688722023809,3.2622748070250305,2.947556360529703,3.1828145534250867,2.7948916875031156
2616,3.0373383876514244,3.032096302524799,2.8060425573954815,3.0089105749864715,2.8878870218396773
2617,3.0841940836266497,2.8379221828286503,3.421838246643434,3.280163545637256,3.1473395532444917
2618,2.551230915333797,3.607760741681827,3.6461854403836913,3.685954390765634,2.37361059266366
2619,3.4491181840698917,2.7343399681689564,2.54757776912184,2.7282930649119197,3.2560816864309468
2620,4.488943337072851,1.5677930732045322,2.5478343047982697,3.0224122589154154,3.8417104829340643
2621,2.232243362943038,2.9920974220011463,2.527617183893188,1.970045211546267,3.604936945014153
2622,3.2754003637721976,2.04310410611113,2.6145287213597155,2.1618823122264788,3.9391393604013993
2623,2.9962619126823062,2.794303306493606,2.3799282396090673,2.29621484831802,3.3012709200766173
2624,2.080192505532745,3.687652842990895,4.251906398773098,3.456228856659599,2.8735930009619923
2625,3.201262612033208,2.999942560026413,3.1569779021375117,3.3016846620181015,2.8856931357466142
2626,2.498960195802681,2.8436604436871673,2.6006843833966773,2.62352111625065,2.915967540870905
2627,2.3133327516763753,2.5860591772794295,2.8531101297530426,2.1346642163052403,3.662183395128152
2628,1.801475562552395,4.433051274732664,3.097685807102749,3.2822613617157086,1.6828156778075003
2629,2.413594139738673,3.5304436692352463,3.3919781058360052,3.2616548081281955,2.46675038817295
2630,1.9216722380972433,3.9226883896473694,3.009841406692804,3.176671855855575,2.0979605721663095
2631,2.1474037941805006,3.0141919857667103,2.2338051176223437,2.131854793333092,2.9851284601395203
2632,3.2385560925749552,2.159681923446039,2.8144867869954417,2.5527604089007765,3.785976398073539
2633,2.7197295251133577,3.081204622539185,2.796568426041007,3.1119272988099715,2.6213916916031543
2634,3.2672878880622283,2.812384682626991,3.001352987542454,3.079597181240899,3.1733573028224082
2635,2.8311405462446744,2.9896945209406325,3.121550525337636,3.179453585458096,2.8712817084733033
2636,3.1326248842649447,2.987586874031516,2.979162959652086,3.073992148062501,2.96377376667533
2637,3.183656513738261,2.825978174379301,3.5413065107218413,2.89674299127473,3.6189107861542644
2638,4.422564879480474,1.5636487903766751,1.2995792379120126,1.7554996358441346,4.262114162040838
2639,3.260058149465601,3.5472661410469577,2.885031321834775,2.88289981824504,2.9473466425839434
2640,2.9931083771199725,2.835042501763467,3.06341392301395,2.9779129593553875,3.1805560740871326
2641,2.828401396765657,2.925762528028025,3.153760785776987,2.9346813564269008,3.18883612903186
2642,2.6996821834861793,2.7871188346724884,2.9523792332215777,2.6777775674586994,3.2741659745948084
2643,2.8976212214111072,3.115745886056625,2.949553754301451,3.054560163046334,2.843312625601539
2644,3.2665284746457752,2.632980680773296,2.9473835555399868,2.571274468918172,3.595537547404265
2645,2.8410199633072932,3.001659583311208,3.2861843005957403,3.2212943056137107,2.902616016602484
2646,3.8235261254772324,3.300378151565524,3.0076065096626126,3.6140887651303073,2.555457726153997
2647,3.640510099932319,3.1758700138677587,3.1002931481209237,3.5588452662927486,2.743548900332742
2648,2.5461266679530796,3.3021023304638613,2.9691182991337977,2.7179044434229462,2.9652524273598866
2649,2.917608280255894,2.907738414014156,2.623570470016769,2.7233359235500885,3.0463695620194042
2650,3.037881379251291,3.2029532460992183,2.92625877222999,2.9551441926040445,2.924970227770277
2651,2.8203752544093392,3.51266351935939,3.165178456651984,3.5495276317506033,2.233382328120372
2652,3.329278052662753,2.1437302486219485,2.6155045075712793,2.685042326044171,3.516330672038384
2653,2.818719975652715,3.1771805846968517,4.058662623547555,3.932355621229714,2.6729008472561424
2654,2.2861759571208813,3.5545587123879008,3.11584493810507,2.9350603536157354,2.5923896117956406
2655,3.4224382817857215,3.1687553835511917,2.7615561563733304,3.067464334016261,2.8970431447060374
2656,4.5582739353823545,2.9063928922758575,2.9254418576689765,3.8542651640745396,2.707045134449581
2657,3.3909003114000633,3.2453144945475754,3.063109247180615,3.592750915116981,2.4228787995791485
2658,2.37416613760211,3.4464340418920503,3.8361173815237053,3.6012007948703544,2.525475930229892
2659,2.682638574085139,3.0919677488154633,2.754982359435907,2.8383191176895357,2.8132577222904906
2660,2.923980812854033,2.76263031178678,2.845147713208616,2.86897320432949,3.1492382621262944
2661,2.824999998799606,3.4661632143295478,3.2507312358135936,3.5749277730731963,2.349113332186211
2662,2.5242853388269832,3.6627826905550673,4.118725404131744,3.6854973340881627,2.580227795388729
2663,2.9305378552401447,3.2061313659052497,3.513451448965602,3.1685231545566976,3.1060487999232556
2664,2.7487336451446738,2.7773521509310504,2.898781456796067,2.4946510725536655,3.412184446534047
2665,3.928083810721744,3.0173230000693017,2.0704479751356484,2.693896584549858,3.036613308650167
2666,4.1628368256635495,1.0776823323138887,1.7118750380296097,1.0,5.0
2667,2.880770821202745,3.241835555950714,3.204086385462589,3.2951194017433068,2.7729436873773996
2668,3.549721655412233,2.9114366448699673,2.8578964918489236,2.99556352111432,3.197306068980584
2669,1.9190446564712675,3.5066284588484815,2.8792267829758704,2.73218781696382,2.5356758265685895
2670,3.435403013134099,3.011474890254609,2.9543996268788124,3.3073542533758618,3.009508618469439
2671,3.5063594840532977,2.6939060353896314,2.458060946932211,2.7752272257592425,3.1176051795409974
2672,3.1469308435260874,2.93758806066603,2.824744110995255,2.7892507869912317,3.199522124013309
2673,3.7291965417719823,3.05041484001349,2.5775704999686058,2.8546212962493493,3.1268958653106487
2674,4.452789061920817,1.0,1.0,1.0,4.734511516133692
2675,3.2917503977476397,2.4321966665918966,2.5627877025176575,2.56607955693618,3.4898296858484983
2676,2.787902999575738,3.1189156017621165,3.173564298771948,3.293072346073176,2.714785965693759
2677,2.9811823526312495,3.4394723101645353,2.84727139031409,2.864555722953883,2.895113624697763
2678,3.079270552749807,3.045888661448751,3.28311065209145,3.2995388811492914,2.8509044307094893
2679,2.8334628630568126,3.5663074758433018,3.238354330955166,3.383062295834597,2.468193247851982
2680,3.2018358723842693,2.1407273501785884,2.196826453994184,1.8112943163854613,4.042790293656407
2681,3.398035037474757,3.0020297437428733,2.5375507367835755,2.326245208095642,3.491062866112563
2682,2.037892058297595,3.3601503754429785,3.440806630786412,3.2548122984212884,2.5462404902634947
2683,2.9281971365034654,3.4246048765566606,3.4238429796663814,3.4179629480262124,2.617309312647685
2684,3.0072094636286737,2.6858594525165334,2.757530366959619,2.5735067663715028,3.4165232115731303
2685,2.839480204991048,2.3829987206577443,2.5934654211538946,2.3720361159344883,3.3847032334416207
2686,3.5209911818748907,2.2619355901865577,3.087038911905147,3.043925488371752,3.528174884891911
2687,3.4788709953257912,2.486141852618533,2.973284621327555,2.9042750540579996,3.4723297065395764
2688,3.2296605286387923,3.6305568361727896,3.3418378047439585,3.5521714959660864,2.563348985775125
2689,2.8608995766387073,1.9535368488213105,2.883521229352436,1.7753632381700506,4.649916157487373
2690,1.305807335836521,3.1595600875621237,2.315052029947824,1.5698785126989958,3.251984408321325
2691,2.7492004157542222,3.093016512255016,2.9360876740384807,2.952946353364941,2.881989537600239
2692,2.9823190111305355,3.3761631241783068,2.8839925464437117,3.1775940818162005,2.622515515075149
2693,2.8053152204386205,3.057438868298968,3.0247157106860083,3.120941500952641,2.7108643907009924
2694,3.632923210981187,2.5943892670705875,2.6149640613557428,3.000382451266769,3.156669951346638
2695,3.6087025110337896,2.813741004956719,2.7754213701038855,3.0712310564486582,3.1313131449536455
2696,3.4955053613115687,2.7315100873899887,3.297509250590955,3.4877174060505647,3.1857109788147095
2697,3.287758556439238,3.2246156257187115,3.252888237407449,3.4249978969457935,2.7941788929634193
2698,2.8846809128017807,3.700353361162708,3.5671409551108795,3.514583890557238,2.4401065156201165
2699,3.329160041063346,2.42157586452461,2.5084288483848884,2.7564889835631914,3.144448204676115
2700,2.685879364870722,2.421855983312785,3.152422054476867,2.4181075962079768,3.784166347916284
2701,3.224713841957138,2.082240623919812,3.3383872429091115,2.790454521819981,3.967464862183765
2702,2.485848448602456,4.047906243065752,3.9840171392554837,3.708044878140425,2.435509378061084
2703,3.0137998314043126,2.651391756563151,2.6721932956401506,2.3381594139109896,3.622554468237856
2704,3.3107969555474046,2.9257129272032594,3.4183233243943096,3.4539801905240126,2.867911469372097
2705,2.4492357836319787,4.29117826573124,4.31559790936683,4.336644481655193,2.0110547634683056
2706,2.5741866910337747,3.8620661259075746,4.037950192708972,4.415481084977699,1.7193064809814942
2707,1.911615061859443,3.530452867591888,2.605847232592501,2.720778645419397,2.301051074536523
2708,3.312700000486896,2.236962912358136,2.8202878998225183,2.8238960910246425,3.445038813376069
2709,1.9086770945533618,3.8943861404366125,3.9100601861638387,3.842327562421882,1.9382401195934282
2710,2.9391574859057927,3.3493701888811174,3.822121761266171,3.7413457718358405,2.7250136036848884
2711,3.844134986434958,1.90361314671915,2.228650789980499,2.0753691096490283,4.161382014708295
2712,2.5788538913886705,3.267746704680361,3.0911112950028206,2.8361183287052265,2.99003789551482
2713,2.8671622137891166,2.99475755278181,2.485432566308962,2.780479702017986,2.897575375445064
2714,2.7595454802650106,3.553302747494695,3.7956169406215645,3.925360319535348,2.3761200818844452
2715,2.8664369341023828,3.2143408879302062,3.0672624730471334,3.298960559007639,2.6908063557358326
2716,1.8553631781053341,3.794163172092015,2.7039872454585634,2.6889976414442818,2.3323847726312303
2717,3.338568339158872,3.245064839772613,3.077171276415573,3.556093180841066,2.4596862658124063
2718,4.2957349413172485,1.8729473345951573,2.5857029207417974,2.217198038041605,4.517544241916734
2719,2.856974483792434,3.0434730564570613,2.5674464302477005,2.802206629528383,2.8082188939648214
2720,3.176977910334528,2.9456422776574165,2.829479360777763,2.815067956621577,3.153688788313841
2721,2.8760343467385976,3.2655367883555924,2.836192988136401,2.9791328358425346,2.7608679565549936
2722,2.985303540557813,2.2825752075682955,2.7950539993895562,2.7165846175889548,3.473947477728893
2723,3.627987867421546,3.045615650221051,2.8190273207394787,3.2111634832637366,2.915554368302209
2724,2.7765151873490974,2.8204126511757557,2.8743691921035257,2.7684811195994286,3.1277817457717356
2725,2.754787644436005,3.045713209500719,2.33956960226135,2.459568302863615,2.894350319577272
2726,2.3908525119530837,3.6978741765232357,3.305323062042864,2.8964452116804136,2.8315349564890315
2727,2.919198608009951,2.7751409612948232,2.80082627129923,2.961873682723125,3.0018268488082684
2728,2.8226979521688986,2.5645507375252006,3.0207626574571673,2.542621310541782,3.4749509760718227
2729,3.1747675104408515,2.6130264910481142,2.8028843511734243,2.649465118988657,3.467304189075281
2730,2.98246562866407,2.5261181475122427,2.265312305267954,2.4707638138174426,3.2347916408827633
2731,3.1539591636316824,2.732740989143193,2.5993001450202455,2.4713949439102376,3.379186304819692
2732,4.116828094598269,1.9275982396390612,1.5900809213215041,1.7113783332463557,4.209991802841979
2733,3.164384098417379,2.4952452513665477,2.535533016287513,2.2492174506407516,3.675161388516292
2734,3.4254366113031067,2.81114106487558,2.5215907914812705,2.6636271656436277,3.264473859435155
2735,3.320638113375168,2.6267210492999875,2.899100816184316,2.786963472845764,3.3872559319757807
2736,2.5667706269342214,3.7753667948811733,3.7042668505593053,3.776358572032415,2.216944067129449
2737,2.677952029284249,3.093663349298263,2.9130017196795626,3.145188305053779,2.761484855151947
2738,2.1653085920146955,3.4497386969389936,3.0305698680765074,3.009570767476708,2.5051519714664234
2739,3.8022693739111824,2.434904422035262,2.18986147155955,2.268712119197016,3.6686762954976597
2740,3.5126827168527504,2.888088378075427,2.2247090471872877,2.698303925546051,2.9367229900571172
2741,3.4870327347376535,3.5379410744919504,3.810905781468123,3.7123138760106893,2.8617518213507447
2742,3.4463987063121415,2.8654107809400142,2.1149943904853794,2.6344762578860994,2.992919982102222
2743,3.3641749450476874,3.030968066391372,2.9032064527728916,3.327014675215251,2.7459754757528585
2744,2.969577071576577,4.148038634831829,3.23808419741634,3.717032158154894,2.022837538849918
2745,2.9982232722612747,3.487252274177351,3.042687271781753,4.059436602437366,1.9360186940877602
2746,1.42350177813863,4.456313663741666,4.447667176492516,4.2013108789421985,1.6511301974463528
2747,3.040354849786284,2.514119079106247,3.7243965657790303,3.473940190414086,3.3284214427500562
2748,3.5440420813403817,2.5237935808286833,2.6594923189934,2.749933753369424,3.445531962040127
2749,3.011949563307942,2.3656398058247374,2.1887626382000764,1.5989250997475268,3.968697481981062
2750,3.490603536536393,2.350903652857188,1.8951971711162177,2.179897182487823,3.533934765281986
2751,2.6601318594622065,3.120940191637095,2.989456570413549,2.833441608536438,3.1025849225374125
2752,3.6437253069390096,4.508865345792342,3.1871634076578057,3.8918986804833544,1.698002442100189
2753,2.354572268612782,2.3398378470075065,4.397928027127436,2.4721285029625273,4.665567242996288
2754,2.7739907746642616,3.2325821856489543,3.167246238701491,3.228298977084935,2.7338642488773184
2755,2.353680515233294,3.151970213667634,3.510006489243242,3.183709249412928,2.8682116549847185
2756,3.32894056290504,2.9667248204249264,2.6779967473521107,2.7551322472013893,3.166861668874882
2757,1.0,3.8797978432754947,5.0,4.747821903527402,1.4326894372804004
2758,2.6476356403919095,3.127552073813075,2.876504862274328,2.991379048224202,2.7627526816869405
2759,3.5908900320701256,3.0503370556191767,2.8720403081121724,3.07967061333702,3.025981262751962
2760,2.985506509961533,2.6032390841121544,2.979372914918036,2.695750691262799,3.4866642170161404
2761,2.982583414704095,3.7893784330006532,2.9311151865128915,3.422387294591364,2.2431674068691594
2762,2.9390068297312344,2.992485475929342,3.5553715000450907,3.249889197509848,3.0857700174326883
2763,3.690277943958556,2.356934803228595,2.367039998990803,2.3779922283165975,3.6882994977683694
2764,4.7755904587221245,1.0,1.4337992967162452,2.1388599361434117,4.351314236942136
2765,2.7186683623922763,3.692144296012406,3.666344527728451,3.815237207084169,2.196589715926297
2766,2.1949150623145046,3.8290627157371713,3.35789992774413,3.2515889634171566,2.4199607772239218
2767,2.9344778103064457,2.8171347794557176,2.7579282983990585,2.7803570894490397,3.096553830715381
2768,3.7527716090194856,2.7486484285217063,2.0565852820567176,2.0589157010716446,3.6178226313294783
2769,1.7372772543404003,4.3985040740787325,3.618810297214866,3.5474041122396622,1.9254815463723423
2770,2.856491928427941,3.4222499943985647,3.268675440771292,3.3067881640389967,2.6313410297006623
2771,2.9193342429141764,2.39788805661307,3.248903690441323,2.7779788777062575,3.6762809305598263
2772,3.288557986632044,3.9847045401859744,3.3039047136015274,3.494479737314463,2.3792195541812067
2773,2.766253024167998,3.1964654285574703,3.1889000862186987,3.11879458839356,2.846922122657305
2774,2.119546871437404,3.44346174911035,3.4528789512166447,3.0127812889981276,2.789859830471549
2775,2.7191307093092227,2.9687972668509577,3.209165691717728,2.801071415019109,3.24451207325201
2776,3.7533096603762366,1.3730472671027218,1.8165693175507815,1.2284448453056178,4.892603567155812
2777,3.6459421045097336,2.5576825076509686,2.9776382918301376,3.331479392006932,3.0333795031633417
2778,2.827648275917871,3.0762188937917343,3.0497652701796887,2.9723006745451617,2.914884300440489
2779,3.5506979051356993,2.99760128423934,2.765612956141086,3.2313936218610206,2.8109781718974225
2780,3.467663737348298,2.9575928545940227,2.7621621982934266,3.1297533889517513,2.8790788599812998
2781,3.1870846884015904,2.6491681218877297,3.0032791340080487,3.1482609059050524,3.0968195139844648
2782,3.029739874181553,2.2679227132535247,2.9221322174376403,2.6975593906924105,3.455710264486617
2783,2.4039650920690794,3.646647894371094,3.0150104096229016,2.8699771495348285,2.525625387464192
2784,2.94976865376793,3.295698769721386,3.145008442847052,3.2527422095649428,2.752018436709776
2785,2.69418274894387,2.7719078000354376,2.832360599503257,2.4745411763075316,3.40709446229843
2786,2.6852925796938862,3.871493257583165,3.860120874645489,3.9929529413009024,2.232158283646547
2787,2.978632921334739,3.280462305659306,2.9780618338201506,3.0568369019801116,2.790515157673446
2788,3.1106389943967483,3.099431686475768,2.601363792706665,2.8559010268255314,2.88827051708993
2789,3.280966608132742,2.359367473861409,1.9414137744864663,1.8951193980293852,3.6507218047959653
2790,3.5092889948944626,2.6682471878302456,2.6719013068358253,2.9614139363455125,3.1380287923271633
2791,2.6175528065752465,3.675774061402531,2.986159627653153,3.3503383551978714,2.232156084451659
2792,2.712124009602684,3.3773781530605738,3.5391302487631267,3.0971348349867425,3.057428316904797
2793,3.049662502095656,2.936979268448927,3.069329480362086,2.7441110437566185,3.372865543214676
2794,3.931762712463497,1.5337627013685033,2.52750181223553,1.9543879676528222,4.643728814624264
2795,2.731348504121373,2.6580221197019047,3.071966968362233,2.530503493080827,3.5670166430355277
2796,2.8523556754977357,2.7067011274368014,3.2945217119758725,2.8021641579763736,3.4203270761639053
2797,2.613397202066485,3.4957679275190188,3.732395798404041,3.7215185533004673,2.451598937741935
2798,3.260368555595769,3.2923311770074712,3.5985305124699716,3.060381672189651,3.3661003803014293
2799,2.974287138860297,3.3489061855741875,3.3258507432429045,3.276572604113128,2.8094384718714633
2800,3.2432083275369123,2.7763565742998804,2.545150780362782,2.664328060049046,3.194253051544859
2801,3.4541779222093436,1.513709811517188,1.0,1.1804844875465272,4.055140194987044
2802,3.896965211144087,2.376766974086573,2.9478739392460356,3.178225356638919,3.3392317429973364
2803,2.4149432042393015,3.706932542555588,3.6167602565153025,3.7667578374049295,2.1564182818216167
2804,3.1728731555601457,2.4473777956335323,2.284418409992304,2.168980882362747,3.6420321752081595
2805,5.0,1.0,1.0,1.0,4.9918150513091195
2806,2.454967990184286,3.421310018666694,4.02196290316742,3.740437007581421,2.5706738075322835
2807,2.132565760179702,4.4205779905530385,3.9516738500259834,3.7573036282810492,1.8194802392522695
2808,2.5694274567983295,3.3655243617156017,3.1371398959023873,2.9814997158806937,2.8056985300018726
2809,3.168810442840391,3.665682950391031,3.0243782177933767,3.4704924650044227,2.4348831728954305
2810,3.5711115791783508,2.409712283292565,2.2358108660004197,2.752024409635484,3.176640351508431
2811,3.7698114046866067,1.9079310903857916,1.7781093208028542,2.1136220585838124,3.84101705901585
2812,2.644887764584034,2.4480633102271376,2.4343831725951866,2.2500846889960435,3.4638513758311107
2813,4.39777712574848,1.2557800150189409,1.5684524982337853,1.4944646978013518,4.626497223196655
2814,3.0015562439683605,2.9126409839369303,2.8927147019547346,3.022171489813574,2.903087608372434
2815,1.6044223477364854,3.3743833680504336,2.7243778612557823,2.0661478748480384,2.9298032364305695
2816,3.110201525241623,3.1095427621899976,3.160986292506648,3.082215501455358,3.0395461342796235
2817,2.7552510358633926,2.9020790431690515,2.5148044207796683,2.352509356392464,3.2763605218198575
2818,2.870126634483648,2.8251924316302834,2.531080940805858,2.6920496038337087,3.0219804578260185
2819,2.96636900185199,2.1185494424605174,1.3339210606848348,1.2131325096761487,4.0124304632725005
2820,3.312055032702875,3.099489105091468,3.109985775441326,3.214794961761609,2.9981505658457843
2821,3.2623958849420394,3.12824410031642,3.130214108808532,3.4558199422528735,2.7499962673413014
2822,2.67966953666787,2.6749165220836506,3.0331809229149687,2.7066551764495412,3.333974929165967
2823,3.3381633676787734,2.6390227167611426,2.8204987684193124,2.7591377792859086,3.342903197784674
2824,2.7122507748057307,3.331204895445202,2.8808707470470343,2.8854379745123593,2.7347623123892917
2825,3.3391850022421288,3.1812207088442572,3.6740828931498015,3.3418302690407065,3.070812677446352
2826,4.743444999523998,1.0,1.0,1.0,5.0
2827,2.651409894579729,3.1430285588227855,3.40591102208162,2.767252862521989,3.3604328779960584
2828,3.2960723700206622,2.0179385432507138,3.184127167841319,2.515057722019828,4.298551448327192
2829,3.7595812045519112,2.2374633550336096,2.039827174200589,2.4742532621153535,3.380419953961051
2830,2.9733763034270306,2.837852216722182,3.035351252714732,2.9080571617468314,3.168549671453295
2831,3.323285806479477,3.287347364480772,2.752498195715736,3.255052352648606,2.6520620575986946
2832,2.8151194223188516,2.4627216058928694,2.5964142336729936,1.9960551356429064,3.8894953164421375
2833,2.9081205656009708,3.134696873670063,2.9610155519344725,2.8562256256376704,2.8932601616644495
2834,2.785207623165572,3.518060639789029,3.870710074532373,3.6590685161586616,2.6576113398570307
2835,1.0,4.171891793976334,4.385484616153041,3.797861832774065,1.7951552806335482
2836,3.2421074510809023,1.0,1.0,1.0,4.705852248636499
2837,3.2492477540362454,3.0348893929978646,3.1957253292683188,3.311168234782481,2.856860964678302
2838,3.7094989421190903,3.3392959940897526,3.022241595840715,3.7782763499256986,2.39719624279386
2839,3.427428120027952,2.1033772865399523,2.6526776808938872,2.4909102433023773,3.8089375767586904
2840,4.934258970911895,1.0,1.0764443700070612,1.0,5.0
2841,2.4892381332253346,3.4027159939012264,3.4143497096790734,3.681509084063857,2.2467489995624907
2842,3.295724515732654,2.189806818188243,2.7535718776797506,2.5734683598820447,3.600182215254739
2843,3.685851607831421,2.9379078990110523,2.758613761903792,3.4838744647663837,2.71468507950017
2844,3.62775892477368,3.343281139313979,3.58441701324307,4.204363821645735,2.318177268545838
2845,2.4929546391566184,3.5199981864656733,3.1201253387483647,3.170693699461627,2.6306475647345158
2846,3.2028242285434776,3.8226175687509043,3.651134773993855,4.174728070183478,1.9442570069266498
2847,3.325269033645801,1.9525443317280824,2.2508483220356985,2.178208315977552,3.741096140888158
2848,1.0,4.604261332207146,2.89679917521191,1.9284358343536794,1.8444912282646548
2849,2.6144459837420957,3.549699710294998,3.039021259604418,3.165486911483069,2.5255784904679004
2850,3.777172942227047,3.034873076403993,2.9330272105121966,3.8169092829398528,2.4833034571246166
2851,3.1567527280271306,2.8309466770183347,2.6765942301021552,2.7840336821265255,3.1492372160322417
2852,3.2749519868000765,2.808162502159053,2.709261004065122,2.833742174374206,3.1432854308065488
2853,3.1534682143558923,2.979547150812183,2.97453039970465,2.9224508879986977,3.08305719422608
2854,3.163869344457941,2.995384433352716,2.7921530602543463,2.648570149038451,3.3144158182506738
2855,1.446791619326423,3.8581818873023392,3.528684714525079,3.4540707612370314,1.9785274188631066
2856,2.9565232859877977,3.491269985464554,3.307383251930614,3.5839576218309284,2.3761639107882386
2857,2.8016637735282828,3.0501362032976953,3.232410634577409,3.023553767062472,3.042299496971687
2858,3.0224834560676577,2.9387241462456526,3.091695214166205,3.4103728175982773,2.811339231247633
2859,2.825565404142724,3.0932204127559886,2.922662951508611,2.8835282883541433,2.8821553712906485
2860,3.018330390481587,3.1186690881123553,2.562868956334908,2.8003154024423553,2.918909586151265
2861,4.380369617885324,1.0,1.904913370532778,1.1437740391940079,5.0
2862,3.4745413669783467,2.4789254991036747,2.0534354798070606,2.056812227154373,3.6718808809207895
2863,3.0984627905693443,2.8944312938686045,3.378246013175919,3.2930243567855495,2.9856502889803354
2864,3.3207067579282725,2.15133506122826,2.7535147223238203,2.5208288240013834,3.7282639308837555
2865,1.0,4.50907792407349,3.839714056415599,3.268510095567946,1.7142915542592199
2866,3.0058002076407275,3.189829871807443,3.3261533419694156,3.278222376452903,2.8017270217088512
2867,2.524819408262981,2.210169439305469,2.8793614961565597,2.2648936450336574,3.621180426105744
2868,3.9398387440694433,1.9236580339213556,1.91909334296171,2.3160426057167456,3.913206978271114
2869,3.6468432400401793,4.433550030716182,3.2292431465558433,3.723661822298453,1.9868816630887258
2870,1.9412932042943072,3.694005715107448,3.082327056946247,3.0263954573873106,2.298887441905776
2871,2.91003164037268,2.88344944974982,3.104309747091196,2.772920727456795,3.362654274464558
2872,2.8866268159094277,2.8699881363917017,2.5568813551713925,2.82858747406066,2.8462520632036337
2873,2.940276316485651,3.2430035427464956,2.4818285153056636,2.9472707436747045,2.6555487074916146
2874,3.4722897960673853,2.1604418969543704,2.232022471472397,2.231601241886469,3.7106970483040134
2875,1.3566308848906816,3.5517002400062876,3.1264415660430678,2.365164610893031,2.785659954083887
2876,3.0025755118616435,2.96772464310226,2.6258778472040256,2.7153104525545824,3.0767661220862714
2877,2.840170796562801,3.0128532388179767,3.0395665332751873,3.0569626934838072,2.9100377579758807
2878,2.4807002645043648,3.421073644720294,2.579304225911232,2.803846414822365,2.505890949508558
2879,2.2294524582065645,4.193574532479249,4.989035270569927,5.0,1.224974493023041
2880,2.758100807208015,2.5550013630012005,3.404480406273177,2.7881148547983945,3.58631250636707
2881,2.973090138526206,3.3507642962846167,3.182053184765377,3.4388350391031035,2.5028088403267796
2882,3.397292129678163,1.6344268338178087,1.6990715348493584,1.5136408649837165,4.160962598248602
2883,3.1995430229004507,3.0199090807286564,2.724531285374963,2.9611488303234026,2.9061903944307637
2884,3.7515509000396303,2.0715332848658914,2.0756637010632115,2.1956846168104582,3.778490879388583
2885,1.9096847281901732,4.535753473651957,4.334706795299135,4.259231220502537,1.7713216530341662
2886,2.651170557517644,3.5213902186231656,3.4398559329955596,3.757068476521786,2.320614975504225
2887,3.1227227703659155,2.9747151820446662,3.1245711026114353,3.1713426604151174,2.9808658116126936
2888,3.2111777485102424,2.880950170659753,2.8383784343843943,2.5838924857618406,3.481301820294119
2889,3.0977918385267897,3.3386159747687416,3.9164259495738034,3.987912737509023,2.566061189932972
2890,3.1147861102572536,2.831897370645688,3.078812070774372,2.868837573427998,3.387846439094403
2891,3.8928824788023637,1.5389343501693635,1.2724121231420533,1.3065491845753046,4.331384312059208
2892,2.907009951332219,2.8612623362579708,3.1083734225931217,3.0703428623671467,3.003467062176562
2893,2.699256529336923,2.6878817859212325,2.977687205051429,2.2310766767360892,3.8209844361505105
2894,3.640393288903662,2.8516552589603323,2.8313457626727687,3.693273796568379,2.585859935132083
2895,2.9190885610904083,3.056985329044301,3.1523657092118107,2.985551351660891,3.1507289868369055
2896,3.6669477331413356,2.7968725383472757,3.009724818160535,3.340075252025992,3.0914056475546263
2897,2.355873590610993,2.8014214736062546,3.3919672557625256,2.389971591845125,3.778972483161664
2898,2.8996219044957083,2.814131960153589,2.891262164789509,2.832897449722173,3.1613304673114353
2899,3.9900427292441316,2.496384582854579,3.1048669661500945,3.342258395114152,3.4286755742359993
2900,3.634017199421162,2.138482555495201,2.435498932432767,2.054133176425155,4.074450369615374
2901,3.325889350814583,3.56999729101977,3.070398946326667,3.5734177156780342,2.3540646557281697
2902,2.70469376706841,3.1028276589382133,2.9961627311520314,3.209211248353359,2.6523853511326343
2903,2.8298658217225645,3.75135823747323,3.4253878081666533,3.7198522067878237,2.226578687901565
2904,4.1189589535614175,2.4217503903379525,2.1809561831476363,2.6539761731339735,3.4739441420072814
2905,3.1041439599713025,2.8707266332541357,3.0985588996848286,3.089571831006359,3.0855074533140296
2906,4.05162011547611,2.743563574939712,3.4901796665211533,3.747658523823456,3.1758784133231046
2907,4.185124173682029,2.3976035507430318,3.0172412233471473,3.3425944951039552,3.401822934148521
2908,2.734361733001242,3.439752055371706,3.0935364631404356,3.0812804751614684,2.70080584707723
2909,1.6939583295235137,3.535317295141496,3.613607057064736,3.1722613592891173,2.3961685730811846
2910,3.5134388708539666,1.8608671874512832,2.6005946337863186,2.844376858622453,3.4603856127210793
2911,3.475361962709935,3.6223970562956134,3.4249482738086243,4.188080342263692,2.1006606205076745
2912,3.6686214873923557,2.3542310473340162,1.9647647146893075,2.402878334039402,3.3740528200918414
2913,3.0160588042610086,3.484620324244754,2.828691760120767,3.1726545165331697,2.4735357451260636
2914,3.4709833029998216,4.1149378215854835,3.926157434186997,4.081562901949841,2.4148015566245924
2915,5.0,2.0418466134185613,1.0,2.179126815561557,3.5112688882136425
2916,3.243643874158064,3.032186903431999,2.875955893571729,3.2708842313395072,2.7322826480808593
2917,3.718217555144201,2.787457931882333,2.820889107536714,3.0646425389654626,3.2050533394257674
2918,2.854030385607255,2.7018296734787306,2.7745503194040553,2.493635469379004,3.390091512700189
2919,2.648748299043058,3.322933480778032,2.916242903934112,2.8139527089699112,2.830263973028609
2920,3.2189626781014313,3.2016675704456996,2.8521804429161133,3.297846197190201,2.6470305889552503
2921,4.732456335233273,1.0,1.0,1.0,5.0
2922,2.348575055837256,2.4439054028257234,2.6738445949349585,2.0698794299275085,3.6970912795198614
2923,3.3064443237936354,2.7144125917577777,3.0199153071689886,2.8561521915639627,3.416703700000355
2924,3.0955531817600583,2.506124074504993,2.3633429904195156,2.288739945600934,3.516455590475266
2925,2.560471652775328,3.8758426730370905,3.308801697935974,3.615200647350377,2.2172833417240856
2926,2.1818557089274515,3.3473927739182097,2.3269040108544683,2.4761605313676767,2.5988004649718626
2927,3.004939558089772,3.9830000284101725,3.4814423316032723,3.635132879957311,2.278236572767849
2928,3.4118781695412177,2.5755012555844026,2.920081557148378,2.7195194144435755,3.545257295257737
2929,3.0405006193022435,3.0092088467984297,2.937287974669198,2.9402792270232174,3.0346499803315625
2930,3.59736942239413,2.9405743550891423,2.6234734264592676,3.0649332155212803,3.02412728042019
2931,2.3597076907543686,4.350611953444822,3.5872033486698482,3.6277748445391613,2.1529310896441984
2932,2.150644718329561,3.6935133789585,3.2741043662475793,3.2060454953215127,2.366666011869501
2933,2.7881717122747385,3.0632865464784165,2.942035956827433,2.957463037700977,3.05483549668004
2934,3.8179994474200507,1.6188297415534907,2.048804745708413,1.9893199301976099,4.258416665978842
2935,3.604525109390806,2.3870627264230135,3.0606110619501905,2.54231818249687,3.909358782161562
2936,2.6365166313789055,3.050434269361099,3.3886018550561268,2.885053756797501,3.1984045193185833
2937,3.0321535554109844,3.0658824289641506,2.9086599409921106,3.1316111931105475,2.8240726357013197
2938,3.961054712131939,1.9072336465615165,2.293299369957873,2.179643555438248,4.172955070170383
2939,3.9198169264242493,2.6048326868251515,2.729784652110243,2.7456536666225184,3.4366508620286966
2940,2.3519452894696906,2.5720332562294703,3.52750919047503,2.691733068039637,3.7253795318221536
2941,3.2942316461030585,2.507427156543391,2.5476511572779925,2.587363132265205,3.442801949467577
2942,3.9871891609435965,1.1529610501004939,1.0,1.0,4.5968772841458065
2943,1.4117959764396504,3.63204298354236,4.527516294361015,3.5010452964250347,2.740513940883178
2944,2.362039828423357,3.029229205245683,3.523173677540626,3.055158087355631,2.982025174796708
2945,3.8922798888233894,2.1638923783471795,2.710104768306303,2.549711880910983,3.9146824748802924
2946,2.6195741218420747,2.735302951481568,2.674117208581962,2.531058270307977,3.223766479120069
2947,4.312740106211539,1.2986317509954752,2.151500856653003,2.178036027657419,4.299847220372014
2948,2.187352716549591,2.927350585671415,3.1532562645710374,2.3185142806304633,3.563661106381671
2949,2.7280216665441905,4.0401679943078745,3.772725296768785,4.052454829084669,2.0528436526976197
2950,2.4019193011609117,3.1292913354136673,2.804386324619876,2.8943201353954673,2.727005497229624
2951,3.395745823543729,3.235197602405611,3.136787539710865,3.391642380663064,2.7645672822463223
2952,2.447655883600695,3.236626301111848,3.4202525046757057,3.2908102156556427,2.7282845422721045
2953,2.9057910561427684,3.0510590505455317,3.2690318239236396,3.1264432572084933,2.994555848602579
2954,3.280793766672777,2.839699898142447,2.4912194947699446,2.7923670186743097,2.984221826080016
2955,2.065948186851173,3.9522277964013837,3.046925605579498,3.1919826894489773,2.1321394074112936
2956,3.736410138682826,2.320538112504238,2.5577048056277074,2.794628728478276,3.4382600991331156
2957,3.1845769319997466,2.6389029923041334,4.215115681406947,3.2936554492264993,3.793112413603289
2958,2.4557544563477522,4.378654058247453,5.0,5.0,1.7389361140210813
2959,3.916138929655271,1.5212416119625791,1.3817226685968775,1.620141642977043,4.220563948753933
2960,4.100330840031289,2.5714305065330634,3.184855457442704,3.379903047239672,3.375039762300959
2961,3.031956897130678,3.2546478177730216,3.4318045499235037,3.481003077502859,2.685028207317726
2962,3.2961036738340264,2.659434788187644,3.128848046570307,3.2518058375877,2.9662543841202167
2963,2.716140989856348,2.9043902308590916,3.039864041131148,2.621579681496571,3.438840636295683
2964,2.751550885923199,2.4954682617539534,3.0421526186943018,2.721626265570035,3.4099032920276544
2965,3.229709226055303,3.119204711151514,2.1794550337188525,2.604559947355865,2.827401903982307
2966,3.0312616799174723,3.241588479893327,3.38627680331137,3.272452071494204,2.917276141973385
2967,2.945296721561418,2.626350610417565,3.0454599486890253,2.907049205310332,3.2784273789953833
2968,2.8367820220367403,3.048334596247378,3.1008574970053915,2.9498397752813683,3.082505735945598
2969,2.902762678813651,2.911956525202807,3.440544566709556,2.8800967594396703,3.4072557006133275
2970,2.8773541938719043,2.661661083559641,2.7440968115808024,2.6848982704185382,3.211138878169694
2971,2.9441469760189647,3.136753343890751,3.1402655432995044,3.0112223947364973,3.0019834490802966
2972,2.7965412844835753,2.70475160557931,2.9109909773678417,2.7776637418471655,3.170042807289199
2973,3.1262515401901063,2.774893956649789,3.3564826093655995,3.157580895307753,3.2506853610582302
2974,2.892277354311355,3.456688256073245,3.0438654171049193,3.2141326687700524,2.6100529247830635
2975,1.749943710401719,4.659472500888226,4.021519274489432,4.210905164130826,1.3711541690866451
2976,2.1685720891246696,2.964580368198946,3.3288199943385033,2.918107954301192,3.032118839590549
2977,2.057442823822943,2.58492733499499,2.505056260131998,1.9912880991601616,3.5361291405755217
2978,3.7167765014208483,2.0995970388301353,2.2669396015569534,2.2802616933456497,3.823697091851626
2979,2.0558075018834105,4.09688374344343,4.267848931032249,4.121687031033268,1.9596444244763516
2980,3.73857387223444,2.9280782081019234,3.360671532503266,3.5183725426581054,3.2291155965757383
2981,4.120390472881937,2.452145162776209,2.648911219186909,2.767680550818077,3.5177534577866707
2982,1.4123584029894327,3.70438254591396,2.920720739177927,2.961474238502344,2.019579948046129
2983,3.590303785979096,2.08602615642767,2.669611309639079,2.3912887248152845,3.9118070784840406
2984,2.268998923618548,3.5864863614442726,3.476720586429275,3.4330549108285604,2.3862214890384816
2985,2.6497858521406084,3.1741417691217952,2.8587777846210116,2.9297375540473025,2.820998002285858
2986,2.272751549976082,3.8503449184182834,3.685607405840771,3.710797257589305,2.2159781505060967
2987,2.512382672096167,3.77024452350757,4.41270931284651,4.933570539057056,1.708067746726858
2988,2.959210590311433,3.3758498000738917,3.0977474919284314,3.3534922786155095,2.6266009807409807
2989,3.0311713941989873,3.0308404849608324,3.088632548034807,3.271092387156455,2.831229643421217
2990,4.108923472910709,2.329744778133437,2.254196539924236,2.689629905412849,3.5496447369484376
2991,2.736260736184425,3.8738038344423544,3.637480964403122,3.9893309673717035,1.9938537173684523
2992,2.1010987622144808,4.50128698884176,4.667982420553913,4.533791542631011,1.7416003220593181
2993,3.386400058348162,2.739869603754855,2.8391181555652327,3.0479091747461884,3.159443519918316
2994,1.5084211546112285,4.624131974330969,4.437254898434756,4.275596866623212,1.342285365278904
2995,3.2602217666453734,2.56885320128474,2.5818633828841584,2.0822557788170375,3.9410783070144184
2996,1.9604029260331794,3.2000030808437026,2.0025596621213073,1.6797805687687686,3.017625506062289
2997,2.018100698993508,3.1772071520397307,2.9577955984491413,2.2668225880666237,3.2299045369226236
2998,3.3150295945353303,2.6800224820327845,2.860474169497338,2.946315244034459,3.256962548243575
2999,2.3363536892174563,3.493064501598381,3.59541901337872,3.292296476642182,2.6768107843303413
3000,3.1296926497769295,3.087710288008495,2.543525365572941,3.1935927159954294,2.4917575480435548
3001,3.102046569341084,3.2174617886479804,3.0943544841964976,3.1851731042991505,2.817736224654595
3002,1.9892006797093054,3.4666681664122456,2.3533260262051137,2.2832316149951266,2.6135170421804164
3003,3.6903607085555565,2.2295219049579016,2.492244564489818,2.7018098951390432,3.506699932079402
3004,3.2425631850306944,2.9356899119164894,2.9467676936685665,2.9481577662650125,3.2021767922766555
3005,2.759179008391356,2.774984922498496,2.6582942049457006,2.2472150867157383,3.6130535704951536
3006,3.0172510749131445,2.7931737126857383,2.7055477815149596,2.589119016997242,3.393998842208551
3007,3.0066044066584188,2.9842944110972325,2.9435208090190654,3.00511133262151,2.9877645384571667
3008,3.8974966162620643,3.021992832382939,2.48891157222794,3.363290975707933,2.835259827826917
3009,3.125072179049444,2.098481906823958,1.5563578448851836,1.5811249334419888,3.7319332689897564
3010,2.8135287427616267,4.264509952063328,5.0,5.0,1.6612158163560777
3011,2.5705748091520277,3.3706631883067106,2.4176569963011527,2.69304444691181,2.662624159198103
3012,2.6824236433452384,2.8644007491416437,2.798501451769354,2.4737571136241314,3.224613939261618
3013,2.632509559841238,4.220663314144066,3.35913002201566,3.4760865487828028,2.1172352956464406
3014,2.993262192686886,2.6686435658312417,2.241484020893131,2.1900007155848558,3.3734865606369495
3015,3.3106445105445257,2.1574042947353633,3.0090257954939688,2.6638001247100798,3.7866970796060158
3016,2.7562055089293986,3.589842440480553,3.2620180159169907,3.3555029238122245,2.526005352584871
3017,2.2212373733129027,3.001470967859997,3.64614307488559,2.9727005728353584,3.239247471904249
3018,2.9526873306489825,3.109081289722301,2.7925801988252426,2.992504046860573,2.787720550749309
3019,2.0387798105480415,5.0,3.6009486127207366,3.7147221748669077,1.5610369929674186
3020,3.112729010387986,3.1235365200287895,2.8930471233478166,3.0378078605443686,2.77712777196551
3021,2.3324560567645958,2.982360406131506,2.4402786860715553,2.5296659254285654,2.8964835025584508
3022,3.339731267433047,3.1275827196264085,2.947955308523226,2.8392911992800984,3.3187380124825543
3023,3.2104168125368395,2.71178323557458,3.232270291968209,3.2269944327601356,3.238551648823738
3024,2.662479095975996,3.4421419164406073,3.5787218355643327,3.438181405171532,2.6298756556405474
3025,2.593636714596996,2.562021588136754,3.1155801366273743,2.536477053274316,3.469716098322636
3026,3.1458880046372637,3.212872159985367,3.2788904085427437,3.5413330225486788,2.7464589678434463
3027,3.368824300351129,3.086700894745967,2.633511379242615,3.000612134341313,2.82070433760423
3028,2.5799964446660195,3.1589230852857355,2.5906307095342767,3.295763944887345,2.25765734721357
3029,3.4159698922201063,2.9277005311157485,2.563234289025159,2.8997221330928755,3.0649807143927483
3030,3.259808525132213,2.7748180345304037,2.9831581996627157,2.7642587153478515,3.4367358241423975
3031,2.398555608918001,3.3736688708117466,2.941176896385131,3.1308627244548415,2.4643354841755816
3032,2.5486575045340185,2.700222293736409,2.992754127623857,2.6067530522723215,3.3675513812747875
3033,2.7519493185661252,3.011029091021426,2.87581336360862,3.085598774545035,2.7155496236386605
3034,2.6133986386588175,2.904805205310318,2.2600922332614886,2.1883097344910607,3.1668508739364993
3035,3.4577253676876842,2.6821017530172235,2.558361071107513,2.7034643585673876,3.293224105650866
3036,2.6496806424831023,3.3561066943616864,2.8900438019708194,3.18578183508558,2.498574483835786
3037,1.0,3.7973948101760175,4.712808882028501,3.856708856893415,2.1156437454955888
3038,3.3700555796416007,2.4296371255879303,3.075904654747777,3.0557374397769306,3.4064432281878445
3039,4.1550041532555975,2.2919857864209394,1.6409938324246607,2.5747749347087217,3.2966323278939353
3040,2.3804103394806395,3.1079770443480585,3.2299959537270126,3.027179700903788,2.9800823820547766
3041,3.084123711384135,2.945198196296463,2.9023205284915026,2.9412524446254977,3.0515039200936562
3042,2.5822544296923917,3.6783712934668964,2.954163036656501,3.270341017686376,2.153030317300942
3043,3.461701638953664,2.943258861478996,2.682355772500912,3.156871224806268,2.969481005389835
3044,3.3341093054174755,2.370841519982476,2.6898677906159225,2.767045750108881,3.313451994592565
3045,3.234085457756625,3.322305136118168,3.16099636606499,3.4674936331601183,2.510616974320085
3046,2.747113350049692,3.1039048080967286,3.383743842648445,3.7175679119858382,2.4351500794269656
3047,2.210246875837472,3.6396999270980688,3.848590080721723,3.5989472289556126,2.4440404734808245
3048,3.184092362282057,2.8833179961479765,3.3555745736858853,3.2655230772172663,3.0472525666897496
3049,3.1168476044207027,2.910906978177886,3.2273048090742775,3.1163539491670185,3.123722115332145
3050,1.878765676659008,4.3527747201304,3.5937519048378217,3.7416108133538177,1.6180539139904908
3051,3.071760061296213,2.9704449089860767,2.3177895388339467,2.4682404782680534,2.9930004236703827
3052,2.6751737824730206,3.3165702326501263,3.051038096300736,2.80061961251805,2.9803442402177738
3053,2.718311343406593,3.110945465354797,4.193911249652941,3.8976914505007616,2.8617993629370164
3054,2.975313649021242,3.0342340666765577,3.1229416764359126,3.091006334585514,2.9850727043751752
3055,2.820850104958993,3.52212286628724,3.5293632189589452,3.72996358054519,2.383776954614879
3056,4.199105108230433,2.197378213722354,2.750968164218321,2.581554554875131,4.016164420644932
3057,2.8843187802640564,3.148191416642427,3.1939198802634494,3.1125495838319104,2.9546758804666156
3058,3.495650175372068,3.028913973233589,3.3186772668028324,3.359095145181548,2.9953384557144034
3059,2.504473755049814,3.6377307950195243,2.661838946081108,2.965239136395845,2.2207988359376265
3060,3.7412824049546565,2.4755771882139395,2.7000188937360377,2.7833542062787973,3.443565305835876
3061,2.8949203606826424,2.945291891503839,2.624379991969834,2.460440818629843,3.198833075606963
3062,2.4823124786366852,3.027223063420515,3.8003890454279285,3.3598263213067243,3.1115310402101297
3063,2.76151493034809,2.925240015717541,2.914365965184972,3.0024937585286766,2.867768601345717
3064,3.1976063022548935,2.8138253873643153,2.9175260423377023,3.016192494737463,3.14812120535525
3065,2.836296943817025,3.044656972887052,3.676125444372612,3.5001033051283237,2.8542180374477018
3066,3.5156114855234653,2.4931324264248476,2.7338955613336884,2.704185568301404,3.466852256159112
3067,3.0552742144070524,2.6638493144777713,2.943411299499439,2.565651505581465,3.544316098389126
3068,3.1895333481850523,3.1772575980674818,3.3939338110581936,3.4152098944430946,2.865821873542033
3069,2.885017663698693,3.239318992006844,3.282544601143717,3.1378500657393347,2.983473379956875
3070,3.2326571862849423,2.2308070943357787,2.2229718469751125,2.2171544808802985,3.594505466652372
3071,2.5208831198660264,3.61641745490303,2.785141602637916,2.6887523156250386,2.846742412857501
3072,3.5391730060242494,2.028998275957796,2.602001741341062,2.336671112645013,4.039419835312659
3073,2.718052367272639,2.472019938568803,3.0956581459254373,2.5409462831041143,3.726220448380733
3074,2.0222213962614664,3.9086971743341743,4.040618345669081,3.6580318171743955,2.379980352914732
3075,2.924627834965522,3.126568665994575,3.074303264306199,2.9924853014955004,3.0455434306032867
3076,3.0195850288830925,3.0127175222011164,3.370566379339934,3.373365799436171,2.9280029150566054
3077,3.4318274232818866,2.642933081985421,2.905521357516393,2.89692765585732,3.2946504979490254
3078,2.9489863877136155,2.8864227334166035,2.8999561113565786,2.7970002806181715,3.1854094312890284
3079,4.1359508450756435,2.3087731345453815,2.8665984663600144,3.365303250422296,3.3810051064578386
3080,2.9994889239755866,3.0105064354392606,2.4817968627869282,2.741513160729827,2.8784715431320826
3081,2.4284287709321286,2.119667914177618,3.580771371154689,2.001914178819046,4.758980565228543
3082,3.230707590134715,2.548739454885481,2.976951961367986,2.543388643419056,3.728173703555851
3083,3.3265422125769524,2.7729131102851765,2.5719073098564964,2.6498424588950553,3.263741312535059
3084,2.7539955303469665,3.0840506320908156,2.963641183293771,3.001183650507299,2.7644492098274496
3085,2.696720559580771,3.7344446815982364,3.1747083570633485,3.5217913749173113,2.3085039128740017
3086,3.476074456828196,3.2427978424903285,2.7366914270078695,3.032042665858636,2.878571140799467
3087,3.6247631275776238,3.733621369804852,3.161566497245913,4.642518564728462,1.5341381093261373
3088,3.172794532131924,2.71209478315252,3.135660108480316,2.8012954081180386,3.4883189811164685
3089,2.3659561884430294,3.28088193046139,3.1486278130071463,3.1000482991700644,2.563128490133706
3090,3.156698525616059,2.6944238211547535,3.0574473046586634,2.956624360488712,3.3192865693157962
3091,3.4390573059405254,2.3176694095432455,3.4616276857774553,3.735641427052462,3.1618870586290346
3092,2.721378694904333,3.2317934077487505,2.771636025957694,2.9232259558646922,2.773958577837596
3093,4.120774739258842,1.6766080825050738,2.309441168424221,2.225760981098503,4.118439868282419
3094,3.314651955867648,2.9604403752796724,5.0,5.0,3.0427343083682064
3095,3.9800223303084907,2.955478494276299,2.961972864187431,3.648951659476555,2.76244728280966
3096,3.02457490545307,2.22902254903683,3.0633625746004687,2.9077344772166853,3.5472742941268676
3097,2.6470626656768412,3.4630576598022484,3.524624501299913,3.7449577976571575,2.2936696412271695
3098,2.4625631304186504,3.9786758275703082,3.3629547723468867,3.244229240042677,2.4156989794270047
3099,2.930713831417102,3.733956259680765,3.238567013386731,3.269149597020732,2.53937389324987
3100,2.1424920017733275,3.54924353914237,3.3186869115959987,3.3113704942442044,2.4263688414924958
3101,2.9177505574270395,3.06652660363454,2.80155918511045,2.9002324043271486,2.9112673999655354
3102,2.91158229857115,3.8662675936370783,3.4780301044472783,3.7036660781840833,2.2423896789368793
3103,3.5935742340691244,1.086781873971613,1.0,1.0,4.671118631538978
3104,3.186555596064169,3.113379547538319,2.719099110159116,3.0139535891555047,2.830944825903219
3105,2.6072841018152557,3.015622115242045,3.1260714050218747,2.52765673431352,3.454810912561004
3106,4.406582480833201,2.123574917963042,2.4160782674565224,2.450704136187407,4.098589716736218
3107,3.2439210919854125,3.7833377913318627,4.127365895994139,4.792357338122384,1.8304403568371406
3108,3.0698004722279393,3.865619672880433,3.5443368765426313,4.0222056764658545,2.144864829017899
3109,4.297730567110765,2.59290306510442,2.5163340783515364,3.218453544715565,3.2604738025520614
3110,3.630893594239304,2.6895631364701917,3.506794182875411,3.7791409796375524,3.1458432067075717
3111,2.8998954417379847,3.1648227726838343,3.2071618067560737,3.23223488655274,2.7696898072624476
3112,3.6913707779865454,2.638914687312269,3.236250834044561,3.2797094644764466,3.2724481341629366
3113,2.3848556839664456,3.1810141217827788,3.272896815205447,2.917701132187895,3.0257049509657366
3114,1.951408539405118,4.528628937749259,4.559860396423998,4.765779863253295,1.1263208291850897
3115,3.100731209869771,3.6840780480862163,3.238222280212237,4.038130524511692,1.7973515160803113
3116,2.9263269410013986,3.083610322097524,3.013124816209038,2.981883181835359,2.974039799153523
3117,3.410253717415309,2.1085520422800115,4.956683523689883,2.500133324078511,5.0
3118,2.503895005912659,3.1122477883451527,3.1128685956526247,2.7874932065774716,3.0559020016622584
3119,4.426124301754003,1.8127734600622887,2.391327904372857,2.482835627354352,4.088308404339318
3120,2.895505478106297,2.4231257344208443,2.8311656743294296,2.8495779461134605,3.296982600129971
3121,3.0173742359854714,2.7189320480394006,3.032885822685402,3.1435615583823533,3.066713351841065
3122,2.2904147046526244,3.666548592673304,3.202614125831555,3.0385219095839777,2.5693680826508283
3123,1.7675338505164442,3.248064676725981,3.2455974624391337,2.623330566127547,2.977978957254745
3124,3.014407847992476,4.1165798086330465,3.8243883358527038,4.365773637061461,1.7614098102437719
3125,2.8169595791820337,2.63686064096043,2.7518827483029096,2.725387438137158,3.267451761399691
3126,1.7850298535682654,3.7207727118966005,3.8355965009789186,3.3505672278126437,2.5217088408060686
3127,2.600341054256978,2.9747791738163043,3.0290014316142817,2.727457526955364,3.196608742489092
3128,1.2095817878715733,3.298247263390639,3.0876243930144054,2.0920683975844696,2.956008310260172
3129,2.7660158756918345,2.760088491513888,1.8243345848768913,2.0676886857506114,3.1173805368230942
3130,4.0044294267945295,2.6229313845335485,2.535098244158071,3.2201394193795947,3.144373361670716
3131,3.2891388209256816,2.797890276594124,2.6081001142748415,2.7195550690873604,3.2520397380123196
3132,3.665820715761515,2.5852018028450052,2.7161186108515487,3.341660118386835,2.909230403438124
3133,3.483862719235648,2.239931268375138,2.038644770120826,2.2144331968256887,3.5779771065217876
3134,2.9296308973477263,3.323122539984925,2.729570284750615,2.989494177002717,2.7045470221124623
3135,3.1544353587569995,2.3308440423959715,2.9357047147610738,2.5492136190484462,3.800078238861559
3136,2.945580887913412,2.778622961194997,2.550987472216815,2.533058198466127,3.21098659247521
3137,4.366237092855828,2.680887274142858,2.227058858992477,3.2508288851347276,2.955718962547164
3138,3.21287000593882,2.432542710265599,2.821406574943937,2.5900906573968117,3.630883397690132
3139,2.2202755548029005,3.5059321167954334,3.382520332650191,3.2515307074439432,2.4412902652199033
3140,3.3568260217098986,2.690369146164138,2.117705319966656,2.4624817266778463,3.1226095382352708
3141,1.7056939590288318,3.5342760974972376,2.417260357784159,2.207637850168464,2.554263715318664
3142,3.663754613026544,2.9995537039040947,2.7108286527150653,3.3324481483960366,2.6660788775737676
3143,2.9719396214177576,3.4434217067479715,3.4095711915543685,3.4563641546444077,2.727955680379861
3144,3.7040050827539117,3.4294339965311433,3.205193010597345,4.443548474288232,1.9471740184298927
3145,2.4056193880236094,3.18328866535914,3.7542214009604153,3.6840228303546705,2.3873631979039107
3146,3.3824845056783364,3.593757121461242,3.168456006586301,3.942350005066248,2.1032229652529275
3147,3.0764213132757945,2.800832567058278,2.9607511610652524,2.929060153614903,3.2038230559146714
3148,2.497253876385772,3.2686505790848615,3.1131785738645195,2.8742804965248965,2.889112259888546
3149,2.113904655555396,4.453170593622252,4.443768034901484,4.2744951085516245,1.8350266505124353
3150,3.7173706561104654,2.7941487304879598,3.0909867946300733,3.0595302063316208,3.3911224349494384
3151,4.971233391937321,4.242386057918626,4.373465402358527,4.648786812831521,2.4512779079831604
3152,1.0,4.006169975093897,3.501512315239707,1.9924432996546588,2.9588746058720687
3153,2.066584940224743,3.5119055639313634,3.733017787984031,2.9585185423139975,2.9338058947914023
3154,3.3782763530055355,2.991832289102653,2.8425891648769115,2.9385871772055707,3.099411245639743
3155,2.890291984442038,2.511952620327961,3.078559701816196,2.830969249494015,3.3493203291259266
3156,3.1333563324192655,2.58369014610156,2.7336067927605736,2.552608323767635,3.4545311640050422
3157,4.9322420473953175,1.0,1.0,1.0,5.0
3158,3.4045195195627436,2.8899150677793464,2.8671186048557606,3.1982024276049867,2.977214135602694
3159,2.7849553409822274,3.1254997563970894,3.215033948409795,3.1693964299679003,2.821447454183877
3160,2.835307853655561,3.0841672901156385,2.9306164190279085,3.0429830626096823,2.8195192748551574
3161,2.637015102432017,3.3203200307453273,3.389577363910782,3.1408458468013243,2.868288019708764
3162,2.8138342987046503,3.3343981270395537,3.11401313152743,3.2464956013142587,2.6759621280497816
3163,2.8844606247948494,3.2495268292849895,3.237021738126493,3.242748767032399,2.758928056829971
3164,2.8515621839664047,2.877523100822481,2.74111041834573,2.5324404260584608,3.367675713723018
3165,3.7083270376920883,2.1545896680993515,2.509983882734264,2.627698644809048,3.530911306021566
3166,2.2638836443496375,3.5109553511972713,3.624650281195177,3.4533284432161553,2.494027413887153
3167,2.511413518330076,2.8444353524016366,2.6729421353307314,2.914786310430548,2.7780844313993933
3168,3.3234305432718445,2.9220778662697695,2.9055606646787457,3.3497199929326946,2.777141677664998
3169,2.2358511100932295,3.1136068292416788,2.4379106168165467,2.4635327695296856,2.8774459257687783
3170,3.1862444286001743,2.4996154001604225,1.9977315100102526,2.6835211463121125,2.971020451072593
3171,2.8089574130730774,3.2709340894841525,2.9997245707911504,3.067730132527295,2.7530494171247772
3172,3.7580028952530316,2.9098920950939346,2.389105483785413,2.9503056860988552,3.027472204745827
3173,3.96361585480507,2.644439291278477,2.5276928434600356,2.730627544966928,3.563378864186671
3174,2.4640814693781437,2.5088622402219136,2.2209388888945476,1.6994673481497151,3.6956811475201734
3175,4.4906004386652505,1.8437139619359932,1.6479687140951322,1.8760717625938808,4.184739074783983
3176,5.0,1.0,1.0,1.0,5.0
3177,2.6865272608762205,3.51854270313978,3.3989966666899267,3.1669825318546208,2.785155972834826
3178,2.546547556444424,3.2252153975890017,3.202566929561229,3.0895203247310996,2.825861856373626
3179,3.234266766713112,2.5999847214625142,2.8065419996309418,2.746265371329553,3.3063400654001738
3180,4.008248088613224,1.6698807017122181,1.762900214552413,1.6894906468258288,4.316330345889864
3181,3.421938160299043,3.1438023659465055,2.915442082574992,3.5790605676800666,2.4478838494421895
3182,3.754524728571263,3.052703088578648,3.2849257627820805,3.36598452964303,3.049975550053549
3183,2.7573017285540082,2.800300184034164,2.797443586830392,2.693116476583206,3.157052151760582
3184,3.3930181978365783,3.0428360596270174,4.29777303698404,4.126477749143738,2.895003164489113
3185,3.6467818917375006,4.679778454767963,4.655529671210519,5.0,1.2635552397780039
3186,3.1669113946388245,3.013811963661199,2.8602827554557866,3.0567556573655414,2.933867588459276
3187,3.383946926786011,2.288179950307411,2.7071139810369647,2.5210713385305867,3.6885537797278523
3188,1.2861928684676482,3.6696466697390604,2.1617872105478284,2.019996300425045,2.4170463312724433
3189,3.0390597250323723,3.0019067514439675,2.6600661629799305,2.8446223273589375,2.968447176300951
3190,2.647811326114687,3.191707329688186,3.522377842694401,2.9790911696035822,3.1272609342848603
3191,2.868455319104983,3.2386829144237863,2.5497463040241923,2.916820160491116,2.564621644711894
3192,1.9915438942774426,4.085311783861168,4.666679455001943,4.401255968604003,2.045828219049686
3193,3.279075365313139,2.695788360940433,2.787167507635395,2.668214609962272,3.3565086681701635
3194,3.2247480888130196,3.0671802846135,2.597383374662351,2.943207426048051,2.8581563504069925
3195,2.9196884633241047,2.9458175505309123,2.5252636737803105,2.3498032140136593,3.479316871854901
3196,3.4174048804733816,2.6385818449318794,3.263213146652409,3.0170149066974816,3.4921161582826348
3197,2.2647175918580613,3.5156034671809997,2.5897776315232974,2.734520788094181,2.3669871343049103
3198,3.529341189528619,2.664616869458017,2.221141694906573,2.9555874953155197,2.889085002550502
3199,2.985170089244724,2.871170952851381,3.029776689795058,2.8838822888852795,3.2079931352620483
3200,2.9937869122911978,3.321941554214063,3.26329871226566,3.2473990944715423,2.6937693858064775
3201,3.1074313554324657,2.4666378273062595,2.7981361623624728,2.6166800367054504,3.122317296630551
3202,2.76705660425982,2.9217960506718397,2.8702458252066383,3.3562904366826305,2.5930232026422053
3203,4.247828490783803,1.4811508545523762,1.716333051893578,1.9515752141180145,4.134532431251082
3204,1.691652008320398,3.4291146757950197,2.1711097179435987,2.094014982882989,2.5774491149333105
3205,3.1962561543581747,3.1485999356089875,3.26850905010336,3.5959673016700884,2.5333364902892117
3206,3.1434237469901296,1.7377514786674837,2.6273422503869366,1.5034943924967572,4.833255113133724
3207,3.706327161769712,3.125287103545327,3.3290588671411827,3.9376582993373708,2.6782624246703666
3208,1.7009879454579533,4.105246454628025,3.1487209624153163,3.1673318350542568,1.835056682941006
3209,3.2381751773668563,3.378632525063572,3.0991307730995774,3.529585097597418,2.5004268944590464
3210,3.2594606919317552,3.477554812003248,3.156435401317403,3.5315001394031005,2.4889041742121565
3211,2.7992012798239263,3.1137499131070165,3.437195125621994,3.2969286058161007,2.8955278394754065
3212,2.7538784164416397,2.5623575179270235,1.6396269820719924,1.5852057055334485,3.303138852064268
3213,2.9183456215760195,3.413146849532811,2.6637279612169267,2.872102132100296,2.7434742363777733
3214,3.2494451971809117,1.6867200543634213,2.526426403895517,1.525379361614192,4.941767891575179
3215,1.6389424908362287,4.572574354775029,4.561580553049819,4.398327560551326,1.5592180272434688
3216,1.5786765656416326,4.398254209530466,4.382367046171975,4.249807232937478,1.5225873556803267
3217,3.756126483931415,2.341428556070171,1.9881582575915369,2.1846809954351287,3.6259232810515423
3218,2.2447766411072148,3.890217819322327,3.7108255143045223,3.70851293049768,2.191391083920973
3219,3.1804450468281305,3.1647864376474626,3.5927201067918837,3.439226305341564,2.942398829464579
3220,3.1065416674867774,1.957496482734498,1.7414229267873718,1.3395317852424973,4.21258835648883
3221,2.377047020535902,2.955674283343871,3.268839638664046,2.6403832688803233,3.3204800632065643
3222,2.8949768700298986,2.6903039428051367,2.7272861171662983,2.4140143899008133,3.429107383763275
3223,2.04587524624389,3.5594095914051787,2.7508743084174947,2.6860116637491953,2.4522338317033783
3224,2.714003894202543,3.591592803565932,3.0645124442035403,3.6244123782426705,2.0591796896870154
3225,1.0807664717857846,4.493461266926631,4.072761148260085,3.6389108576392504,1.7483799208438457
3226,3.1494741604187313,3.3255123961931656,3.096278170480045,3.4545158896483037,2.710676491842232
3227,2.9893635000324887,3.29637525417969,3.482150447776636,3.182463142394337,2.938231385437502
3228,2.3569086533307066,3.8423745183229157,3.384325668663046,3.7177227295957502,1.9013120577928782
3229,3.7703355041995774,2.3786590070088653,2.9506821765774682,3.2373411143625246,3.41479652356457
3230,2.8544215681474285,2.810713087988968,2.800110828822846,2.736198824414704,3.151631922772863
3231,2.89515007553211,3.2384672106383268,3.567988384650905,3.6020415587456,2.676396868708677
3232,2.87346433687385,3.152336581538486,3.04431186766642,3.085811096691308,2.7932832438916155
3233,2.6889687449651434,3.107174805720723,3.0179731162859444,2.927380042815544,2.949379725265159
3234,2.365536277425786,3.083031816909223,3.291175626017789,2.990806090896098,2.970534295459618
3235,3.049631181964593,3.2380601855603754,3.1923926364819257,3.2223950376814576,2.8283178637595845
3236,3.602884939814632,3.590270874293514,3.216426172100311,3.784186093824944,2.3580380488870785
3237,3.0565771348592126,2.924876028865276,2.738461440709504,2.8363983140427953,3.0475044450553495
3238,3.3378571644538693,3.1407541634631415,2.9173018781479363,3.286836309891727,2.703128365452743
3239,3.6140475673804193,2.484962160948812,2.6460808862206417,2.6932884287839225,3.5428110054450146
3240,1.7126563786048425,4.523418646646111,4.320628750802013,3.9932648929176984,1.8684895345296302
3241,2.4623558796179736,3.052156730927804,3.6161330252042347,3.009560416461952,3.216472731931491
3242,3.326686823358101,3.6195869269090153,3.068951042689721,3.627072206839105,2.2832735113134826
3243,2.7695313040657,3.0289490927345617,2.938480770769259,2.897985400264206,3.0372510239627193
3244,3.1185469408913136,2.7697324856394157,2.9848903053904587,2.7475998768875476,3.2679775401216102
3245,2.9221844497850866,3.3450917385059364,3.03825252275972,3.131122924518388,2.6812557006150293
3246,2.8747648763527134,2.7967451052296686,2.6861796874996404,2.9201359005773977,2.925057588038967
3247,1.9566548509694404,4.009693683366575,4.147660780145359,3.998611465443733,2.0360246896537797
3248,2.948959445551779,2.7668473408522933,2.9909758643883677,2.8825900739860435,3.134408698716951
3249,3.396214180821404,2.936000050258441,2.861226475279749,3.3399755373523776,2.7817353330569548
3250,2.44438273970718,2.6904151980842923,3.4968543444757123,2.9652889589865623,3.3499145979666287
3251,3.1315051712584907,2.915922175534251,3.455091391633515,3.4218293795028063,2.982643504325829
3252,2.673814592337326,2.9253180782329844,3.016442422100286,2.708721486047718,3.217573811572876
3253,3.0596830650590325,3.1027293598081442,2.883492575355402,3.225996975586838,2.6761426719191816
3254,3.0554677370743635,3.084630701572749,2.7680917032146906,3.1061685677769093,2.7233957401351123
3255,2.9520660549960267,2.8921952998669633,2.7761801036260296,2.8195381081612045,3.0367903123044013
3256,2.826547143862257,2.6935640373847693,3.3268569697038486,2.8133218123061043,3.370770648492185
3257,3.4775523836181517,3.071127787562093,2.8372444567800392,2.9062348545637127,3.1149282022000495
3258,2.446497058445167,3.062249738258233,2.9593330729114022,2.6273147528722447,3.06463363186449
3259,3.04302505340616,3.543447498268077,3.16449090661922,3.2383954104818558,2.6215904618207913
3260,3.0215920023464506,3.2856364611896742,3.1511467603652163,3.378676975067636,2.6183739079186763
3261,2.884399338691736,2.5048032212009703,2.1023733768769315,1.741171000485288,3.762506675788752
3262,2.5533070512654703,3.19340468787345,2.949371005821952,2.9146255895932724,2.739899586104463
3263,3.253964217321906,3.6710981939962504,2.7445838382973102,3.3666785173997553,2.2960306015197656
3264,2.507622351822218,3.569665951429496,3.532346823791375,3.36302255209356,2.5641038618303837
3265,3.5118097181603023,2.744477135308761,2.841361986793526,3.1192129951756664,3.0742547393758723
3266,3.155938947371064,2.773616077294423,2.9163640276679077,2.8317774042692827,3.263457249332089
3267,2.7302206024582194,2.8343905227469754,3.1069507133214254,2.850536676091175,3.2198243402389637
3268,2.897415315451146,2.766293187763417,2.3325847297541253,2.388081189237678,3.146362763610009
3269,3.1087801643226727,2.6224970480490466,2.8558653495166992,2.530200074174163,3.4848149934463883
3270,2.0010150737354326,4.214768686544376,4.094646072128217,3.764141912106106,2.076859522182315
3271,4.267389482112274,1.8573274078535706,1.6979726468435694,1.8668840895415875,4.065530584073924
3272,3.238880727151062,2.614970590680891,3.1666944657364278,2.54807146459634,3.81134277126458
3273,2.5742563467836996,2.3385646340064032,2.814354069151573,2.9047169941246542,3.342549819972881
3274,3.4517808800323957,2.888706092651164,3.18102275908275,3.2899937207242953,3.1389199969789736
3275,3.0487699185074053,3.0101602408471853,2.8925061540075414,2.858536821991744,3.07233524208293
3276,2.6907373221506328,3.5155653242321647,4.130106852771512,3.7574613433434703,2.6281036107741813
3277,2.931580287353891,3.1137522066541816,3.414512273191878,3.404814276074655,2.786232506799379
3278,3.9308941718056136,1.6137413999489705,2.6004882328784746,2.589900144568248,3.943663635732519
3279,2.7614783822951683,3.5311843753455334,3.422602714565286,3.479996819884611,2.444712842645436
3280,1.5722727611115488,4.647503560975154,3.267299284399457,4.058349931083361,1.0099330765660501
3281,3.2340411683129693,2.8056850413977186,3.381272834240277,3.0154796873824727,3.366241639599228
3282,2.1625108330769196,3.5687128608954923,5.0,4.909962506825192,1.8265145728879697
3283,1.9888808855776814,3.9836508877533223,3.350669280725458,3.30152749110349,2.092914864321321
3284,4.277256728990312,2.4056878715953562,3.067579211406867,3.323967241671646,3.4793283674877458
3285,2.106078321397726,3.7194477553066605,3.683347788503551,3.2777672896655488,2.5353310034526517
3286,3.2773718798894937,2.69668812117826,2.90278395221555,2.8045645245895496,3.2999603995109323
3287,2.4444321207050477,3.1414846216232393,3.090978442821083,2.8633933110952943,2.9366260428344657
3288,2.3201808579982552,4.1444821411376624,3.1890622688422545,3.5498207595796836,1.9870210257819128
3289,2.8768970330360526,3.2007119557086434,3.305618613853273,3.3291606075610862,2.7919793670559745
3290,3.398460740979327,2.773955261036202,2.8128399068073295,3.1449636710077797,2.9565953649574
3291,2.6210774507909225,3.2567208401356154,2.6099809037865898,2.5638630554265966,2.832619909793653
3292,2.226025539811391,3.759603598514995,3.6108830829150795,3.655375526904636,2.1256501125814022
3293,1.793617346402875,4.168287390688353,4.735687208171788,4.714131791286562,1.6921102866986606
3294,2.7681135733691162,2.8429100921091273,2.8859345006103996,2.7253685902919953,3.2641703105567283
3295,3.185977781603963,3.397881509756383,3.5713346558153063,3.892253420501322,2.3391628706009078
3296,3.0518445063316983,3.3579772186432026,3.2270715574237396,3.479178020198744,2.761695899027125
3297,1.9637846717389476,3.530078411398353,3.1390206134196443,3.0063419457695755,2.3781128031459633
3298,1.7401392824850936,3.8614153283725563,3.2959268681272813,3.2349249811316567,2.13127408489715
3299,3.1624818399594354,2.7208288295965706,2.2952548696020854,2.3938716063671426,3.3383563797442064
3300,2.834856963907509,2.6664503575893277,2.158612887905791,2.8383399788408834,2.783506673953059
3301,3.172171400357607,3.3365996606290667,3.09298636442944,3.370748890867307,2.6539142617779383
3302,2.088112096732462,3.312128310471809,3.480334679858171,2.892825779655592,2.9738555202733625
3303,2.498180997041145,3.425607926718591,3.3045456656930075,3.1388680063153056,2.6512541403875267
3304,2.922783699250454,2.4790658031539867,2.330165414177145,2.409931959576251,3.264545070557018
3305,2.2046095605909253,1.6126116635067524,2.3949848408146286,1.0,4.993869430602464
3306,2.8335293605798877,4.293856297262888,3.032057463732061,3.8139918512206066,1.6615620554168438
3307,3.109669523715509,2.7346668046548617,2.3662304160575243,2.5527750360027897,2.986336027095676
3308,1.9525911570966483,3.2228907856040094,2.459343026736849,2.1612615488465443,2.787958287408338
3309,2.8321673310860698,3.6855081370422007,3.333291081139783,3.5249330957137754,2.4353363950628
3310,3.256847129374343,2.2490520050825293,2.889960892529449,2.4905776635864605,3.7185619224705793
3311,2.8185839831527773,2.6838975500425084,2.448910928967457,2.5948694962717247,3.0915792147078833
3312,2.994591646463338,2.8225280030954414,2.8707538775556216,2.6619924888789175,3.3130735483102542
3313,2.886480550895213,2.8732562865762596,3.081160412486859,3.075728860961068,2.9572294635567427
3314,1.7995982172069955,4.781775992153382,4.916480605091433,5.0,1.0
3315,3.2190659669108195,2.4667004045552474,2.4041294864677862,2.3723824364363377,3.4531109015779093
3316,3.5150496001224703,2.9094365637804342,2.1668964790523577,2.6821592447497364,3.0558230175240944
3317,2.793564809666093,2.973462517934625,2.3962626947275765,2.709240972616745,2.821687992677503
3318,3.29481462849409,2.860790167414097,2.812310566846885,2.626359858172683,3.3097582303208557
3319,3.8772585160019357,2.393282662823167,2.731540612340839,3.0899258660922153,3.3118812742476207
3320,2.825046352382298,2.265724033062598,2.9610217237657706,2.576532868921996,3.5679737003124745
3321,3.818706497110006,2.8899147025939396,2.092237320974861,2.73924655829804,3.0314948308626364
3322,2.381354438636369,3.617165594889426,3.8919750699648983,3.5814922748385585,2.490872081973201
3323,3.0251411745714036,3.44128789287,3.053654070175217,3.458345176177489,2.4482947136762343
3324,2.2366999926198265,2.335415948434439,2.7218833814982832,1.6968669279948905,4.148476041959873
3325,2.7985893069689762,2.272737684320282,2.8708220738634296,1.9722304424658064,4.2536469533599455
3326,2.696358901265547,3.2927507512804848,3.128995917461988,3.1209012585488654,2.697181423842883
3327,2.647395322458784,2.6147133751664553,2.9397866287820125,2.4600648346300287,3.5030820768361877
3328,3.328674273238907,2.940292230608231,2.723944732481887,2.8599492585332493,3.0790399328946574
3329,3.198958582560889,2.924237876997825,2.516205116405897,2.568023777847278,3.250063579558132
3330,1.4974985331699682,3.9873907592506868,3.376317303354902,3.4034281482205913,1.7724001648367154
3331,2.831766616179515,3.8768735836677837,4.068983151121464,4.2405344999056584,2.09614536023454
3332,3.906524121930512,2.378285847141471,4.0139370620157795,3.6392159972363176,3.5607550155030925
3333,3.3536105048175857,1.9405054292278925,3.5180951607597555,3.117992141228031,3.8542330477958187
3334,3.493862474111431,2.563823490724977,2.296213107788169,2.4231249489804862,3.445068489812699
3335,3.892995822501521,3.7889953764881485,3.0193893795945925,3.5612790073611884,2.46360342195075
3336,3.3218013198520184,2.5099479406930856,2.7469018092219755,2.9571099487440065,3.1937722832192246
3337,3.8104649650013993,1.8641288852526905,1.8699086203046866,2.3007506179113157,3.70929134719158
3338,2.6492847846142222,3.317962215107679,3.8983300962145098,3.462689829981778,2.8243723818205337
3339,4.232285988494198,2.130131275510256,2.527648530050302,2.811808959811116,3.840328517604224
3340,2.5142649507141366,3.343007933075188,2.5765163892105676,2.6668496067488983,2.6227410531818505
3341,2.818546930200738,3.8541647277928734,3.6818243532278307,3.455792649356579,2.595880897656432
3342,1.8360316957766234,3.90064345013327,3.967222581922423,2.747413827314353,2.9589758229611545
3343,2.330886228248108,3.293644698268235,2.573815151971988,2.543543080106063,2.7514482404793803
3344,3.4932506494960074,2.3864056775926197,2.958862462942133,2.6105555552939435,3.8153290709056282
3345,3.7549959824639076,1.9393919518910503,2.015209940365599,1.938382210533468,4.087901643523926
3346,2.3243147392767125,3.376232754141702,3.2408705216120812,2.873713297246576,2.8360994928968593
3347,3.233636657903208,2.846565278233705,2.720664717494944,2.836163000936251,3.1506369646127315
3348,3.155440181536394,2.510395176628087,2.0126367433999697,2.316240402070687,3.1931653947995753
3349,3.6642705666256754,2.661070444050144,2.6943434811175906,2.927881587568837,3.2264428581456412
3350,3.624658878445775,3.3469863771620423,2.4517761426634563,3.049121934284701,2.6587972784363236
3351,2.709056577332661,3.9666816087032872,3.1693472745595304,3.5515710299675174,2.0818498975357294
3352,2.5941440407245087,3.4454567767220796,3.128468604016128,3.2018948373046205,2.6645308676537773
3353,2.869373269762757,3.3873740018315184,2.888795301288369,3.407831598476213,2.383799231823856
3354,2.3498836592187775,3.9868763725024317,2.812013427963606,3.0763217044879707,2.14915544471094
3355,2.3938963762145846,5.0,4.805718139574431,5.0,1.0
3356,2.8842263457660513,3.194258581907839,3.3187911859318078,3.1996902259840776,2.8988084902174123
3357,2.8996637340495632,2.6403766312732184,3.085682760919016,2.6832834887632737,3.5376638654152117
3358,2.726465293846649,2.2690173546294976,2.946509304861904,1.9572486823713318,4.312326515866145
3359,2.8578148317396828,3.368143603261724,3.517620491194845,3.584563208464984,2.5773661889901556
3360,2.814834933144216,3.425566041988002,3.5003636893344834,3.8411662042379624,2.3962330409167993
3361,4.525603228446915,1.0,2.5806030530458948,2.6916191996681817,4.374268506795479
3362,3.151817231285175,2.814573288154092,2.5434668549228157,2.8101556948039863,3.0293374541083207
3363,2.6311487438211283,3.8067749104745365,4.291508047056531,3.7851442749316186,2.6294174160019486
3364,2.494736421232819,3.770048976633076,2.9931941295078897,3.2885958728200078,2.1413798197825287
3365,2.6645567015372738,3.803640250095091,3.9303604923056548,3.9939809388688676,2.2452826721006787
3366,2.5083014422545125,3.62314653193437,3.652494945610373,3.4052961504223385,2.627412206064925
3367,3.259753138667077,3.06711642044378,2.6736480683347867,2.880925619073771,2.9573448992885965
3368,2.760578879559778,3.5452471275858493,2.7989214555087556,3.3766573374649447,2.253412945592292
3369,3.7312858734119336,2.5193460084685784,3.2561434917240804,3.3979890831127184,3.3675308264552033
3370,3.0535805152797284,3.0680272966641824,3.068186147331806,2.9881870649489986,2.938960320924606
3371,3.3084812448991974,1.0,1.6662551556104928,1.0,5.0
3372,2.4165019295777483,3.10762005948067,3.1889390911403654,3.2519951029070424,2.6397039434910345
3373,3.1050837866476595,3.014228137931645,3.0721044827296793,3.3039126626017463,2.773822066768737
3374,3.3191069804252167,2.0393278017967797,2.19431246613767,1.9173132120434209,3.9691284091986585
3375,2.8361237116296647,3.3763978634669414,3.965251715407315,4.051680276870026,2.423661707040234
3376,3.156528588539779,2.6722446159228923,2.8766729332106635,2.7365024648188894,3.455523961764158
3377,3.3321009588786037,3.671617032076829,3.029201502145245,3.671090458047514,2.1192645370394443
3378,5.0,1.0,1.0,1.0,5.0
3379,3.3177023769798026,2.5528408079910547,2.4329560049667007,2.4898638519296212,3.469987500739096
3380,1.0019940573695056,4.335184973241047,3.3479152776008876,3.073197663033712,1.7460470990868147
3381,3.2786204213272403,2.795729822690069,2.7102790668120083,2.775606321301777,3.170513144759581
3382,2.5893927505421632,3.6030428792870546,3.3447081432421784,3.383430612028517,2.4587762789102094
3383,2.7892174763188438,3.2788620707754643,3.144516872915181,3.040252577252116,2.8684372000768175
3384,1.9458484926590154,3.4146164358017956,3.405268630593364,3.0077234846741168,2.6472194463147765
3385,2.7437276405826143,3.4935912277235577,2.7606449209003925,3.174141816209776,2.2835264777586364
3386,3.4175085071339266,2.847999846840137,2.947112970938954,2.9515791299482546,3.2106616031898065
3387,4.427318888993998,1.6494209915036147,1.2534489270150688,1.7515606090188516,4.0985305656286
3388,2.664488608864285,2.8628447888287334,3.647706321625873,3.1520200273287546,3.061038324743485
3389,3.228217002649705,2.53209838247856,2.828183169428649,2.6369862685730063,3.4653979081823976
3390,2.925737427439593,2.9474254814612517,3.024998791813939,2.9429809067128527,3.0444756943545075
3391,2.9110187125632505,3.5123253009456104,3.253162308601577,3.120012160423835,2.7105050110490314
3392,3.2360807950039088,2.736309377709399,2.806571676605145,2.886698129260613,3.121057197604179
3393,2.763138045841391,2.807944149127173,2.7775736053766105,2.6189290613614116,3.237208268847412
3394,1.7746283543448735,4.339500697780839,4.233304630037551,3.743849222470797,2.058347649976719
3395,3.0500128998146794,2.7259721761687454,1.8158660553577566,2.13074688799158,3.186718968517161
3396,3.707279865089955,2.6762679341071625,2.798009313299228,3.1388194689346953,3.1641258434750563
3397,2.8461641091771206,3.267038627204139,2.998662861063312,3.2004984624631145,2.6354393527753244
3398,2.768095157653931,3.2518838618208057,3.32217254328821,3.3268935136019597,2.727919592905705
3399,2.8674981441750504,2.987716009519819,2.955138321814195,2.9120073148615297,3.0270649739670143
3400,2.703322806527472,3.235519673265232,2.917271815650693,2.982766720560982,2.7534121986863154
3401,2.403495015503372,3.8022032834800865,3.5253558940871303,3.814891400337003,1.9226423022438397
3402,3.2058279596003447,3.4129206056157906,2.8972235844731236,3.4011750048280676,2.4291040638695516
3403,2.936818807324738,3.1515152789612264,2.9606914056973284,2.9579987230518703,2.9739334267544018
3404,4.1308910349623345,1.9681203305951283,1.8030032933251152,2.0575184477547994,3.9919213177570394
3405,4.126799139140542,2.0900330967611573,1.9323692571706592,1.7666566864862618,4.251055989601609
3406,2.2786288033661704,3.7069036093439482,3.500125454596747,3.2685259718813855,2.5077735300438646
3407,3.5182951647143743,2.7852667426813666,2.4838093731221442,2.785919107671401,3.215708238324245
3408,2.6829118082652808,3.0898164522167413,3.645572439046523,2.9389809548259413,3.3268900270871815
3409,3.6969693736240608,2.6277925373435425,3.06088952718469,3.4282432668194422,3.0933526910986746
3410,3.0423922562414223,3.2168052210517737,2.6487909581543905,3.2363332779112852,2.442254134307927
3411,2.280613978895938,2.620376838968684,3.661997057808384,2.60174426758068,3.841536563145789
3412,3.0064859697387396,3.198692283173531,3.0262245039470304,3.246042810352918,2.6749919897478187
3413,3.2175584516942637,2.96090341497352,3.1535349991417094,3.154834251340578,3.0585739322598555
3414,2.822615634370437,3.4963874693570083,3.220073218907474,3.3576525496264247,2.461017907798589
3415,2.1814806037807326,4.01008398988673,3.651808711826888,3.82168537941388,1.782667739504587
3416,4.083736029651503,2.0677548851146375,1.4137352481768415,2.0442398369733916,3.667552687570952
3417,3.095216405335596,3.196831462511916,2.6313129386288576,3.128365475082213,2.559001275068666
3418,4.177286980670419,3.4274145586810802,4.005999577561401,4.73517039042027,2.341251060764448
3419,1.6668452855139007,4.1021980370257625,4.037929355893806,4.171200805660996,1.7600279634573917
3420,2.4227863660413025,4.0563763547136045,3.7362598063622317,4.185798725048417,1.652445073309153
3421,3.365659438747427,2.886073315517521,2.9249761350762276,2.9505338556469503,3.188204298898263
3422,3.5561679851825234,2.9953122403970145,3.197981208308535,3.604719410945497,2.698578410834241
3423,1.8298935073965719,4.222030335989468,3.6299697149735057,3.0564632470689594,2.3518396186002173
3424,1.0,4.339005934506422,4.085702436041869,3.382713660708179,1.8559619102333302
3425,3.649250833213886,2.117735543676008,3.2422865019455145,3.0275216471291215,3.6033736495964406
3426,1.0371401135103533,4.442581103689923,4.2840103860578065,4.032983469191427,1.5333408176602226
3427,2.5533126162018744,3.1752003303816387,3.001347404614147,2.8097691491262675,2.9232509952279964
3428,2.9057734361801875,3.202060439586447,3.034930014470206,3.1966068684693174,2.7067380233941685
3429,3.8962653571460586,2.742960742948706,2.257434748018329,1.6154310462899677,4.11885899390753
3430,2.602169339222761,3.965494622880648,4.06742682571062,4.062789684098876,2.11773784269558
3431,2.956877255962181,3.199412227716209,2.899538403373231,2.9997197446472508,2.754148601686377
3432,3.480220376408361,2.580812697614059,2.5952343625894465,2.5089621616763065,3.435387276708843
3433,3.4424799984833743,3.364405729047538,3.4397613736573813,3.782783938481413,2.4734226856498718
3434,3.916280689685243,2.219383906513009,2.3964012579708727,2.5831294091938175,3.7133695015775556
3435,3.12012222679719,2.9588524073614137,3.195045968361991,3.2722170310843164,2.926132223734098
3436,3.2439953206845793,2.9484610975463466,3.5589849295545086,3.435217375983465,3.1034763746874208
3437,3.6894276008718574,2.0872173914922194,2.1084321973298823,1.8457948886745092,4.07420062417776
3438,2.2733702451765736,2.6673285695163216,2.8424301596623147,2.4984702612323098,3.3819762782620035
3439,2.1803923614883396,3.512990609497483,2.955053042216594,2.9290371560962205,2.4793820119906065
3440,3.671986426180033,2.1655996429850775,1.920808916295699,1.935934385084799,3.784648334721905
3441,2.009904215585915,3.768076299119337,3.6710503874322864,3.630690288385855,2.093641794149431
3442,3.3211133346340853,2.7522407379882643,2.6190595450134166,2.4590084156228764,3.459372640871411
3443,4.332147720659032,1.6494347891225005,2.2176055491892637,2.074763994062426,4.4163962995875385
3444,3.062008719357023,2.948932038345191,2.942369202852681,3.039886072188782,2.9741217786601855
3445,4.117684742289277,1.6681719405963065,2.526389025596635,2.2688172705952874,4.397356766160097
3446,1.9476882133801232,4.218618211844239,3.5682356372129407,3.4159727100433734,2.0724534942442827
3447,3.4122351200025967,4.301497160115083,3.5882607479586213,4.415458566151899,1.6060878677379196
3448,4.191692183609474,2.5346428921518696,3.6898282153107624,3.4784466337173705,3.620699318563547
3449,3.5984521210124885,3.2487451257440343,3.0043207669189815,3.727262977699395,2.5187334533872967
3450,1.3527321090190674,4.466600194486114,4.052663639774771,3.947712619908355,1.7597256413976723
3451,3.2556822201196756,2.3022225118808417,2.0778437519639246,2.149593485328272,3.6046888507872645
3452,2.960898567465907,3.042016485905703,2.7237602576359152,2.933900131635367,2.8281193026131066
3453,3.2289984731149035,2.7803720459303722,2.953296748148948,2.886829220045953,3.227122442472615
3454,3.430080023084337,3.097210005743772,2.5575391716461326,2.7598792061950843,3.0624275589315566
3455,2.3390137404097344,3.307122170595325,2.877560003959056,2.8268939349306694,2.6345140509304317
3456,1.6883471150270064,3.47696076098135,3.558189350597688,3.022887280147041,2.6672270541164185
3457,2.4435596964963686,3.066049876121862,2.8301749147128756,2.597441684441119,2.995046918287734
3458,3.2417903776831514,3.2323475543828932,2.693688346296074,3.4058055170152732,2.452666653395614
3459,3.7315923711995214,2.073393955196779,3.5267454347358798,3.1672503951404796,3.8537914850980437
3460,2.690683994443346,4.018124628422537,3.8280788637287504,4.097153331215463,1.9247078587670974
3461,2.9828071749532605,3.387825180310257,3.965801048235831,4.288388677947049,2.3877168918348524
3462,2.9619447369375074,2.7976581453764626,3.229240734259634,2.5933929431127885,3.6571415639314195
3463,2.8408184468719697,3.0025294277697148,3.191797220259372,3.090512766887283,2.959966314530258
3464,2.829210127480775,3.139179297304773,3.2504556614854567,3.2564375659064213,2.791508045127699
3465,3.6703659264435022,2.1674986757649743,1.9982675718461789,2.2144513065788383,3.6296467916677364
3466,2.7446620068131757,3.165554376812956,2.9197179859741325,2.8800272064148666,2.8510813331720803
3467,3.318516055236962,2.666647025397392,2.5496889098446966,2.532074568367273,3.444338926169919
3468,2.921700609913258,2.629605965009327,2.8448895147169395,2.5037748678156198,3.497582082812341
3469,3.2761860998963614,2.6125469436156483,2.7985854586568837,2.739085357218006,3.396763067773757
3470,2.131596242083685,3.8496471993928565,3.570088164036629,3.6496256192177614,2.1141701674759066
3471,2.3381250050428144,3.3244428146925684,3.155110178504121,3.154823127756219,2.544310943282348
3472,4.050464430712706,1.5329050290066664,1.354191569194165,1.17696554295016,4.622105286312708
3473,2.9045568803707607,2.964538245811906,2.880303429242044,3.010169824294431,2.7923945949840907
3474,2.963256430663171,2.7655220760060804,3.0408261260116793,2.932464755616173,3.1842492919119065
3475,3.336021582442674,2.4647205294456263,3.3089446841333974,3.1010055125228386,3.4864204466506625
3476,2.8081755961899044,3.0804052809531566,3.1697531714755818,3.0671244002970988,2.9455019312613
3477,3.110171004991523,3.4036631960120536,3.0547207644238794,3.391892943455938,2.5118607718116563
3478,3.264379011452614,2.8472367251052697,2.8991473087885975,2.894596825277483,3.1906184074704522
3479,2.6971878227676553,3.633124426415133,3.9525410689478244,4.238904987206882,2.096209046508282
3480,2.9439902417770547,2.8166739747975114,3.154806602817607,3.003918710400597,3.1858884677553494
3481,3.302224419002957,2.6082202342135585,2.5397371909977995,2.6730828169584537,3.343744772754963
3482,3.354946040660593,2.637126367396707,2.868502434304815,2.805593059079926,3.352902579837399
3483,3.420709166173915,2.7949231816242923,2.7404446721721873,3.0921918637351316,3.0312427062668386
3484,1.175126546313925,3.608679005976409,3.659481390959539,2.782943370341667,2.675667292270926
3485,2.9013449542705816,3.017508420754283,3.3843017825167316,3.1283185247861143,3.074812009481361
3486,2.022488827604153,4.363695928510405,3.8464176037729056,4.026734620147582,1.7319057973221648
3487,3.010627725476334,2.9214752923713863,2.9439036636620166,3.0928558474859233,2.998857413856702
3488,2.4698419367138795,3.249609873039075,3.51323900143983,3.4671239040708985,2.5538986455722745
3489,2.8019730753977234,3.146972633603242,3.60006146953778,3.323100619452015,2.9393946792860346
3490,2.923004158578878,2.9071436840416927,3.0138448585982975,3.0053356900931965,3.1087127376913513
3491,2.6436363154811255,3.0073496723706765,2.9924013876262547,2.7935359424257844,3.1219689597009
3492,3.259775634959693,2.070814361115847,2.2493315183144844,2.253361042289348,3.601770844428013
3493,1.4918441866154943,4.470011159230952,3.884118457855,3.807643366933049,1.5823001963250214
3494,3.2785578877267727,2.786836169108187,3.6992713088578673,3.5697649857413967,3.0838094739722695
3495,1.6109658848143904,3.785657390569801,4.759777872128169,4.033501418667766,2.4357571988032163
3496,3.5568444962627517,2.304064012721639,2.4410615030123717,2.4886301343174724,3.649529247680171
3497,3.3893238493335764,3.15051206504153,3.248863151142815,3.4828122017195113,2.8011107297368176
3498,3.663139361761568,2.513901942197614,3.2378205679940066,3.1523981061563524,3.4838291098623797
3499,2.9974526594297393,3.0174795612449956,3.0442567874980853,3.1921983883177405,2.8389601188595233
3500,3.053705423123817,2.8390178661955727,3.0633658886500768,3.0521164572534802,3.178071295513492
3501,3.0659002287040202,3.067095303604991,3.2656973540057166,3.2353792302223305,2.966336308292797
3502,1.9266763137118637,3.525643872569217,3.943837905095049,3.150145160851072,2.907621826829416
3503,2.9403789956091106,3.4009629458601727,2.9720252543304286,3.1794259264911684,2.6426619967579765
3504,2.9814186973799526,3.0111901186629852,2.6400981656098916,2.9963747504012943,2.8455328072585413
3505,1.805937553907837,3.7062816197863273,2.802917498989424,2.627924220324148,2.463123936995696
3506,3.0381671272452015,2.785050925675557,2.9240533980215995,2.600915474028627,3.4207232954828894
3507,1.1591711172529302,3.850723956241919,2.9472778159447053,2.674221164062872,2.2177133486437812
3508,3.1171634449650605,3.6053613590047933,3.242740130256767,3.6185088903787905,2.309909530808487
3509,4.047528542356055,1.7211244509995418,1.2542822100476418,1.5499931158408198,4.161983679449196
3510,2.987300595430415,2.221509575462791,1.737076544070545,1.3511187759806242,3.9170743034893833
3511,2.657956013325753,3.4567559820439095,3.7209981751070957,3.936885053974291,2.2969525433869364
3512,3.5151687696893945,3.1090719802696274,2.863772023569132,3.2279083186314774,2.8230949649087456
3513,4.043809631186681,1.9629953046471504,1.4164640812452718,1.7549738874671965,3.9228020492978026
3514,3.1840038027419113,3.4830333801061824,2.5846741211389372,3.259104791623001,2.2948999572887456
3515,3.4550121772781632,3.223862256694411,2.7852465452836737,3.1001341496892074,2.8822338582200313
3516,2.978647878933117,3.0649018099560976,3.1668333430463047,3.1596632823935593,2.9332156131801184
3517,2.6402799385287854,3.1024689930020592,3.1266039761049367,3.272188446415921,2.691990194542375
3518,2.3734546288541436,2.7491030196134814,3.803434361359807,3.4531962843873245,2.927371119725361
3519,2.7263560663513102,3.04380693730702,4.901828458439021,4.339660280333176,2.7706075776937547
3520,2.922734643600502,2.536922676892167,2.754108261224183,2.555414049120288,3.4219128220543205
3521,1.3920771516717225,4.348707716772786,4.627994738675792,4.312286499581296,1.5178462828823442
3522,2.9421949662459066,2.8480880311474435,3.1113396477966524,3.169309360534488,2.9839590209764233
3523,2.349529240778109,2.798331151699561,2.8285909923872437,2.383303538306164,3.2129238527070676
3524,3.8391557121258897,3.0738561854718935,4.031358048883993,3.6514583185299783,3.4085799172370157
3525,3.4916643748603318,2.353725741720001,1.694421830609568,1.8484410687484423,3.5764076085207073
3526,2.0457563764713838,3.2058145303155685,2.954949273533031,2.515205191076474,2.930857741294489
3527,4.254512323193191,2.5910890049488247,2.4770683991560225,2.7498577369050707,3.419128837455939
3528,3.331753487279224,2.434728674514546,2.4636820538901656,2.485431503963746,3.4289661587847595
3529,2.523771628221346,3.398171152745026,3.2496202409063817,3.00941406609521,2.7418728240105548
3530,2.336966319634961,3.126992985157146,4.192767241137929,3.9229555072759297,2.659325015460764
3531,2.544310478571969,2.935295578211435,2.7242705244214434,2.7168437520910516,2.9419038850200163
3532,3.04979024638691,2.9547621651262324,2.5539569347997855,3.0019962487315297,2.8116308556839633
3533,3.392356098544191,2.9719008286730704,2.885891389987369,3.0513002147023642,3.0787601693752014
3534,2.7621653422932755,3.3317012307192826,3.026065222387538,3.215010560685254,2.606147253272507
3535,4.933121828652766,1.3565709267534025,1.4702221330012564,1.579972548177552,4.665843443994012
3536,2.4972249399190964,3.8002603951825873,3.610795621519108,3.664394343174407,2.298193988187101
3537,3.2389337397712867,2.7683282625571155,2.868005586476963,2.85468222659211,3.2642853950976383
3538,1.874594989702013,4.171180818394684,3.900806793824774,3.925319815032357,1.8055187117883935
3539,2.9918655832523555,2.852668591476687,3.022628000328962,3.111506802926628,3.0071061047984804
3540,2.7991118729909163,2.4112339359049444,1.665702181433012,1.589082742343627,3.5272628481028363
3541,3.3354729246963135,3.002170549385079,3.1543463863355994,3.178218810610674,2.9281276356557
3542,3.3058835667606283,3.3809468159478064,2.919639010264451,3.5914027814481315,2.2948901805366884
3543,3.216847485918857,2.520538543847382,2.6401094822736253,2.67328631514683,3.334768038617438
3544,2.35204544710088,3.4904674571457655,3.4213938464723936,3.352076563149245,2.512766135878669
3545,2.7507792929106234,4.066589057038234,3.932781640184814,3.608979827613097,2.475801932447676
3546,3.0749889205053815,3.0010911662487962,3.0996504918795056,3.1162602162974653,3.011961068488939
3547,3.0624621527253213,2.774543403524341,2.8176065492984046,2.8964230641300976,3.0564087871600165
3548,2.6916308638588364,3.030754874765774,2.473665896120592,2.4428635804691647,3.1421775510758017
3549,3.183316476485632,2.265943672208994,3.1700022344305716,2.9607228835881525,3.5049769707782676
3550,1.7469336664714346,3.614925289407458,2.511554481802762,2.526240892796003,2.396612339860382
3551,4.247678997474536,1.7591140959237421,1.565986487737869,1.615295378586947,4.302928247018726
3552,4.717203730094426,1.3264296362321155,1.0,1.1395915313875626,4.730142878286216
3553,3.363613177483247,3.402339308776678,2.6191852331136514,3.243539161956197,2.3895728120599222
3554,3.0845541640839484,3.160064564841167,2.769169625544441,3.003027919774337,2.77201731077308
3555,1.83116474298847,4.4107243051125655,4.674706738311938,4.162849850948349,1.822069933122166
3556,2.911509043118045,3.604728020633758,4.198756395350955,4.104881108698923,2.4288835774674924
3557,3.2204203145179644,2.2935700646334487,2.471812472078686,2.289325242777217,3.6655317406193992
3558,2.331246699532689,3.06872104943682,3.6261768237443883,3.0215751024487094,3.0370121278837092
3559,2.7001538952789703,2.7875479644736116,2.8741188658751193,2.6394432434914705,3.2197809769371726
3560,3.4897566231462047,2.8512299545770072,2.519490254998547,2.5384509950613032,3.332737923730472
3561,2.6875951439661936,2.950649429169896,3.2420910231778155,2.857681620363563,3.2165875015231777
3562,3.5789131595600927,2.279929594072608,3.1798379573397804,2.928004494763003,3.7143920054490493
3563,4.204682243150593,2.0827409129806704,2.392983818020556,2.361299307369989,4.063622141100528
3564,3.50765563829629,2.3895673753086837,2.7006435737321395,2.7734288871396253,3.4400069744944513
3565,3.4024147153746234,2.2122225084215557,1.8810874001621556,2.2069862699747382,3.4808216389203865
3566,2.5684543046304693,3.4326823263324675,3.1304215929253965,3.1572733789204075,2.604396901266729
3567,3.314024883762017,2.7346220461327726,2.756042067966763,2.6379654217708883,3.438388259414232
3568,3.0574561579487805,2.8630979852762493,3.7333012662051406,3.4375149229559585,3.214273699366314
3569,2.297119787777579,2.904858715291614,3.4723928978200767,3.370233838585697,2.6953747037171443
3570,2.186892444965646,2.9932119795470116,3.057600623703315,2.6836512254238563,3.1343732243254374
3571,3.1104850708689633,2.7556539958613486,2.7146694786403054,2.687155065998377,3.314550482958898
3572,3.0234041292295406,4.114233609393313,3.139309833845558,4.051935858333289,1.6284836652137697
3573,2.859589446407499,3.8250092474507946,3.06303658600348,3.717671264779124,1.8788693064939914
3574,2.930098146447763,3.2007759354574348,4.11409351564647,3.8915208922706803,2.6875045387886924
3575,4.133786814133057,1.3836085004784053,1.449851489676944,1.8511890873688033,4.175925881485476
3576,3.4494780675395793,1.8877321185874623,1.74554050127545,1.5986458026687396,4.065332317265732
3577,2.005530799702668,3.7096612490694896,4.573925599587936,4.296138979555714,2.08472804453074
3578,2.1343887463129576,3.659671836925947,3.5119707664485187,3.503440190211329,2.277382818800138
3579,2.805226498274529,2.6701586175172842,2.619083598339751,2.458216701240609,3.3249975841150645
3580,3.0449696566596396,5.0,3.109857822970707,4.143984149201991,1.0
3581,2.449602262241044,3.1216054826090818,3.24806480790092,2.8416845242041346,3.024007561002399
3582,1.9812890728209076,3.4015276272691164,3.2395029894278577,3.071684622883554,2.704906603415098
3583,3.2314878663921736,3.02702702479891,2.990296605934083,2.9017035447901414,3.1191143664515355
3584,2.7728700455040953,3.1839612201222796,3.3023184929060463,3.0984727530487417,2.9448674128444385
3585,3.0136215728081455,3.308254542572925,3.2013573037288126,3.3970811952635103,2.6195089804718314
3586,3.2801799308598674,2.758166340873989,3.1297066472216457,3.0410630149193114,3.2840008874754734
3587,2.2413994599434575,3.577267402976064,3.631918290143983,3.373329026753569,2.51581203918467
3588,1.438796898703274,4.195518409773609,4.714902335769137,4.457623001975328,1.7392675416744794
3589,1.6001352044037873,4.260575187267909,4.94833998280399,5.0,1.410773937518536
3590,2.282680640858011,3.194190539122284,3.138612479790349,2.766806550912763,3.0138879396617115
3591,2.952987517301245,3.149284989651566,2.6940758794884956,2.80455099768398,2.9045533840392275
3592,2.6767609665220182,3.3516415519899763,3.333192859285709,3.262048804062451,2.6887092831009762
3593,3.34772467995298,2.5925498538883778,2.8814332851345,2.8342591375441186,3.4365714993816585
3594,3.6164366631839364,2.3976497334850055,2.706439575258147,2.5957318834347904,3.6772157616894923
3595,3.841178990309615,2.1377958319471437,2.6194951086753457,2.669228544173776,3.7675079296943856
3596,2.9799706088849978,3.3084719218744874,3.0716317528052213,3.583929597667909,2.373893167008097
3597,2.387618115101394,3.862547537506528,2.8704664223302196,3.4673238667263577,1.826722815182039
3598,3.0942057210587266,2.964329372797741,2.9727126156518207,2.874169460185735,3.205354035690818
3599,3.2744286806714547,2.761502203902887,2.6412798058835083,2.8099432411912453,3.0235996346552994
3600,2.920139889361064,3.3774735484017833,3.6558848998951685,3.5922331713879267,2.699120280148412
3601,3.4078211518722847,2.359665053390724,2.839365780967837,2.5564128121975243,3.754303953944901
3602,3.2170642453139835,2.6673925898236623,4.513493572389177,3.557255971497077,3.80409733676139
3603,3.5320023406996697,2.520461972864195,2.957051796038466,3.112976810767909,3.2576536624304806
3604,2.560838792565226,3.6590110217073444,3.590090287965981,3.5447969511130406,2.442211089168783
3605,3.0091934959679074,2.8279812377270854,2.9665953070955076,2.7181751507428413,3.3040425332712617
3606,3.0988607976724043,3.319382947664399,3.241192317274201,3.5594509875533027,2.58030462371518
3607,2.3542201502814892,3.2623888425331002,3.0945219734329563,2.740264952490178,2.934061997579852
3608,2.529883932581437,4.10477225898902,3.751713580765193,3.8395021110573264,1.990054161056894
3609,3.152019708576898,2.031182864787795,2.7143986448857387,2.3504084909461245,3.8593009590122977
3610,1.9899948376863732,4.079220664756422,3.1385383283999087,3.3982797491360617,1.827494246596608
3611,2.9494170451609927,3.179871380828897,3.1896008670373046,3.4482403098095467,2.5839253493823824
3612,3.239173774120959,2.7424428162477543,2.9883315718073318,3.038899533948854,3.145802609989793
3613,3.351706756942213,2.9075680391698677,2.9008486228181414,3.0124524430684354,3.1300880125400945
3614,1.7826611808144566,4.447119594896459,4.551189570409369,4.5120105177968695,1.630153564731554
3615,3.0363807703165695,2.9613432842529215,3.137012419107343,3.209013804102267,2.9183839504484026
3616,3.7315308072138635,2.1230571559964666,2.4787534634177493,2.6114907160174723,3.5716575030695523
3617,2.3194830112113114,3.5642272434167177,3.1220601070172975,3.008535595492942,2.5736415630324863
3618,2.8521019943801056,3.001569767258671,2.4541823337790634,2.659596734232261,2.823795274169445
3619,3.07631810859325,3.2202010960902516,2.757704204640245,3.3679300912059853,2.3246455955712286
3620,3.078970703604198,3.1077868183452435,3.012580604731807,2.9153921034932795,3.0756210751091704
3621,3.35157129603123,3.780366581917469,2.694146519625743,3.1736525425645628,2.401726176367989
3622,3.194227690869446,3.7770970383919558,3.4152086779394213,3.739090134487822,2.311477522888188
3623,2.945145642439704,3.8830905171072865,3.2259719849374506,3.5010331643672084,2.2863588390809277
3624,4.5532295066521495,1.4045871284881415,1.4716640536362018,1.9771924119449353,4.187157192022685
3625,3.0849715217914118,2.1831911996979403,1.5025761220981813,1.6953342801333817,3.620898036343902
3626,2.7757256870646545,3.9275898313642568,3.269084307860411,3.6082728468173197,2.073926418905197
3627,1.0,3.399588019543474,2.225040426945837,1.536564192326422,2.6253536091201877
3628,2.8780169304394505,2.6780847624474213,3.1024622312515637,2.7817763486872167,3.350753354783434
3629,3.574880509515249,2.2932384426222567,2.87194805225937,2.584511018879311,3.793949402549855
3630,3.1360192966777474,3.033025266938059,2.65421127123896,2.917366232565994,2.9401495869305543
3631,3.8009783711054714,2.5857979999892446,3.5586950472698593,3.6275723509633977,3.1958017772385934
3632,4.373153184882738,2.034020577189399,2.0174674405437476,2.396063171929077,3.868153012868372
3633,1.801162294075315,4.632611773547277,3.780644541212255,4.574977073152089,1.0
3634,2.590146372410117,3.2545974732603113,2.7312443372148127,2.9977688128566915,2.453207410279483
3635,4.012454679874577,2.524424714988696,2.00190860892128,2.398063127998313,3.390506889129083
3636,3.0622587405170636,2.565862171713127,2.6884032946684937,2.7246421898757363,3.287930288991448
3637,2.772746815880045,3.585708093400449,3.6346356862779796,4.0730421752743124,1.9819557532091836
3638,2.4577412009857635,3.6540611445295683,3.3885339624996864,3.6650546103332764,2.088672667326658
3639,4.442363458150177,2.7238355298093238,2.2571851447357862,3.0484706677676594,3.1173066715555913
3640,2.750023871848063,3.2964746129855387,3.0150997801432786,3.1762649458832226,2.581127953409227
3641,3.053227962353307,2.8105057987769153,2.901004789114384,2.6517814184325363,3.3116322743740763
3642,1.4026924575415183,3.8785131571592304,3.2002587736139776,3.1158134004081086,2.016124788973678
3643,3.61803207518171,2.9696595723657415,3.004905680910503,3.326776977765258,2.957306605847724
3644,2.7544774467497266,3.177950662097029,2.9456943620854883,2.7567651128591706,2.9638436373315593
3645,3.357955456512117,3.588517665827524,3.1453598197265573,3.3755039347385942,2.637549813694571
3646,4.11232614967148,1.7343322570274564,2.3400578741114684,2.2566083115713544,4.249022668359968
3647,2.083646830498325,3.1747501717754423,4.461041161242931,3.4026014191256673,3.5176932001896972
3648,3.268623130877447,2.635842027574944,2.155406574058068,2.1954820597729965,3.488593120123066
3649,3.8593475799555206,1.9508254406931702,2.0128208127440574,2.03268056370048,4.056262898867364
3650,2.707845422998259,3.3844275469798433,3.347382635113714,3.4603896647070362,2.5057608135480085
3651,2.813773701754408,3.050535550446181,3.500707124649135,3.324036778199827,2.921981852705075
3652,1.6763649632827315,4.233388548828056,4.566721263783222,4.465250842254574,1.7089018510341567
3653,1.2594444611533893,4.102007202794717,4.578010301660021,4.137912222055768,1.7224360659368876
3654,3.6824584851231146,1.4712554734281307,1.261309976113536,1.1171416245126096,4.39655175990333
3655,3.7982213599919064,1.87326709345721,3.24585530189044,2.7467105741184086,4.260398623656324
3656,2.635293113353528,3.6000798318588365,4.253591597409859,4.05319926465505,2.3164018666670776
3657,3.2778257754854883,2.8815395434105,2.993243822297862,3.249490402866532,2.895870825062381
3658,3.2640592554481764,3.2020109038896063,3.1758462892986605,3.463736326050458,2.632656553035556
3659,3.80079651763499,3.0410587669658544,2.4083937388433765,3.107472049977707,2.7702375268314183
3660,3.6301401029205045,2.2210177807748543,2.346175387086002,2.401720938169623,3.7135879365765816
3661,3.1932865636220846,3.473202457328532,3.1393820850137772,3.396655307525332,2.636905105860739
3662,3.280760489662972,2.9631882854588625,3.067179179813584,3.1368756742424098,3.0512451010470363
3663,3.1702424535883504,2.9633093062612503,2.7893437005380646,2.925862051017686,3.00008851617991
3664,3.7672788135140483,3.468019117281546,3.7026252675531195,4.322497820983507,2.2787040967330663
3665,4.243707317494149,1.6876586622350969,1.768131847106017,1.7836889597385208,4.259660733431527
3666,2.995240764278747,3.7314585093537938,3.599068242829473,3.771614780052774,2.3670093489040114
3667,2.99950779741384,2.7123897713300416,3.0155359716849337,2.7502023266347395,3.420726299194658
3668,2.869777092707625,2.66250840516697,2.405760049553433,2.5331530350092066,3.0913033840066664
3669,4.048130786057916,1.8573599026151597,1.7064153503020876,2.158589040704361,3.9475085315195226
3670,2.888530308927912,2.720978620038994,3.0169148443524696,2.904481930059465,3.0940643981783755
3671,5.0,1.0,1.0,1.0,5.0
3672,4.099497376773686,2.271047399695855,2.284184380169485,2.9344090596205743,3.3486583151241742
3673,2.6756951000181473,3.2714949848746384,4.34364131418729,3.1930243196443513,3.540077538890779
3674,2.0450591089332,3.619545783769185,4.372301419915917,3.8657068334513074,2.482554892844475
3675,3.1250502446568094,2.9790019934467495,2.768859671985683,2.8682000792169755,3.0337721013549697
3676,1.8880088310010816,4.600974855202329,4.610215381401895,4.684160049243683,1.429142680452953
3677,2.932975258626316,3.263862901281483,3.4082880175296255,3.270644602545781,2.80647456773032
3678,2.6220647034122315,2.8187113560669457,4.0491518260346275,3.710113025304331,3.120204225333951
3679,2.989249137653113,3.0233714493837796,3.0453648437045833,3.16027968144627,2.9059434211104986
3680,2.7740410601828462,3.6202457728336355,2.7860158149803036,3.168036480756429,2.442959917666277
3681,2.144396942318978,3.5155588984571375,5.0,4.627862271369355,2.4110394673141853
3682,3.4035333729539796,2.686167021507886,2.847771996534616,2.9974159610634947,3.1572875335975095
3683,2.54334592588161,2.9788926156370037,2.853738065118246,2.8656483301763194,2.8221961545625933
3684,2.8599664595736236,2.700985422680938,3.289415476581485,2.661850973562223,3.5951154522875965
3685,2.5173440736074637,2.9937475710419426,2.6679088993174522,2.3274567859444857,3.313458473762797
3686,2.2764618612155205,3.640108054926362,2.84789763860071,2.8487344603223175,2.507089354901876
3687,2.765862849253263,3.1068643280835038,2.9677191480645195,2.943598591788054,2.9068033428137405
3688,2.7069518250535065,3.7861138922260733,3.4819067498365657,3.2394911100170107,2.628680585843679
3689,4.258356018036084,2.4772077264926793,2.4982473070067113,2.7101655313215742,3.534864204226176
3690,2.374514686728493,3.6052449637806756,3.1507198529851186,3.1724391900080704,2.408380580559268
3691,2.308455272364486,4.8734514810291945,3.1173911297089267,3.571697620609432,1.3361082836085543
3692,3.0287652101029043,2.8972448134021165,2.6325658117224306,2.674661902352633,3.050737934589589
3693,2.847160508916471,3.436533250906007,3.5316191583800602,3.672722019113709,2.449335457726092
3694,2.2674545615930226,2.6106262309219863,4.223492877690999,3.3715185718149985,3.2478416817030253
3695,3.9308434215546653,2.635323313185845,1.7851365027599089,2.1617419521159658,3.336031702519044
3696,2.5749643439205414,3.4657460391368056,3.812893483711565,3.502842301279623,2.787728168660036
3697,2.870017455345199,2.8447997647376284,2.6931126236895016,2.700028148366928,3.1042910922049187
3698,3.3072936819822947,2.9310928734806803,2.459210156517111,2.626414963264485,3.1453455389982126
3699,3.109971746834225,3.0263209989148097,3.4023445244117374,3.240116466800193,3.098359207625154
3700,2.4460035144406977,3.140777697565182,3.0151592952008905,2.7814116995029123,2.947143321287947
3701,2.8854168650551233,3.136712999085849,2.958364922423742,2.8758795441159712,2.986249934176125
3702,3.1303486255969393,3.2623180298121257,2.834295876195824,3.2465608501425205,2.606082931400849
3703,3.612607343374782,2.06388130469784,2.4729746347914374,2.040637164428496,4.159752751019898
3704,3.854515510378477,3.050094532223918,2.8105600729273634,3.3716237680816996,2.948301332819532
3705,2.9906889444998606,2.891208225307845,2.7536750922103246,3.076648459823115,2.7411680571605186
3706,3.0597133629319573,3.071145803005708,2.9455781702413932,2.9869932950169376,3.0113587737912195
3707,2.4596071105724837,3.6289888688960934,4.971894382901226,4.869943178899193,2.160108250196595
3708,2.8897425327578774,2.849171907024525,2.65539066488827,2.4932525457439767,3.2790766849553723
3709,2.4510524955772475,2.8946447510729993,3.368353881206679,2.7733470042391803,3.298258283723784
3710,2.3273213881924337,3.51315826981848,3.585000240553767,3.409760342247712,2.6090496721598617
3711,3.057610596605454,3.2340300770851425,3.2811289393587404,3.4835150527568737,2.6496149221510503
3712,2.4791073536144554,3.0672903132584706,4.039151420897452,3.544308514947626,3.048631955962672
3713,4.687374143264646,1.9632444521983006,1.9811498700110493,2.509026227128284,4.0944422249469
3714,2.512490541439041,2.6951075027588067,3.200205627367082,2.842573996767851,3.0984551024441576
3715,2.977407828191101,3.466397772566065,3.545306045047635,3.701439566518446,2.4613648255873684
3716,3.8632397040687074,2.5210528766318383,3.3378054404165294,3.1212831578015967,3.6364926699018185
3717,2.8403443438877827,3.004390303411323,3.97662360247228,3.261304279424439,3.3646904944502687
3718,3.0433232869679845,2.9146053478084695,3.1942914350586933,3.0718185097929864,3.12411976441882
3719,2.5655254208865865,3.78916490256436,3.4500079657676204,3.653704649294723,2.2155269353798297
3720,2.9459836032749305,2.786113201107972,3.162457686161707,3.1784847814790895,2.960541307261314
3721,3.217818900281936,2.7154193808096774,2.853805522931017,2.882117764321583,3.2623577188376394
3722,2.740341349557022,3.297997179798218,2.96519860829244,3.1324293403057464,2.698228832403138
3723,2.7747923786678195,3.529398314204617,2.854154365469705,2.92493244194789,2.7225412263644824
3724,2.8146710576261333,3.052022678422563,2.9928199915621474,2.9233461622486527,2.9932961969075715
3725,3.738643040018801,2.4794117254792107,3.0865866367406634,2.955487649372477,3.6196437027612465
3726,2.8754887110041114,2.913474661475462,2.4316039253419217,2.459041890103868,3.111391745572509
3727,3.4316275271591214,2.586255847137947,2.6045398134844673,2.9107508974503897,3.1550405785063504
3728,3.0568390946693174,3.9173857432445853,3.3494143234384883,3.8439869550153274,2.0640973203695063
3729,1.0,5.0,3.7796146471109218,3.7943610428317993,1.0
3730,3.5229155428622914,3.572872726897105,4.136737873254075,4.67833842525847,1.9608935783415902
3731,3.4238044813910182,3.7680521307842856,3.2026602289723107,3.842625476356312,2.1826029815751156
3732,3.0613675922024894,3.207757882905897,2.610657819367105,3.2017436266224775,2.4369079277723658
3733,3.6739688056885873,3.4808046522541,2.9323613229718313,3.2962798461604983,2.6064989836375805
3734,2.720920007086593,3.299279883620252,3.3445777580482714,3.330888384477585,2.6735858823489065
3735,1.0112145725727772,4.372928356912565,4.44164167254238,4.150357144600678,1.5008505891020403
3736,3.0909805115717615,2.99012990606361,2.9865772915134055,2.8513286057718936,3.1736535895264915
3737,2.520583331074097,3.293200164493901,3.445025122615486,3.3220155081502036,2.7146201995348345
3738,2.3723903523363323,3.70346382567334,4.1559058485622575,3.5100637750571324,2.946146047212424
3739,2.49024294394379,3.903777635169885,3.945024087207819,3.7689857096374775,2.3144102708094056
3740,2.9705319784491953,2.98744850880268,2.7147290828439337,2.8671930793927176,2.9315105363193434
3741,3.5254467355615224,4.040863494772985,2.9473451418533805,3.717011034997131,2.0892891963700277
3742,5.0,1.0,1.0,1.0770429140030329,4.657949385858008
3743,2.169733126862403,2.9432018663514206,2.9153775223962315,2.4522344897273975,3.288394900317514
3744,3.5864405096080727,1.995472492901732,2.825323878278018,2.8062255569314507,3.612648839615118
3745,3.0391815744180524,2.646211725019435,2.789248559793927,2.6454690966010994,3.3502196570015976
3746,3.9507632830067596,2.752719324479352,4.163826830206721,4.136491416427443,3.2253148400780907
3747,2.832221313659172,3.323014988586199,3.2207419532628374,3.1797818180711395,2.8091672980926883
3748,3.472470831827587,2.467889167467445,2.1993677595245815,2.6422790011843937,3.1971481792606
3749,2.422969306467924,4.045846314717819,3.835448085845556,3.990639527202827,1.9036361121268839
3750,1.9554766051508565,3.346264239060311,4.728950854986039,3.3762288564647154,3.294097815226422
3751,3.1225176531452927,2.9344193152472635,2.3481859327336547,2.6437818300227596,3.187292082721648
3752,2.604756171813526,3.1248735431250507,3.312837635483443,3.0474961889891907,2.950540581030174
3753,2.92180076517982,3.234834909741208,3.4361399082267012,3.393469065837976,2.7375812177034446
3754,3.1085171617749974,2.5358987122301357,2.6057259942280693,2.3367102283617953,3.5373211824323207
3755,3.4836261946024005,3.2931050962373503,2.9199813123055334,3.4476532825714146,2.5762761050010208
3756,3.600874898085233,2.8816734385905387,2.283187006519256,2.6271957757633455,3.1658836811776627
3757,3.818649964239029,2.2299134808224435,1.8453678230496804,2.3445443746845855,3.470112206475739
3758,3.0132248049522614,3.4084529504229124,2.5968534598933157,3.0174380637615985,2.5414487805317156
3759,3.048024630996985,3.572661184187267,3.2037781933083638,3.369850137596271,2.5211403890916526
3760,3.304081682288264,2.7445288594688693,3.151203382771683,3.017427505565442,3.301941719212956
3761,3.3002154099413534,2.735461336962548,2.4983990936004865,2.541737582490971,3.3470635257691397
3762,5.0,1.0,1.0,1.0,5.0
3763,1.7851932487733535,4.166246273479218,4.0170218829420765,3.8962325824931705,1.8462667075156758
3764,2.3781858019160915,3.9723548111736138,3.9870434527339578,4.37516186860801,1.776153861456525
3765,2.835829495508487,3.0816047213373188,3.1876610631559683,2.742704551877092,3.304015785775153
3766,2.7211460693343237,3.2311728237831336,2.8685169325078665,2.974755084271689,2.6840442790646426
3767,3.325225302853547,2.555761679447679,3.3732606819517383,3.095991810286438,3.4797620382984724
3768,3.3728361456143654,2.1286730389176696,2.2495676784675833,2.2564915975846755,3.67018144151943
3769,2.7159968199128093,3.0879897229713014,3.1026415509281513,3.278612753842089,2.699864263411664
3770,2.840896933817357,2.8897248007821483,2.510226229016653,3.0690189781258344,2.742030114544578
3771,2.947721419595244,3.320389542805956,3.580760542179693,3.444490657492091,2.7808107765057524
3772,2.602466275440836,2.2499166764538496,3.2173414847433106,2.106228107069935,4.321856763601428
3773,1.9709670079242365,3.2118401798208724,3.7854700621390274,3.1830636156262675,2.779693165485105
3774,2.640403383213627,2.954511562927213,3.1680158759928223,2.735396017314604,3.264338724745094
3775,4.563739613257358,1.9246940495890323,2.8713180011408372,2.597395029285568,4.370395406903762
3776,2.8842587017147667,3.8579543052732848,3.804759496678516,3.819937302606633,2.1927805932815585
3777,3.66264754746475,3.3417308237029073,2.7397734007651886,3.2791017222541265,2.6415108575476616
3778,2.696281549479835,3.713901090521853,3.6446206699270887,3.3245226134546955,2.709161335741292
3779,2.4479124025966312,4.170877742526736,3.7400947332222554,3.6986948562445328,2.17799840363719
3780,3.116997719720187,3.0381019955389745,3.165678329234862,2.802737831288413,3.2808815503360576
3781,2.674605599269844,2.5605185805592034,2.64012223859276,2.4737066714543774,3.377294724982813
3782,2.6921035549112995,3.988004296976275,3.6310715218188663,3.823318223140959,2.089478993872543
3783,2.4527777585613046,3.483815757269542,3.443863498160305,3.7243394592571986,2.2719022545060947
3784,1.7402901155365018,4.307342316207836,4.800851996475403,4.641437953641572,1.5911461768792454
3785,3.6269133877596857,2.516609395821352,2.828652460355351,2.9590430859883923,3.3743831427561033
3786,3.3986954672324323,2.5331834303312735,2.8927862880316506,2.719400452817496,3.551172515646381
3787,2.7192235577849044,3.3640042625623114,3.084089710576281,2.997604713382657,2.7593003831133167
3788,3.1632609184410585,3.2518782376154034,2.7357704322028806,3.1356680265824046,2.6201916094863464
3789,2.1199990755432023,3.4656137029439353,4.586347158299166,3.7136514205235676,3.008867887218051
3790,2.237738476902088,2.910935703085797,3.5661486867919563,2.7305903768021578,3.4118849503070168
3791,3.3937260123704,3.4529427993069195,2.8211726074907513,3.320615245698882,2.586843984844741
3792,3.3800414587511725,3.006287743741243,3.1678299719060043,3.2819929358344258,2.9861103869206143
3793,3.084600956569842,2.177778727039891,2.6837883126059556,2.3294173613159868,3.9209854058724054
3794,2.387921447252434,2.7131874915192093,2.6309576150339673,2.318203088769016,3.3238323094497533
3795,3.4969230626968155,2.0502766502937106,2.3120652423813137,2.3163448519376235,3.5880886123426796
3796,2.8681180613995685,3.0449688488820974,3.1545230700029783,3.1292226499303935,2.8973969584540837
3797,3.047562837499329,3.6997814660131088,3.0552260350278737,3.3110289530469497,2.4852972054975013
3798,3.4261773406811478,2.716001508122895,3.0047848960542014,2.9574574641011573,3.3252285065666096
3799,3.5615671976547025,2.051913679687839,2.086056236542049,2.284732078625132,3.7512311975591075
3800,3.3024380127764945,2.721628979115975,3.316353084709154,2.892989760881877,3.504464944887782
3801,2.237783237303129,3.54373063621955,3.298239007759274,2.89879250185609,2.8438322662107125
3802,3.1359127031305594,3.5372375562873564,2.9594009141552085,3.240922401927575,2.6213458793704065
3803,2.7907898572858727,3.182632012623597,3.160827633695032,2.840426710948766,3.0464278719457143
3804,3.023763204989645,3.173246222454086,3.2610192834328715,3.1914140413114147,2.9105825540771066
3805,2.3235409397041344,2.6439391131269256,4.298493671917303,3.2780353159330917,3.52883151416236
3806,3.386012557946064,2.949859062520492,2.907301340264173,2.749491577702737,3.3141012793267235
3807,3.711657205884567,3.468500002326677,2.916448691150457,3.4746280890158157,2.4223532387784177
3808,2.607003229909434,3.0979450950420206,3.577373113855768,3.6249124421453214,2.6053846000878207
3809,3.060482007757126,3.1319373850460654,2.8252069971617337,2.838538447640051,2.9859923837780085
3810,3.5889169995682204,2.306166828605403,2.241874817895436,2.602799299004272,3.325190804028401
3811,3.611078594298747,2.4981260034297614,2.4604994412400667,2.6266937852144743,3.4701793178461102
3812,1.9999646667183149,3.3888326497446313,3.5401033079845794,2.8441294514481887,3.008753495405946
3813,3.558144324992106,3.2182330947641233,2.837046057344254,3.4047779191151912,2.687725162065429
3814,2.5720287860108946,4.026990332133341,3.52294964775396,3.780838117774451,2.0628628188679157
3815,1.5917939596712425,4.404654140810436,4.953299387010745,4.701183001453341,1.4626197583607876
3816,1.4365974487311104,3.08796053375509,2.301061161721508,1.0931753499627184,3.6285422062385035
3817,3.0429187554249397,3.0910337732797153,2.8558834254665246,3.0379439050986647,2.8585165730741346
3818,2.7057844723765334,3.3939102469443996,3.0434312566438035,3.3155269205805236,2.4496439692738705
3819,3.0533167898194247,3.6202063436095644,3.1737382748911065,3.335471873640304,2.5626685856094715
3820,4.048304624680913,2.783206351352752,2.921958197108744,3.7127991130755835,2.8687286948516353
3821,2.5995637147910666,3.4922046697238605,3.392491079250774,3.4515993560925424,2.3941227601528574
3822,2.798068674168316,4.154093423730394,4.136074262230386,4.8019657042614465,1.4258699571287228
3823,3.5517829889020964,2.715758186144051,2.963797411574099,2.7014192752863706,3.6247583074021743
3824,1.873659273568446,3.322008404481224,3.4753253806496534,3.84276773475165,2.0588930747198546
3825,3.8740384727829102,2.2326720357196406,1.9460074935641,2.361264957015762,3.453960007600731
3826,2.4945695033812694,2.612306901847256,2.966713692397929,2.511115699459437,3.4995433510726657
3827,3.3870899711521574,2.985317812783841,3.1430550009169655,3.4856148674930814,2.740325927723073
3828,3.496828509277915,2.7533668951756076,2.618128308620327,2.7846742360248404,3.224423422667669
3829,3.0470426364408283,2.2844894293622535,4.356169331545706,1.9811130029863115,5.0
3830,2.8155049825842706,2.8409788963149825,2.9950099574768427,2.9446110125043683,3.0933214521232917
3831,3.3072034471574754,2.9698360514016833,2.773046791203305,3.217350448968796,2.6769635237359335
3832,4.051703622780032,2.3516486038490623,2.0014863856160283,2.268751055458968,3.7719140157925266
3833,3.7545335541059024,2.6109984498239815,2.691835713373448,2.676135944528764,3.5583594730044736
3834,3.597511452818183,2.2904400358018258,1.3601590907891286,1.710028602313496,3.682750848276923
3835,3.1593421681332505,2.923552806129093,2.634520357414013,3.0569191042351065,2.7673819845933707
3836,3.060248886102378,2.851862203809726,3.133245734289224,3.0464437861667917,3.1948441203528635
3837,3.0000958075159385,3.3659509925214173,2.9544568722562037,3.249338703157825,2.5175740561369984
3838,3.1173982430327785,3.370260232362438,3.104660503206532,3.398646920904314,2.657889652690236
3839,1.9121033382106183,3.287818306017381,3.1449564985275953,2.767256376987225,2.8767058744678864
3840,3.2807651272487717,2.5691358361536567,2.8907788922888296,3.08378256222694,3.111597909427223
3841,3.5676271466867298,2.6125130533847263,2.35315116465604,2.473206137601521,3.46660840411325
3842,2.5218056382789285,3.2612230923145495,3.11321466825846,2.871390102653921,2.8703979172590737
3843,2.5497743400299004,3.393362477898065,3.140786807299668,3.1017571157471266,2.537978716170477
3844,3.282523072556912,2.5763310431777127,2.450527624984876,2.4576843617101947,3.486148879630391
3845,2.627784908779853,3.6268830172212634,3.593102396046636,3.881107623464772,2.153374319634035
3846,2.544293045152631,3.700741324033777,3.104653350233704,3.2715582833643744,2.2891694138394723
3847,2.226319351078584,3.5283114577849455,4.041681118406839,3.7129145452631374,2.527285575530408
3848,3.8656407759461597,2.583546868496365,2.908291781581941,3.195062884737314,3.369224024482956
3849,2.4124326873144026,3.494863714207585,3.583833309808543,3.004105004501995,3.033358892612963
3850,2.945233296203769,3.7705848455138313,3.3896089726630687,3.45512790151858,2.4851653382560497
3851,3.8690171388440304,1.8518012933508445,1.3206650870658172,1.5724661524141683,4.059290939166136
3852,4.3409222244829975,2.2104317945146073,1.8772362413062609,2.15131571560952,3.9329895760329108
3853,2.9222393140743153,3.565728787315636,3.1986690508989972,3.375846176476934,2.5281605606799493
3854,3.394334327510216,3.0614502850132244,2.2057499228766266,2.549068735876692,3.1422679658223265
3855,2.5534271118867737,3.3492913042378154,2.831940191745767,2.6269733371814583,2.855055931392325
3856,3.306613774393206,2.0247538679482706,2.2776275982462257,1.9641930944197554,3.989116598534178
3857,3.648238255938595,1.4468470680345105,2.35089630818345,1.444771590237773,4.891757367480591
3858,2.8239028040633314,3.0935150248689482,3.1527085508560413,3.091754320738072,2.8887575886143315
3859,1.5962812957714374,4.1956317354415384,4.652253114557794,4.224953257430529,1.8926954519373242
3860,3.429635327587814,2.767465535658767,2.729933601376252,2.937112755573973,3.1507444848861144
3861,3.4876212039708543,3.5952553498328705,4.005309892490114,4.2835576478724615,2.4237388204665664
3862,2.9790042080434445,3.070055341493507,3.184425116913838,3.2738415617562344,2.849681763160709
3863,2.274420052774505,2.916220395375358,3.6093476967197695,3.1033117612575736,3.1076570058175164
3864,3.77656321659945,2.1715504817443687,2.350927939977078,2.511635167513537,3.5682959452688943
3865,2.9860998967228074,2.7849344912379443,1.955226368406177,2.0803578689276154,3.1791470448926096
3866,2.7522714871513605,3.147077580959932,3.216465334437396,3.222043873803641,2.807753674149399
3867,2.417944647713756,3.467917806658258,3.5467803893566714,3.4869199347741056,2.522723447085654
3868,3.193849715768534,2.4950471833067964,2.635607568212058,2.439938793564487,3.642286464099491
3869,2.3646185149634267,3.381522109154058,3.3635335163667035,3.210326699773691,2.5706040267951114
3870,3.6034906213637057,2.4454769745038494,2.3902265841879182,2.579917969590021,3.5518925763807445
3871,2.487418542578725,3.5822336248755247,3.148435976918421,3.180642774376159,2.5441627169508805
3872,3.122755529209698,2.490946222762469,2.567111761022178,2.3852270011862164,3.579335572107656
3873,3.3101990224564153,2.5978451711424166,2.8352230471503894,2.8291663608889954,3.339142802572911
3874,2.993915852952239,3.223006713058394,3.3028969537133523,3.2719977594444556,2.876895185757988
3875,2.8940464130944354,3.0142503233932336,3.119670242352214,2.901106134979284,3.11496688238843
3876,3.632565236858942,2.426080848832433,2.6765188689140498,2.2111784241715506,3.962557093921445
3877,1.6278288672740153,3.5252194749999086,3.620842963958689,3.05234458116867,2.679290211772356
3878,3.1240512291983094,2.4375903961250387,2.8200433801134213,2.5670568042481863,3.5713328122441914
3879,2.938799159750209,3.2263604603133094,3.167557142633415,3.2044818621169826,2.7271231605320074
3880,4.14462055818314,2.149019490222968,2.012868217125088,2.5997498516760578,3.4506257696622606
3881,3.042766610208058,3.796549819415888,2.7431497121838593,3.4116892229308906,2.210554068519856
3882,3.921038158609448,1.9389632265330121,2.5027869952182757,2.3133660111993835,4.134396504468686
3883,3.2838540050976146,2.1372843472607865,3.5859473162478146,3.0631377128946964,3.9672627321268865
3884,3.7171357720315408,2.5080852145487538,2.571589079086431,2.8269126543777565,3.4806238854799583
3885,2.3522655160788295,3.1430733062843395,3.9997377426337954,3.1364262535765763,3.251692297792157
3886,3.3045354586546973,2.5287238487803987,2.076804612333822,2.299698830411963,3.435633740295969
3887,2.5803102663515936,3.304197601535505,3.2302010793814704,3.376617870734134,2.538335217621912
3888,2.0756419318143555,4.028092990372529,2.816399808047204,3.4076026893849787,1.7262286940057583
3889,3.598905934538014,2.393223644058632,2.4357990126802767,2.606428791000031,3.4716505161318345
3890,2.7736824699774663,3.1489200853410737,3.2305520268818113,3.226003263984128,2.8039556743762404
3891,2.7102936805868887,3.158406612695709,3.326795784653215,3.122602228990566,2.951756867150406
3892,3.242769204982424,2.094395026872436,2.0800449795977034,2.101429143840525,3.692667138379521
3893,2.7364498986258727,3.1956364252637237,3.2327210385379184,3.2760639232842554,2.4818487533928875
3894,3.664088611357388,1.9100628919417695,1.4538369214474551,1.8093597135538964,3.7493271037022207
3895,3.3692275491527264,2.756331859298414,3.1213647083890304,3.0384778063579905,3.307752417301127
3896,2.449452208489089,3.104104609505117,4.339067897047786,3.864435211108182,2.853011940271779
3897,2.58104190543425,3.726204222768547,3.34366864831029,3.7170994482642072,2.0075392449636
3898,2.4141813283904874,3.0863825228829964,3.3043045171832546,3.0096229802043464,2.8949527459114552
3899,4.273944522278868,2.234926884811971,2.9091620428531746,2.8587733320496422,3.796980679553348
3900,4.62211546147737,1.0,1.8565120457215614,1.692942548541762,4.852688463142654
3901,2.8221791336834086,3.7232780143143698,3.329432692117229,3.733334524635699,2.0627994747520226
3902,3.2174738457290273,2.7579467155819613,2.3643988267310463,2.456968074381653,3.2690459418942597
3903,3.2117439670001,2.516496384970771,2.4228658087295485,2.4618473669318606,3.435144450208041
3904,3.1296314847119184,2.7579974755281937,2.8796068099193737,2.822793565028729,3.232385985247527
3905,3.9075486746678894,2.169174362012362,2.7279916149281984,2.409557247749042,3.971744916951376
3906,3.2722827812688786,2.958512995013592,2.223917859611066,2.654655451432284,2.913279226331995
3907,3.0690623224880347,2.9488621922440195,3.0633469660671286,3.173018061818612,2.953129963983592
3908,3.7609604929175178,2.424342807604196,2.927460340679563,3.384289933415001,3.2131485770491506
3909,3.101324929978978,3.983036452884586,3.5617695700280825,4.06984021536516,1.8952366049462042
3910,2.981621901130594,2.7228217059501842,2.601260339239302,2.5355803180583627,3.303774528513397
3911,2.709563710915917,2.4865093415731643,3.1633870724854942,2.4279910708495716,3.8836714420613996
3912,3.976957641135383,2.4499203282618107,2.946380142407085,3.268405982486562,3.316447802878684
3913,3.1142656637528585,2.5551698076384732,2.513617615385489,2.4966735592638676,3.354458141967088
3914,1.9651507701099182,4.284155837350743,3.5207566818785443,4.05924124142353,1.3994467205770975
3915,2.9539853068880224,3.0917136441734216,3.2482283969288934,3.5466020024858267,2.570161715085319
3916,1.901530024082141,3.8869120049864088,4.670580902729208,4.003619582885981,2.308085003454355
3917,3.448782879964721,2.5976263447864714,2.6927981342674183,2.75534420530979,3.3542098934189304
3918,3.6460559930876872,2.9222780085402533,2.625732065824615,3.5335478494202364,2.61430225178424
3919,2.5930174549461227,3.4007678935169023,3.1577332745827613,3.1271041940941067,2.686397955095484
3920,3.772310710371407,1.7346292500993246,2.3522803179031966,2.3887983602246865,4.026504178918374
3921,2.5418205148726742,4.004064629891515,3.782011665639399,3.962847984598633,1.9271679303848739
3922,2.7278753727034224,3.1713885827164434,2.7955569880924647,2.9014997812760575,2.7331833001437404
3923,3.222217199890261,2.5350901255094884,2.42727670242488,2.5124364919363966,3.437021092472204
3924,2.9018240877265518,2.636990723814556,2.4595087541761043,2.1946505416011237,3.460309782957091
3925,3.3467203008684785,2.8178486727559258,2.7840854474911136,2.9603314808731436,3.1680469883973483
3926,2.5956673609724157,3.014185298845675,3.2346369241853767,3.12293048827919,2.874355670565164
3927,4.543918386988734,2.970115580788548,1.767610011649587,3.100906316363552,2.6934744041672465
3928,2.9652545466448825,2.8859899596225045,2.3838826804307893,2.4093664930309995,3.1882442358790137
3929,1.0,5.0,3.3593980189868007,3.0993173075161384,1.307906826859274
3930,2.551633686114251,3.237753471257506,3.6072688291901223,3.4058917263834654,2.6972476937545955
3931,3.489862115584475,2.911980684941395,2.890134684466636,3.0216404053761403,3.1153275040130786
3932,3.5593940509781823,2.4236472915017773,2.4072461600451627,2.3945181471427373,3.6804645019542925
3933,3.643648108385692,2.9358113048823387,2.2451363352117806,2.6035690973034735,3.1014351098824178
3934,2.762283239387,2.7037308362621317,2.1025926986947407,2.6339193703329875,2.7454416338486918
3935,2.878714012531434,2.40271575133855,1.6399776359855047,1.6063325831920263,3.7127879596910973
3936,3.5198201389096533,2.660715588762651,2.9391034553754594,3.290082579889825,2.9077639489228617
3937,2.420204872104219,2.929842377089714,2.677796696950624,2.559103230607162,2.980399965862027
3938,2.819035487374102,2.8755636130785085,3.004857740098911,2.6076816267099447,3.4244137032117017
3939,2.3864743368382615,4.063070467125536,3.793901564618612,3.948066893766309,1.785642590348817
3940,3.2872118102772294,2.3163752250718366,2.3204586793739557,2.5821153930099148,3.3277501117018877
3941,2.0869516424588284,3.4234995476850862,2.5469796694778744,2.4804389515798113,2.6624273238296956
3942,3.2870136220508814,3.2090476121271236,3.185461877468469,3.7687691107382233,2.3663243229032807
3943,2.834453081478641,2.9385848737565685,3.367033335908406,2.9841593459381053,3.291962498688891
3944,3.370568979124532,2.418029681415323,2.2451333002344533,2.3263026883099727,3.524854597489317
3945,3.2176662694663087,2.5603016115689203,2.744648739987021,2.549585201894795,3.5261633046175977
3946,3.8694103728285443,2.4918616033187115,3.347592794008961,3.1208979515201296,3.673373788327481
3947,3.6505469284242853,2.585258882586386,3.5224003721020867,3.2336940693479725,3.4485004719874133
3948,4.02089496485801,2.152485930879062,2.2366216570776403,2.247321702617831,3.8579038362651583
3949,3.0877479065436275,3.281275655123044,3.018192336163995,3.254918261301845,2.7359716437249313
3950,2.694792025418845,3.5101622266150185,3.5853443759321424,3.5942173757263265,2.483202858466003
3951,3.6521359443722976,2.743456936958029,3.5488218875038484,2.9933465475538137,3.7181441832219573
3952,1.2453179010085325,3.9020056186964966,4.870975969134658,4.147830050971097,2.0367423556395443
3953,3.6078252515413665,2.5108437889756314,2.603392809397903,2.4129610452685273,3.751668881749678
3954,2.996594017016956,3.372402874927342,2.8033262450915593,3.408141176781772,2.2919517119090136
3955,2.0675701379133757,3.743041301840332,4.5312936499608805,3.894230209400323,2.700105754173795
3956,4.600076485855474,1.0,1.0,1.0,5.0
3957,2.8128888223322464,3.350399585828736,3.2176624231393443,3.7423932981500223,2.1619009231463866
3958,2.340843382858556,3.4987728281624904,5.0,4.6976947149443244,2.4199942722272443
3959,3.757121317122848,2.52211524440335,2.162180008080168,2.6403967156098123,3.2878573914676053
3960,1.835184082455852,4.013349452656435,3.7485561309028266,3.705341725418598,1.964493843147455
3961,3.032240918799431,3.270169247687061,2.8729667018918166,3.1482668326027126,2.6087368114630194
3962,2.283149998554213,3.5164802192323066,3.135702206093394,3.115192850389369,2.5288475024287607
3963,2.956585882147294,3.0771643439141574,2.8687391774845024,3.0430528703967177,2.8850701032058357
3964,4.647093188172288,2.1394246055227883,2.9469958079794685,2.912196961022704,4.120405040529435
3965,2.8313896286783105,2.463000403573498,3.059627654402534,2.2782924342046504,3.9899051154162244
3966,3.1583367178901973,2.2091835944775857,2.271245554892496,1.9639502733168321,3.9367179749978223
3967,2.298854935958568,3.0007007625217117,2.8774728368891753,2.3667627513177942,3.3685375191026536
3968,3.447134671398064,3.5332621114388827,3.3002271549039635,3.2435352792291052,3.157743134429799
3969,2.8437848196036772,3.9554038473146935,3.458699682481491,3.9768457430446493,1.8626502887108989
3970,3.7794201364649487,3.274073444120314,2.5421817237402493,3.339047385393292,2.5553453130223316
3971,2.4824711685008793,3.2790612433773383,3.4018946373889953,3.0080425119447356,2.926576986019679
3972,3.122971754614717,3.173768039070331,2.8323439430267645,2.9949706064581023,2.8322823209785075
3973,3.1355421757035855,3.1411470697110646,2.90020485466065,3.094657561431307,2.7976424200370467
3974,3.56143585526811,2.0065480349272926,2.2954887014164997,2.1258318447152824,4.013194109117625
3975,3.0095033957947916,2.7572774239590854,3.056823631966567,2.986204025744812,3.185424180763709
3976,3.497422466111063,3.323785775497137,3.329962745080419,4.106666219027562,2.054599574269064
3977,2.974324118551897,3.027652995789481,2.9099483309808116,3.414962802520183,2.5299378156502206
3978,1.3779566826924317,3.823454983290754,4.20011298382715,3.3624001401872663,2.4592589358489025
3979,2.6360928281048643,3.263526957956751,3.449821535168488,3.25019355713513,2.8745942362332317
3980,1.2054604219675225,3.6035302061226173,3.495545232429239,2.8254212836486543,2.414232955051955
3981,2.297405635434875,3.609410475904105,3.6111728610939826,3.2458136018669492,2.6080613619919655
3982,2.7131608480885836,2.559115199382424,2.402501297268569,2.4984411855743502,3.16625580543647
3983,2.9277886734664875,2.1951134913989816,2.7164056516919732,2.3136621554961607,3.755074778499675
3984,2.2630626293849847,3.3657430707762503,3.500556623423479,3.2887346960439947,2.537879225210047
3985,3.1405142781498587,3.034866624539585,2.8607399937672953,3.2975922839430143,2.532794221914381
3986,2.3983949916496154,3.9495675604241645,3.435236523804165,3.7538823829087455,1.9617488241507763
3987,2.683532056312217,2.9409536284667204,3.20949615082421,2.9978099284015616,3.0421588716523784
3988,2.8928677563234997,3.3967026624672605,3.148982417877042,3.124997731648725,2.7771810447049607
3989,2.152250565672006,4.28160253647602,3.9883515859844243,3.9827680348962313,1.8100811671870995
3990,2.6047540060298675,3.6460007838851416,3.1087120743444445,3.183884815908265,2.4905328360703622
3991,3.0010849979900858,3.063357949638479,3.529438870241933,3.6006607654917837,2.799574690946976
3992,3.083055338009054,3.029810122798774,3.3059383430988474,3.6003501929817703,2.641299693937615
3993,3.75028227377772,2.5879109289853877,3.718891588633337,3.677655940816806,3.278977452785294
3994,3.915138340382824,2.197546490847317,3.4285775509303162,2.93329100444347,4.078774512536864
3995,3.258520098355192,2.7475465665904264,3.003421691988058,2.93478303003269,3.3459580733069476
3996,1.697296770626603,3.359776934496292,3.164645781120166,2.5582897771270923,2.854237610657955
3997,3.1293754851326097,3.2871236587717196,3.4928073865481535,3.51134267243337,2.755206428334253
3998,2.5205297547165277,2.481389929224044,3.9014279290407536,3.024832932493079,3.644995749450587
3999,3.704955604513583,2.257719184120238,2.555411553391436,2.4957207023513437,3.7499129837925222
4000,3.258321750543675,2.786064688745511,3.1941945006400556,3.0714907786495136,3.273032306454062
4001,2.9671722787019976,3.192046327129754,2.695252073864581,3.0784193104786484,2.6827084237400145
4002,3.512732545690506,3.1717704888916174,2.993967178125895,3.6726559693293486,2.4201993015367873
4003,4.035256111217639,3.3212741245200905,2.787973595744779,3.179691671516186,2.957066026464195
4004,2.941206534699916,3.288431937891552,3.1306195575079725,3.291734630652315,2.655792560410405
4005,3.5243773379780117,2.5759331960895624,3.9282613917001212,3.750872102011374,3.3483414207347573
4006,3.3593087262098265,2.5183495935661067,2.6340296102174885,2.60659220007452,3.4070967037274436
4007,3.0047566140986146,3.4844741322119255,3.2041255521708703,3.6782671181663837,2.20182379895124
4008,2.4862615753365294,2.9234599777364574,3.4125303209523725,3.154651959915608,2.966080410979373
4009,3.9447577088561667,2.5761626836589135,2.4409023153566167,2.9247971940528052,3.2047368690902824
4010,2.7027730825937595,3.393442254069016,3.2776464448048723,3.3689116813983757,2.6054881773160603
4011,2.765296465826385,2.960089134877528,2.7445767328381456,2.5883067072561126,3.220487005967619
4012,3.524174674629163,2.800686204521101,3.197039515600466,3.2392599081089086,3.180952366941079
4013,4.597263119364355,2.7611176102637836,3.810087485622055,3.5150236677740225,3.6716623652316382
4014,3.43197054548636,2.4301893756814827,3.1031319766370404,2.7571050108466837,3.691439788097677
4015,2.5195742453358987,2.302704963755083,1.9787108266259203,1.5095123888738924,3.7750275209216317
4016,3.6374964551100026,2.6242024870407095,2.7309768872097875,2.9987640376924753,3.2261092293961067
4017,2.821443065816147,3.0264080718442092,3.1167558076186714,2.828093188706311,3.0842876964495836
4018,3.3169419970266834,1.6434166330373974,1.5421741843133476,1.3563535604799257,4.197190287421982
4019,2.423248133648009,3.581711116392548,3.4699747821414424,3.468920368781325,2.396461650695846
4020,2.669565657575235,3.3477846060877425,3.4034927253742455,3.3279787335903284,2.574716191990082
4021,1.0,4.818232511742324,3.244216078987704,2.859448220840908,1.0
4022,3.2426566657184583,2.221770762268628,2.2608821253896187,2.171460455720759,3.7614910454985613
4023,2.6427812179055925,3.3577618253204524,3.2139894702179523,3.2810258699078636,2.5683764398493487
4024,3.3220534125518255,2.9824790137955244,2.5636348356880476,3.241857790704898,2.6654236810833423
4025,3.3791581193320583,3.206192665892443,3.4824382135048872,3.7417774665247943,2.6128798626121874
4026,3.0423729860703443,2.7504973070703387,3.3241491352027004,2.8155010844014443,3.5093720044354964
4027,2.5479135777563817,3.5236832706865675,3.6737674986496147,3.6081002879542314,2.5094915723066835
4028,3.0896560722891397,2.7226351654943604,2.9670983992936737,2.7659619962128668,3.441582834297443
4029,3.330633669810539,1.899732124375926,1.3140325662839711,1.0781482272106397,4.239252598703463
4030,2.4383011805796717,2.2316323141464998,2.6860440094610745,2.075885998837756,3.7755926828727286
4031,2.902459090085396,3.5204647420092594,2.8832873684561506,3.0791992601608973,2.541403836192239
4032,1.0,4.089799918373478,3.9508115376440425,3.2984014410624902,1.9260452048779109
4033,3.9627949832593954,2.1393705236819294,1.8625671694079347,2.4758120603278444,3.5092313771836148
4034,3.6202522344763794,2.7064396964416977,2.1371955184953215,2.329967108364764,3.4352693945975785
4035,3.130780246527657,3.823520421043632,3.5444450760686,4.06359318207285,1.930634037849907
4036,3.8934574349522073,2.156770714865801,1.8664877706179381,2.3311638497931146,3.6862792240897666
4037,3.3508585335680405,2.8171780007725844,3.0146107518782923,3.6099255847960543,2.641889098609469
4038,3.6228850421115766,2.4043630642503033,2.6424012554809386,2.6674141166180494,3.525529453585742
4039,3.043526192612117,3.3172957799100478,2.484882741898218,2.7012916875135353,2.830558361887499
4040,2.8669190988012,2.825872157000357,2.8440889555910136,2.604887532940513,3.227137095816601
4041,3.531276667784091,2.8597150258696726,2.7379700333308437,2.9311889627789336,3.1388920406822467
4042,2.836280677233634,3.1381836549680027,2.612113991791389,2.928324988017354,2.753240227871973
4043,2.615930104665894,3.2538566897872676,2.694422015174793,2.866861412269744,2.603011015349135
4044,4.129075656927981,3.333656735525546,3.566023872771412,4.274543392613527,2.4517843124635013
4045,3.164169994389758,3.00841819824164,2.8673875380559446,3.1188064993643856,2.80087258336002
4046,3.394697011575885,3.046343125379201,3.338440620544576,3.4404653597535835,2.8762132413417762
4047,2.2276604071780217,3.588463584916793,3.7905698914473955,3.4369445577130793,2.516124288488678
4048,3.3426118399037006,2.1885777784461062,2.745090466271935,2.341479118026914,3.9249531212801507
4049,3.30560361534776,3.3927615869237635,2.6843535768687197,3.24987368155954,2.475955109091932
4050,2.2790312409887443,3.6299218052034656,3.226628358001679,2.827155665513907,2.8229119876629296
4051,2.623661405948136,2.900434492853303,3.0635980370261864,2.7376463838064646,3.196775765030121
4052,2.317851078387748,2.9103565666537947,2.54848003752027,2.76702902112609,2.6696764962365007
4053,1.9603666431308282,4.570363364675402,3.6188465472713007,3.872418892562993,1.4841614404119825
4054,3.5268534090910184,2.3476214378665534,2.481146908791642,1.7773642748461822,4.39631700189755
4055,2.507655329494113,3.6153363887301206,4.077598434974172,3.3694016571623573,2.905496291997539
4056,3.28768264353213,2.8539165780046027,2.523641381004509,2.8909503979168494,3.0069191249774714
4057,3.147584493216754,2.1282295219233838,3.163088236122876,2.41380804245252,4.11419378854322
4058,2.6968996379832317,3.5295310349898577,4.058949563427242,4.011480634403671,2.4143049408159696
4059,1.9086255482403585,4.882963116328783,4.607171241647311,4.866084429948255,1.133899822850333
4060,3.040048485299187,3.718123821451818,3.637446943783993,3.935446551185431,2.2361519424695255
4061,1.2009095494683708,3.865393834313868,2.4215666477815057,2.1372727061960366,2.399674312191223
4062,2.9474672282786423,2.778186386577713,2.926280891358675,3.031329994165028,2.942781047664002
4063,2.559639403817709,3.2676275343798165,3.6003195211803662,3.5145298964470832,2.6474594905643816
4064,3.584763961119048,2.4117963854498603,3.085165485555523,3.1124848517937895,3.5222242579814607
4065,2.5538593083991596,3.2658557029703186,3.212739400318982,3.0584835041065537,2.8290496413712174
4066,2.3181967168464426,4.043109981119955,3.945415556895299,4.010756521444007,2.074320032979096
4067,2.7828543360027793,3.209440799058178,3.022237365902521,3.1602222974668575,2.7638435472672804
4068,4.0124454025236105,1.7272382435224019,1.49766262463596,1.531754296698096,4.376903981190496
4069,3.139435571210421,2.584106560335281,2.9239686941949814,2.8810270551492807,3.266517128323804
4070,3.011711114588505,3.2927828883260615,3.176336217545275,3.751326803022762,2.2842923034782077
4071,4.2847463315537,2.0231582560216745,1.996114753760084,2.499235163239876,3.6879504714476394
4072,2.6847218968917255,3.522476259209804,3.2613712965822454,3.338622111188181,2.4670068376223115
4073,3.2933405654072696,2.3918782967892946,2.425898800823866,2.318978985458592,3.654875988944351
4074,2.776865360586682,3.187773640710908,2.505278346768802,2.930739851496865,2.6017164018972396
4075,3.0287081916040504,2.805743466146911,2.877343812562852,2.8009092909251145,3.2320297475939217
4076,2.9580014447044234,3.1597443179824656,3.112216888455722,3.267128562871211,2.7649603785592842
4077,2.880387331866852,2.690460077832662,2.835487065423542,2.6963152063591713,3.256842429119104
4078,2.650203431697709,3.4352882906210502,5.0,4.445213660317015,2.754031897057591
4079,1.622707279942788,4.421782784650031,4.312443640686607,4.262227318086251,1.6338785144870498
4080,3.4365249888628915,2.802679853806986,3.2599590459989956,3.0964296469046033,3.36265810569571
4081,1.5488504540190258,4.14653261990385,4.610282133706491,4.148492122571073,1.9847436097577997
4082,2.5432744565458125,3.9110047835669173,3.908506305864959,4.329511803773142,1.866275100948357
4083,3.445630183214252,3.2366189730180897,2.8232328534320237,3.522417568876125,2.390381423213937
4084,2.59365966946432,2.927356312897023,2.3954234572632,2.1994194663216278,3.2574182380540524
4085,4.445500524681554,1.6665332760702145,1.8589017151373557,2.234273108346768,4.1530329307386715
4086,3.3281692513529286,3.51295627161704,2.7194517298059293,3.5071698417825674,2.2314357077004785
4087,2.385779280177668,3.304558001712827,3.7244609897892094,3.4393118907764926,2.6302053366548472
4088,2.9657651852147615,3.1294232801525133,3.327064951608717,3.0872209106789814,2.9939614834949473
4089,2.9903378575114767,2.7238112352060186,2.896801133768881,2.5043042517326484,3.560676332007418
4090,2.8736213784215434,2.4914242139370497,2.598777956559925,2.37450941504988,3.5215920724063086
4091,3.8247449737421313,2.2294335919053916,2.8890306809519353,2.8015772108102612,3.6903074183158457
4092,2.807761705685731,2.9160112459221863,3.3010764093653107,2.8934289612960478,3.223293083746441
4093,2.97684288585937,2.635417982635785,2.843355664979017,2.4382457873723813,3.6140472050912265
4094,3.072137051966787,3.022173890217844,3.0197916977936012,2.841467807398253,3.19752952509394
4095,3.615537438077437,2.644165790684423,2.818188503702848,3.173161358990836,3.0496406737323727
4096,2.932069917585573,2.9442678075669675,3.1456569370382876,2.837177872105302,3.240877378839067
4097,3.048062747730329,2.710446044854366,3.2869790010347333,2.9823724032791787,3.4111422701253864
4098,3.2864226138463817,2.859954437813846,2.973729310417216,3.100797683656081,3.0682386481230295
4099,2.62692695584678,3.010379454721411,2.8318885067736304,2.2475251961919325,3.5272100592084317
4100,2.1398803746345343,4.088141971082727,4.662477283802064,4.099903774665258,2.1483659747989705
4101,3.5355138992535124,2.941133700034184,2.7657138622162005,3.221008350407386,2.837927431284062
4102,3.077213831412329,3.834732544439288,3.3467386372830674,4.3010663673194625,1.7058869495936906
4103,4.41786265046479,1.0,1.0,1.0,5.0
4104,3.165667094404034,2.936166482704195,2.6632678153239127,2.542813956273869,3.3282898518041546
4105,2.0328853347640887,4.550373690194555,4.211592190550769,4.470092958186787,1.5864364423902775
4106,3.0073732879969377,2.4754834646485193,2.861510833827052,2.5404434160357408,3.5872101148459765
4107,1.958518748812241,4.188414880380256,3.988359081022944,3.689599772051826,2.0611696084971713
4108,3.7810159113283035,3.9051506845600708,2.7123730127463985,3.283720914026212,2.4902619504488555
4109,2.4488407047407437,3.0782313079826693,3.343357336261344,2.754287099031219,3.3916814793975756
4110,4.1925981126037115,2.1829282426283605,2.3151345709994637,2.660761654842643,3.6607107961043672
4111,2.9228003066309785,3.4453797437661735,3.316510506902189,3.4684546933004206,2.5829942531594843
4112,3.849684320651169,2.3891928763785586,2.3081713603551384,2.610432962327301,3.4091559718048856
4113,3.9020183329905445,2.1101574640612246,1.9818435354544002,2.1063565295722597,3.8239110169817296
4114,1.1507331096073168,5.0,3.7403383825768333,4.195712118541018,1.0
4115,2.7293512328005187,3.398819913628312,3.142717057232151,3.2347547472367664,2.605458636621776
4116,2.4349115391537657,3.29409330150858,3.2322898733036967,2.9669113798855755,2.8361106805061977
4117,2.949552048320187,2.937714203001612,2.4243657731096677,2.7221825373285813,2.9006588150352797
4118,2.2683693853292892,3.7913859334427045,3.6648746351345283,3.5572971499753283,2.392992559468788
4119,3.3369119245815333,3.73348975338985,3.669833196616916,4.1171700003556415,2.2615273293396068
4120,2.693383052458847,3.163967098306064,3.080990698229638,3.1763402005094457,2.721364845306246
4121,1.5522832282380827,3.6975686527843643,4.258804496495731,4.079381744115068,2.0936350960784536
4122,3.205324182490849,2.11296843615983,3.081698269703947,2.2983867773698345,4.340119572140202
4123,3.013601588819856,2.8371447085703836,3.0151949934412694,2.9344367322845684,3.215431431772808
4124,3.2291891355196434,3.165711662531708,3.904582921869826,4.221202774426841,2.357140843476989
4125,3.0166383237471694,3.262140132570237,3.8329292695650254,4.055446193851211,2.360610607471898
4126,2.513324910353324,3.0094408623917537,2.786469392361009,2.885587566098413,2.798880974669334
4127,3.912826498002217,2.0405052493654074,2.152800234243286,2.2141394062699797,3.929203588760726
4128,2.758635632651353,3.590086883149407,3.2334961905061057,3.4030165185641255,2.336118110970446
4129,2.5375895171547107,4.03999650504382,3.692176688855682,4.204737182405635,1.6328795632263122
4130,2.7883603465297835,3.1380936948936378,2.775393661158376,3.077559805930148,2.558934884592102
4131,2.392348012347597,3.251239250644271,2.8902429301469916,3.1297289827055734,2.553903975852384
4132,3.7353476971345385,2.580998888886844,1.9220808649507009,2.405823683896177,3.2680858620159334
4133,3.5016783839174566,1.8955009668475422,2.7492925433214594,2.0847531338237566,4.3689744787910385
4134,3.1533268614372165,3.0157314874408248,2.79191831110388,2.887350270803769,3.0231810668762567
4135,2.546511868195036,3.5658209677968817,3.213614859410358,3.567521822322782,2.1301846964536684
4136,4.5154450417510645,1.0,1.0,1.0,5.0
4137,2.2628095333402207,3.67727027614798,3.444898832560401,3.154435066027722,2.523523392705024
4138,2.0225629445831377,3.5106000546989105,3.0657791745514227,2.7329361371334273,2.7342709063061403
4139,3.1387097479565296,2.33590258178008,2.0806540508068667,1.9552667141881865,3.6762642045149354
4140,2.0089269949452766,3.4909357930912153,3.4462951929770105,3.0120489152612855,2.693710033269117
4141,2.8429281815872787,3.4097227668649728,3.3516573233569544,3.3567819171276905,2.6366801483400417
4142,2.614528304634481,3.0935459303791037,2.5803075026776394,2.8943349356228167,2.583600142812378
4143,3.421126875701182,3.032614456476839,2.6483315344747558,2.7648789385138643,3.0806183691531546
4144,3.6165617737693974,2.741365258652582,2.6988934925619046,3.1111561477540115,3.1087074611023855
4145,2.5889361327920746,2.894933082669081,3.2868356757098596,2.8712483722750117,3.289692221398776
4146,3.384572737871434,2.8847915892073464,2.920042807618016,3.1214598273464587,3.040480662017405
4147,3.1133407552986285,3.1290830305090993,3.174071594333216,3.333128679251686,2.815433908733715
4148,3.0297565232320283,3.3466195221522037,3.2688585766315925,3.436871829944911,2.5699819367593584
4149,3.14659478186581,3.3297237529785564,3.5516350088593134,3.4369078447841135,2.9056506435992473
4150,1.8869819183535517,2.683917964763878,2.926980288231049,2.115035046873122,3.618645994924809
4151,4.0500893098682855,2.6473097579317164,2.5890534250825175,3.001838048383748,3.3622709558929156
4152,3.4119628888973614,2.3946043560084656,2.5985426043603286,2.7353267246694157,3.4357479953524455
4153,2.0646289841011125,2.4403067668586855,3.906012617901789,2.674124338357489,4.0849072886095925
4154,3.3402689893059927,2.4105867441674946,2.33088228132779,2.3359385502368517,3.5088588323412817
4155,4.472548742633139,1.7985645223386046,4.098657804842393,3.462453815848327,4.0555478087402195
4156,3.5027838542005245,3.4795877339728594,3.313386651573842,3.345312167247955,2.7790986255602923
4157,4.179908920468642,2.7077266126057604,1.9179663429287857,2.703774614796835,3.1772492506515384
4158,3.4136238298739148,2.901370397345942,2.7096405837863604,3.0357565997536855,2.9892841850811616
4159,3.6447637211525548,2.3928320049034384,2.8180557701299263,2.645723983163545,3.689935297206153
4160,3.2294672032086726,2.536254831140107,2.5304842279842084,2.7970113663551146,3.200470823515026
4161,2.977430164344995,3.095491557943432,2.6376528874955696,2.8670021308866125,2.8774142302436068
4162,2.74776671048061,3.2258449301995076,3.266275162595123,3.1495967938949967,2.8041524164383973
4163,2.8023792462781363,3.8775528189364232,3.8193859337246785,4.034548924387358,2.128577455973997
4164,3.2472152746357055,3.0877626639570956,2.83529683636807,3.076890134532912,2.8519199787335228
4165,4.743267491985776,1.3951089169427182,2.244582219835979,2.288288187633342,4.536940072555288
4166,1.7146845465557077,3.556215021717558,2.924915699774484,2.6782299161455603,2.445531743184259
4167,3.0834390917368846,3.4497665264041033,3.1188485212659076,3.58245733705564,2.2822854017127314
4168,2.293636184225904,2.9109367407384363,2.424194966475571,2.1673884345199808,3.066298128265658
4169,4.199764506980974,2.174756836128675,2.79621043472215,2.388100271104778,4.142041577801581
4170,2.6325862596654863,2.9628368917823975,3.412914540951499,3.041727489736438,3.066055748459007
4171,3.316180477704334,2.2933906677790343,1.9088303104300341,1.885166369066432,3.829088336976479
4172,3.5454925088538096,2.78721116605032,2.5895275652639547,2.691048817667858,3.2270991492141587
4173,3.3514220405203208,2.5124996170127534,3.6891863837484644,3.3094474589598453,3.5129227307529716
4174,2.8925901432093926,3.011103769632614,5.0,4.652688821340324,3.16273927148501
4175,3.2499789195260513,2.803866423981818,2.7325707885574926,2.9407109868604064,2.973762530067625
4176,2.8264511728816526,3.4891757609353733,3.552412547248029,3.523863782479286,2.5537672215390423
4177,4.940109995979334,1.0261316941949215,1.061301087003395,1.4454031170389128,4.8841729090097274
4178,2.695680172203236,2.820098308384599,3.130950305062005,2.813298506922429,3.2132393514700888
4179,3.4198354801351503,2.208795181442156,2.474553116492496,2.537646289613551,3.758745541324175
4180,2.9683049762578224,2.124274247187193,2.886207153558909,2.4334369743367326,3.8405222394627754
4181,2.7794391421020217,2.994618620704034,3.482602491670334,3.3201882610873397,3.059045035110043
4182,2.3107975742246447,3.4935414205319115,3.304412256549952,3.385717879581934,2.374759995629595
4183,2.5483970767911974,3.2464081763555517,3.1577610800137066,2.833594802969251,3.0323275602628446
4184,3.7962519849833853,2.5715465438845535,2.0049608735309827,2.1703791452528067,3.6859853373157834
4185,1.997451810586602,3.555866041550206,3.8563919589122966,3.1186743389607585,2.8577918361160846
4186,3.1008525369721265,3.603127175922291,2.7062995022385543,3.5107878317382593,2.097060650197205
4187,3.9524134516742797,2.1082277633720277,3.1671589009992913,3.6878311066611915,3.2979424603873215
4188,2.3926996032099397,3.4699841315075037,2.9912909315918847,3.125589529167777,2.4120574417574763
4189,2.3787748105559823,3.2936290292132284,3.1724303467475043,3.3133388378063593,2.415460520882894
4190,3.1708532895964696,2.914135525158338,3.335255852539902,3.099102070456229,3.271480541061438
4191,2.067941155405522,2.4719920082859326,3.043096939495702,1.8792661784482647,4.1359526995769
4192,5.0,1.3247791993873437,2.1812201767821833,2.1168454107372514,4.762093037648149
4193,4.249672435266938,1.7659358439244963,3.2638216232541395,3.1534303731621423,4.085290510910047
4194,2.5748007116262306,3.249798869313632,3.5140311520789353,3.3782107062464175,2.7513602621807385
4195,3.131248883424292,2.329131098539095,2.6818130953119663,2.790808086172936,3.439305312203257
4196,2.5400648491023614,3.4005464655149686,3.2795839618462606,3.0533028566960327,2.8561529197635585
4197,2.9433732058183466,3.152567935418377,3.455467842567068,3.4795939336289994,2.774333981646821
4198,5.0,1.0,1.0,1.0,5.0
4199,2.790816221918146,2.860423892773452,2.762676631523277,2.585759254682353,3.2346296603618914
4200,3.4779830936727087,2.7711420787567747,2.9951151699606986,3.038664395516518,3.253680297669321
4201,1.577763172938611,3.6134747617780993,4.58344112923577,3.6847401908804778,2.3416287669856377
4202,2.841867743089951,3.2329888973370227,3.2808723431270677,3.2699278472250355,2.769957957937166
4203,3.6222128201172286,2.8351120010611837,2.0299657786434766,2.709069329123864,2.937452327667228
4204,3.0685331703270733,2.8173149894625746,3.2918897228525985,3.3382111656065345,3.0121355435182857
4205,2.581337104797907,3.2864111545830705,2.8755625732283727,2.827108102369148,2.8230768815560525
4206,3.2868933899553454,1.832723481238575,2.5600474325180094,2.008406256449673,4.195839261020046
4207,3.3267334473247407,2.329243369158946,2.5609367629374784,2.210156559507679,3.83167502656557
4208,2.9285242573499657,2.9122035124771433,2.561329078152648,2.8544723724527827,2.8352495521776766
4209,3.7595076490774,1.7374226809583475,2.5133118827648433,2.573932889307413,3.828606639182385
4210,3.191104440283307,2.980945169884369,2.8906874365793453,2.919484659942494,3.1009755278399482
4211,3.361569565403586,2.5170403901433995,2.833703775380892,2.8875721536606958,3.257869220113079
4212,3.249315033908436,3.0643721945565403,2.9551538953306635,3.135504290534043,2.888284367884565
4213,2.7020342138826825,2.747583051355875,2.578979167433901,2.355331432325544,3.2995810482941894
4214,2.7397644304056956,2.671087809019581,3.5772476676069345,2.543953343147717,3.8513322481321017
4215,2.6451336657309334,3.4770032132755264,2.8635732328856554,2.7934213874873413,2.9344408398783437
4216,3.4269019384692307,2.77709306676587,2.8859300507152934,3.3793147561906225,2.8426168524841775
4217,3.4170837016300806,2.737828090389093,2.8701180620503695,2.8808425604622103,3.271702679532445
4218,3.873940299298023,2.2063993768517434,2.9425442648219713,2.4917789133698722,4.270104537879286
4219,2.8069181973603343,3.999347467463997,3.6074320772543773,3.5558680098653626,2.387381039313243
4220,3.068003885405344,2.951082710471063,3.802124623745833,2.9319466144429285,3.5973513036500977
4221,2.85927121535151,3.148340216002916,3.3583414830724405,3.2328784350747166,2.9834114887320604
4222,1.6044909565863874,5.0,4.0178322467534064,4.144370886651246,1.0586150849271783
4223,2.8237522773353385,3.072910895544265,3.369992242196939,3.288417156512289,2.7962551601678003
4224,2.039251767042402,3.023857585854677,3.494827186608768,3.089432853583798,2.755812073128434
4225,3.498331767660564,2.443216954068863,3.0449376397420393,2.922011395340276,3.550146680917274
4226,2.55650933090063,3.0616415160090202,3.1948715917797235,2.8195807949989864,3.1112724136631154
4227,2.4350746072027745,4.225999019966663,3.5244232048485435,3.786490075070476,1.9034458625303035
4228,3.9962184207088507,2.514192983077553,2.8584004761912203,2.8025316712927095,3.717176373073018
4229,2.81062317253168,3.6110466809749666,3.459771063337545,3.6335054943173297,2.369033907727878
4230,2.7410801349992964,3.3633812665066123,3.09904651672102,3.1255684004707396,2.6771397305992446
4231,3.502464279661192,2.4303203345904585,2.506526581588668,2.575113088671396,3.4786391300807136
4232,3.5136016245189547,2.7020038288277632,2.4025055056490348,2.5716128136624175,3.417796637277418
4233,3.2388774481128926,2.7514379495639756,2.992146707813976,2.9251492048074033,3.2816322991189093
4234,3.2923406906086585,2.51986764976932,3.095850184848532,2.9911123624314744,3.3996676625294127
4235,2.5351696846205267,3.1314458559455636,3.4522548056400844,3.5197075012100694,2.581963324222402
4236,2.756601808494546,3.1053847845656617,2.9020161300005842,2.828254584367617,2.97058721488157
4237,2.8351556585691107,3.3612201060025053,3.35264639048082,3.62276097338695,2.3919831902785367
4238,3.141624121427666,2.887511101231154,2.8751439034474275,2.8330683509888916,3.2351624398171457
4239,3.019131757537811,2.75594786512623,2.5410698993232512,2.220511425669509,3.7342218227703983
4240,3.4056830734826575,2.556543228068164,2.316235765609361,2.558482308122298,3.302420241189218
4241,3.800771143357664,2.553808545257729,3.4893887541820527,3.894147788223058,2.9558300535746436
4242,2.602620780324863,3.2819792700315014,3.3037986331571347,3.3432132754287855,2.598011923328607
4243,2.7944617667272937,2.7657171140130483,2.942656467737676,2.670912072365121,3.3113011540118067
4244,4.699727923311355,1.405637765403149,2.0961792937017867,2.190381302177889,4.3867377881768554
4245,2.515430103221844,3.5677385670146275,3.753592479269363,3.616920417887666,2.406011027763375
4246,3.280886453843101,1.9528397719425572,2.3181891720937786,1.6137514760959815,4.362510055844009
4247,1.731874162913759,3.349082710090168,3.079107902955523,2.5078731220795416,2.820323240683146
4248,3.28153506508836,2.953335382089729,2.904809287883347,3.317377740208567,2.8167438317234716
4249,3.2366040346772316,3.092456870827236,3.6738842662170264,3.3570861091296456,3.148697536731697
4250,3.204680670249449,2.6193804611031326,3.143203819356448,3.1921220715547336,3.0483252604482916
4251,4.002311143457321,2.28956134808153,3.066217764197741,2.8135379059732983,3.8915284888989308
4252,2.944801162980633,3.045062786565898,3.605808806458893,3.534477308886173,2.813792141921377
4253,3.032484028844183,3.1202622866591856,2.9878186029028924,3.0142803508193956,2.9638420400380263
4254,3.0052148193823673,3.008410014878971,2.835733434898274,2.7900203986039425,3.0314480669966035
4255,2.7675531491725582,3.5910997842207375,4.078188031693374,4.316731448549569,2.1095783179877574
4256,3.5680350032980326,2.8242616178569544,2.9060776769664907,3.7172552614785705,2.596750986440746
4257,3.081602211078482,2.944013153649737,3.13448631475353,3.052223583419721,3.12817710063032
4258,3.6814529199473784,2.2669563346587878,2.3900964055943597,2.320862189957595,3.775102537872007
4259,3.061924350079784,2.7695442189753305,2.802778541287341,2.305280467723673,3.78975338716459
4260,3.6039482941288163,2.359554050053169,3.0133096526810474,2.575280922458632,4.010671683175559
4261,3.0701659069390974,3.0644624480585443,3.2543121256991245,3.128686329957415,3.0997365876154315
4262,3.7903919091520506,3.5618223621654748,2.8682719997195196,3.472060280285063,2.4095708872174266
4263,2.559209199623585,3.3483256468352414,2.969940499832623,3.0669880838411596,2.5855797092699415
4264,1.6161612116921495,3.628880907065131,4.459053147303078,4.040812255215625,2.157433745979401
4265,4.67319538266681,2.13611638475753,5.0,4.591270985103139,3.624820378776806
4266,2.6650739604673,3.688066952829443,3.377012196033627,4.08552974798644,1.8376697496196333
4267,3.6014445358670435,3.0001533211474096,3.1308343893575246,3.3913568006813426,2.9560448486185895
4268,3.396682935326648,2.2650117001925647,2.6551069606192432,2.105863041482698,4.059527025311353
4269,3.2731952113118896,2.137826944961195,2.6023526250219637,2.6564715066674123,3.4878539878158086
4270,4.782297972178016,2.7900069429676257,2.496048134050959,2.8279843775551075,3.5168103563348434
4271,2.974646814094906,2.6939350691100867,2.405176848143105,2.377714664591505,3.2555147194936143
4272,3.1111385752867897,2.4546203396893946,2.5362085819356515,2.1656326299598745,3.9054327098095456
4273,3.0889776229278403,2.8169181471130638,3.269562456083489,3.135405212850238,3.1258024501220842
4274,1.7040088793322383,3.4140096033363414,2.693402611270935,2.537131838823864,2.523145675539277
4275,3.514535811471892,2.414554837565992,2.5989234309820226,2.6634027702536827,3.503458376852848
4276,2.541406240087228,3.833065125125883,3.230897960782449,3.093572835568696,2.4523358398147654
4277,3.190067443353954,2.7047944802906567,2.844176770660103,2.7759579873480544,3.3248600455743924
4278,2.905183976297137,3.4398084829596693,3.9816700901833904,4.072180790861363,2.400772418439737
4279,5.0,1.0,1.0,1.0,5.0
4280,2.032570763333783,4.7007048983304,4.5705079396352595,4.8061575471182705,1.3136259552172707
4281,2.3832984090650955,3.7442522526843245,3.1513752894726337,3.280318910235276,2.2761146340456833
4282,1.0,4.5380250339122385,3.091647349597389,2.9164165437970104,1.5999241870258323
4283,3.026057424034317,2.0770475776422526,2.514796845077006,1.9566523847022237,4.109938424305625
4284,2.039054207518303,3.4202535622806933,3.2987502381924276,2.5663646802693694,3.1307205366254633
4285,2.3370415747307907,2.7615993545106146,3.330670413439164,2.746802282119187,3.305519592034608
4286,3.2297154733729165,3.020997304118857,3.1734200883189945,3.133590449724569,2.9987052615873657
4287,2.3814556927781227,3.1461623474297573,4.526358514734398,4.02498051763369,2.72447369457435
4288,4.084072285711611,1.3038987666552058,1.6115690083950094,1.5876912527650229,4.448160118571
4289,2.6917166768847265,3.139909273488566,3.2889266155968393,3.0504350071890407,2.959273905469178
4290,2.879652166510693,3.312298914303934,4.129341713380332,3.6417565961922205,2.906091261202213
4291,3.0619876472418492,2.9037020459031844,2.9235643408497567,2.97359490136481,3.057599607319772
4292,2.6401474103733817,3.1330056806619266,2.912811730486799,2.7369285402583667,2.9812568288098538
4293,2.8208441213696416,3.8910294008276587,5.0,5.0,1.934497182229045
4294,2.868089453816966,3.524300471444194,3.117608895829563,3.7129260506843194,2.148940117742471
4295,2.8496255292356687,3.2111797812475285,3.274074468940646,2.871776510924062,3.1130975056375654
4296,3.374701987643232,3.74059085122357,3.1177827720770535,3.8989427881460683,2.0939793337586847
4297,1.231682552505871,4.182662761828133,3.30861518904926,2.584956071504782,2.393622419242387
4298,2.7680476464780406,2.8630057507637448,2.8692926759498145,2.2962601485771303,3.5744815297684553
4299,2.7560597320886684,3.211338275340914,3.3218279230317473,3.3638239109644243,2.7524507492294727
4300,3.197767666006662,2.7790153420575767,3.0578983446090255,2.9441163465538813,3.3273463091960425
4301,2.9426591394251767,2.8295035841587883,2.4052015793536503,2.4692676502022586,3.1946293384982583
4302,2.236166069782069,3.5496736655053316,3.378507117345402,3.24422478443802,2.5014734349247445
4303,3.3095144417205553,3.2077547179345145,2.7549459278900414,3.2814848384760245,2.54385105929783
4304,3.228721525631829,2.500082740096991,1.9447824043451074,2.179699919299241,3.355647900491335
4305,2.412594592244192,3.2020258503308474,3.7820507934826644,3.429801225792153,2.8066218988376384
4306,2.930556836137268,2.9354636633502516,2.3900151728389774,2.6498480964591717,2.868438647114401
4307,3.287587735268238,2.707439028188827,2.9656770238526176,3.07416545357798,3.1334669348161084
4308,2.68947684107881,2.923354643153584,2.4192504973113884,2.680138879495094,2.841521129937159
4309,3.357896913180482,2.442263228222571,2.4975317021521524,2.4823161099557796,3.5948710095616625
4310,4.605492255705653,1.558554056520944,2.373246171133924,2.5429712977721706,4.307396036666762
4311,3.628608575071703,2.299026620432375,2.4326616745379552,2.625007028550786,3.5220591315910514
4312,3.4054506416756065,2.5451726072753647,2.9119140351439774,2.6613976718790537,3.712041412679529
4313,2.6677362949074577,3.3166588429197335,4.303202042792574,3.880375728297964,2.616932732447186
4314,3.4308657730744883,2.807731215598392,2.6956233197081807,3.020776965720283,3.0302745437087935
4315,2.936970590848904,3.389415323994254,2.7467089799945352,3.250445793716263,2.391195859637719
4316,3.12348793914254,3.1177037872663145,3.8506126315997413,3.777968392685466,2.838499161386351
4317,2.5584506502952555,4.030681815074683,4.732508979184791,4.156971381376356,2.397708233942904
4318,3.286600500473576,2.6883388964173998,2.755175335061048,2.8375072929026706,3.189565718020353
4319,2.495269629653325,3.086711978992696,3.4574820597567104,3.138657579897418,2.9530322050021875
4320,3.2388144738544606,1.9366679281873633,2.178759386212632,1.890629215803431,4.028755536704016
4321,2.3177381955793512,3.6683594126766583,3.013470382259483,3.097852102101541,2.3856078964072047
4322,1.959144381855822,3.60736188000703,2.663671037338996,2.6601644783152234,2.4272406356543277
4323,3.0756971473693633,3.234844689533712,2.8784730435488117,3.165197577307729,2.6661031035879468
4324,2.3323044545572444,3.7096454479037915,3.6688093119159717,3.3913240642564926,2.5945360027117474
4325,2.8227802899511243,2.9319790668973957,3.6795142000492396,3.2188637812433987,3.1508945407161297
4326,3.226452445318645,2.877164645938872,2.9724715639762724,3.106797910611741,2.976635177400177
4327,3.301954687054883,2.883800889423284,3.2385825354691598,3.0724302737092337,3.255104460574521
4328,3.5008635476526613,1.527725927401645,1.291176007732606,1.5947461269160719,3.9944069608924355
4329,2.9168405150566565,3.045814096635882,3.1916557382773942,3.0079770206636303,3.007521926312138
4330,3.5355177139895515,3.0630409462283326,2.822299481971409,3.166898546127009,2.9205564030952016
4331,3.1046116879096854,2.830147514500753,2.8506641006583306,3.148234366824312,2.83958670334349
4332,3.2655351951998366,1.7586779652726152,1.7253775989375875,1.405555347744211,4.123069692293078
4333,2.129628825197357,4.412864067759465,4.245058108659237,3.856326188316592,1.957168701957052
4334,3.2542366873838846,2.380914935326481,2.7280518221803054,2.536125818770685,3.6055267606494734
4335,3.419014154253453,1.8449832221237723,1.0,1.0,4.201124265585442
4336,3.9437106360261374,2.868697439064182,3.659567749883317,3.7853120780576917,3.121120911173296
4337,2.735365166872241,3.402253690697051,2.6035027362931986,2.8514847150080462,2.650936521166528
4338,2.4961178170447624,2.8357676380151227,3.0440548614376968,2.8514496604689694,3.052148641256833
4339,3.0815526495670014,3.218972831682728,3.219140392720154,3.1526168484094748,2.932218148495732
4340,3.2882245507024304,2.7821370921014807,2.551020567530934,2.762138933466929,3.1240158915251026
4341,2.5116753973904564,2.87985617581845,3.066713035251796,3.0140408461739145,2.8956383039704052
4342,2.9438599603518303,3.4249767386227234,3.1221893645314776,3.3461694710539676,2.5871750665768305
4343,1.9732660939532627,3.212339620451807,4.417783472821871,3.7245634629218203,2.7908610652452475
4344,1.9835747132926975,3.9769122191256026,4.767929176592793,4.324319713875002,2.182927704987281
4345,2.351929833532548,3.4763341161274295,3.3290850534035528,3.0607026778133255,2.7154067042964725
4346,2.1858688911567423,3.8899380901768863,3.9778856511247467,3.397199379173865,2.6067109104537534
4347,3.2420424544370454,2.3409135232097267,2.8393152150989316,2.3698748573319195,3.8706642682886683
4348,4.511164547170056,2.861191129238843,2.7123492242379688,3.057510520067705,3.2393098246439918
4349,2.001729608747241,4.529558603528212,3.898920619558981,4.631610827008579,1.0505536570787053
4350,3.1687390529102624,2.4428589118687416,2.5831287216847727,2.4174598180585667,3.626557465964356
4351,3.0404519274776143,3.566695775225278,3.0656000327108393,3.7309215660841053,2.0906536076952333
4352,3.1968407679806465,2.2307853494184515,2.7875086748230458,2.417869096652349,3.7085458018125936
4353,3.252583373864592,2.8169571106137052,2.5983324180593015,2.934878857099195,2.9756178467029186
4354,3.74245143059159,2.8663342176845195,3.3890799426426312,4.046280888693793,2.7137760780430398
4355,2.845993348687565,3.8049472772747484,3.358567053361696,3.461609823970865,2.383226165497638
4356,1.9236975502620275,3.1215756299545516,3.2020368551492195,2.292268709180436,3.407722540680904
4357,3.471467101044749,2.821279785793433,3.1712504410357263,3.2956078842592014,3.0573702748401512
4358,3.157881613207538,3.4899562301816713,4.2968710273205275,4.129414809898094,2.7298450901243063
4359,3.6409495815857866,2.673697688670116,2.823343600054369,3.013173740995671,3.2427153574774015
4360,2.2760890475787727,3.7858593828409783,3.3052442419902635,3.5652855501823995,1.9906546619847585
4361,3.493377979846829,3.2386231087097936,3.0463774789748204,3.5572085321450357,2.5724304305039296
4362,2.9957019191072445,2.8117525559990098,3.1071335745585125,2.7894905627506605,3.3865607766006884
4363,3.391174037686416,2.140519630365754,3.4574375572468012,2.679604504167315,4.345727695818367
4364,3.5157904059795446,2.335147539661459,2.2314521265501486,2.697528655459026,3.2186734769442804
4365,2.8912599370981007,2.904531792391326,2.776808845840767,2.717858947471812,3.1397824665325347
4366,3.7611081840203062,1.1892443334620564,3.263332348500928,2.9503430401906656,4.2816355808043784
4367,1.9622015606181664,3.6879463438765856,4.676134014179358,4.276899302791186,2.1679156188032014
4368,1.9898651470625133,3.462871723329741,3.337960110825128,2.8845004521775395,2.8765240998381962
4369,2.744797563237825,3.1517450057377294,3.2270341355961727,3.5685422743822235,2.3770362304341344
4370,3.0737642162121355,2.83115658062492,3.499387218273888,3.0978921940612425,3.365683706978727
4371,3.3467993518968435,2.859588394674593,2.6732444429249878,2.7380042044891577,3.288666823710035
4372,2.6667653467807955,2.933028342875547,1.9369374220230764,1.3071366378288956,3.7587470107082424
4373,2.8867868149155513,3.225303708863985,2.880976895817084,3.228080156912463,2.622249933661422
4374,4.053863749707932,3.5326482534751333,2.5905641132678507,4.108473125757117,1.880356590923196
4375,3.910701327818381,5.0,4.147799957657995,5.0,1.0
4376,3.012794345111705,3.0090255340402705,2.7223188388233486,2.7257304067652677,3.109387176747442
4377,5.0,3.8140086352684057,2.542203195088256,3.350737256902928,2.590088896764975
4378,2.433779540895896,3.7622520808596045,3.158494767925424,3.463979140416949,2.157564450596783
4379,2.0925762876975913,3.45504776356254,3.1204099606409503,2.850639794475042,2.6929074059549336
4380,1.6697294960672062,3.2896884214577784,1.9061242306421617,1.7657334154324247,2.703603284931543
4381,2.8926121421495496,3.2838312029561605,2.3434729855630647,2.8852040922569806,2.4768863794832763
4382,2.4294967023250433,3.9867131742074298,3.361647426607376,3.848826852891151,1.7973069279647416
4383,3.258915517083134,2.9757865486414974,3.3708261325568656,3.317856096237427,3.047121610838383
4384,3.0682192419244894,3.863446292548253,4.4866042101460915,3.7822169237166827,2.954386460945343
4385,2.5066401397390448,3.2508775276081736,3.561068084333588,3.641921963045019,2.3584813411244885
4386,2.2115546913274606,2.1094833036041423,2.7982454627632087,2.173036203714157,3.9118645209344542
4387,3.869026669310508,2.068029691741787,2.814735989828533,2.6274009496459776,3.9164655825252046
4388,2.8483536274262193,3.038884129583797,2.7803493745892993,2.6437079056102903,3.0950393492376276
4389,2.6802914953299046,2.995099820146671,2.810813268046115,2.7827997640353406,2.946163368429747
4390,2.0883135436685065,3.5366903014194317,3.2013044682550538,3.1511952476237286,2.4243014458436987
4391,2.12741667793626,3.2974592322090084,3.3047061057387923,3.1100774458773133,2.6555587149566096
4392,3.387226690933146,2.345506657149906,2.8886765838662027,2.665204932878882,3.5307947451251938
4393,1.0602885270825853,3.8607480800013043,4.294678557682115,3.2164731129468858,2.5373307626560107
4394,3.778037926002179,2.612698982985634,3.260598623212285,3.339138701450163,3.568548183988459
4395,2.0249834693026374,3.206914431861725,2.8520490415134727,3.0347985274687335,2.330952099319145
4396,2.485870756936606,3.503503868346877,3.7588417609496814,3.4586317343100075,2.7534043573357687
4397,3.637847444437975,3.047757183782332,2.863948466138537,3.1989354729292394,2.8830945715801897
4398,3.3580752521569504,2.5507770541254766,2.714804618130334,2.538178517200842,3.5821552021204175
4399,3.762501614117536,2.1807990228610032,2.0569750405961003,2.1239816898780948,3.811425432079822
4400,3.6466743571718165,2.7002080530150274,2.7727802064677816,3.066443653245187,3.1788269340076596
4401,2.7657988369311286,3.2195510803191616,2.860981382797851,2.83845568992169,2.865429535614691
4402,3.924428183699847,1.753042506138748,2.134421200022998,2.0124632789965924,4.156866778942355
4403,2.9108734594171652,3.2235522298648385,3.253865733228361,3.4795147769800723,2.6592613428680645
4404,3.051185364230464,2.2415121943067167,2.0611002719441975,2.400482979290371,3.2010684242848795
4405,3.075806527978931,1.9930225448003154,3.327524582919967,3.240859519535139,3.2573020517074727
4406,3.699496985725809,2.960726441822431,2.947398252484192,3.2505921963420983,3.043854993745581
4407,2.8353891941493323,3.6203727647627257,2.698223518060355,2.8463007394196493,2.665792044863679
4408,3.8568608089574443,3.139871590728811,3.9928889954658207,4.062377524335778,2.848882737804166
4409,2.9699427393062443,3.4149886193250647,3.1401048434990337,3.1280224779030132,2.800745215695945
4410,2.9647851172224184,2.8982024552402037,2.655949036121422,2.5785208263999317,3.2085402964096046
4411,3.961291730708247,2.4687443608356876,1.9217779314620946,2.636258578494409,3.321087491567716
4412,3.6397396729988025,1.9706366407836937,2.636426942800721,2.161083198060448,4.277077808758783
4413,3.3304430418706175,3.4256136883698827,2.584788207134273,3.2991014492136768,2.387544776344454
4414,2.5313116054533604,3.0314086970841,3.204087758745714,3.0006542385857413,2.9512447394501637
4415,1.9621998473214946,3.776698795150517,3.491404007319473,3.4903999568788007,2.041542398723274
4416,3.3472869284026374,2.3605471697282514,3.3133139433049212,2.8953701869480923,3.615935211752702
4417,2.892952950928637,3.531967871300125,3.272715975000107,3.4285060172014963,2.481157951883042
4418,2.880396262569434,3.502770295634923,3.6043904633067347,3.650981969791098,2.5712609640907855
4419,2.7366724586547826,2.9058287129777756,2.7643986348783067,2.364002707452612,3.4312466358574834
4420,2.6677786806993757,3.1741848587371457,3.373693055858184,3.3993917623906893,2.6900118174884935
4421,4.245709881619988,1.9107099512145873,2.3149845142984233,2.2523280736213103,4.187975578036022
4422,2.8380361026800416,3.2016621347241885,3.011372893486932,2.9898873025702057,2.9017224922606726
4423,2.9804063626323063,2.998720348841241,3.292378923509056,3.1000985997003716,3.0623699202537193
4424,4.171969978752907,1.7432273335197375,2.7229176033269997,2.4347042596579893,4.453697927083476
4425,2.7319769180871702,3.331124304503377,3.4478907958579277,3.4719010792821607,2.6045285734400783
4426,3.8068674729342087,2.109307497747509,1.6511458743372396,2.0336698299946097,3.6257807498940817
4427,2.5225420686289626,3.7122212141096433,3.22311330666615,3.4576112811736253,2.2141503527899173
4428,3.0103730800878727,3.3674641120148787,3.0603656541824034,3.2070038788195343,2.7292987187313433
4429,2.424242473355526,3.273794802153268,3.405061901645723,3.3639487710146447,2.6405684360476736
4430,2.656444224572729,3.234832970674411,3.3237350375908274,3.1495898608884456,2.843983723791115
4431,3.402040418490357,2.5569556850065362,2.922767342810177,2.988777910774198,3.2402630775194323
4432,3.841302052921375,2.8892241223215076,2.1664476568070308,2.7108145413852593,3.061748679699346
4433,4.399505651573878,2.3396241841976098,1.9730226287266717,2.5520807893399686,3.5803898518900676
4434,3.5834972806635745,2.5747727258081663,2.817019562118279,2.72719442321354,3.5524698472759946
4435,3.260863435017465,2.8438383947834907,2.9448956571411298,3.1629921780696195,2.9867618064598505
4436,2.969017368232541,4.706942718134545,3.787882273658941,4.187016906126672,1.600017938495476
4437,2.975958186427938,3.451430536210836,3.358135542972724,3.4721268213318184,2.6252030686327186
4438,2.0929911432025774,2.817024462672183,2.9073879448294297,2.4599489912348336,3.294392035636274
4439,2.350564174033115,3.0107043558518285,3.178773644920922,3.0057668255963685,2.838656939452463
4440,4.225396629848365,1.8003600199635186,1.947411746504163,1.9591419156934116,4.178225367320108
4441,3.3038659959453973,2.8791691459006725,2.62418923699373,2.903844407870715,3.063851123166265
4442,4.227119125882552,1.0660264934167578,1.4205029438163925,1.342413814579853,4.63429101119571
4443,3.4195930986023018,2.6954619983950625,2.8943106393023834,2.9862266358530722,3.237803240221332
4444,2.822965746671213,3.696546767974727,4.627572156072135,4.23512478627053,2.487293818363739
4445,2.8140714522384824,3.316855492015452,3.4902257351249615,3.54278412244339,2.596990721011877
4446,2.749909316522487,3.173120431590257,2.7085278157045902,2.7399602058046666,2.897931590329031
4447,3.2850571372918025,2.7335390884079285,2.864682017945154,2.837345686645348,3.2672769319817947
4448,4.017299581004449,3.037310194121217,2.900954593273973,3.789982544517104,2.5181896029473583
4449,3.5368265387851863,3.082830014404088,2.9483756802282626,3.4311400819461073,2.6159578716554086
4450,2.8655788690510184,3.0544771854218875,2.9448298947523486,3.0230918713497825,2.897336054427379
4451,3.158659458731294,3.0929384913472897,2.572267782665988,2.562515323734803,3.1817691852972025
4452,2.76029464892908,3.332281576784884,3.010354557414724,3.009547015390598,2.7593362559341745
4453,3.3959727851431536,2.5529593573591653,2.469538657528164,2.5308643583017956,3.471357035375962
4454,3.296544244613177,3.3277590662096017,2.9881303609295977,2.894865125428173,2.949203129099376
4455,3.00502347469206,3.363162304060094,3.3203551315533244,3.3290893473809287,2.717844406918458
4456,3.2671661301082398,2.8843021287540656,3.057307900923604,3.4357911780726873,2.82713415478932
4457,3.361305146861245,2.5008956083034692,2.728061086106123,2.535634529926872,3.6681886237153103
4458,3.8005261502568906,2.6727715382054904,2.050341520782813,2.7935040600446417,3.025654345545272
4459,3.289584220128769,2.7439871886601983,2.9254322438726765,2.841268116110141,3.3047108230342173
4460,2.435145441227226,1.820516973921018,2.7951814403356163,1.5855619397141938,4.670999342606497
4461,2.807661238157657,2.6687149443947513,2.4551135002810027,2.2639435070267253,3.36088891723598
4462,2.5765894633538218,3.7791057347773633,2.7299716514945525,3.3202825330292676,1.9793114927976876
4463,2.510268161322326,3.152900636190376,3.03047329412521,2.8801158573964027,2.8596357656019253
4464,3.060372416600809,3.237128382550302,3.3257939546693662,3.316824495963898,2.8142195930151366
4465,2.8872051483230465,3.2424124903511786,3.848935940660628,3.2782794653583323,3.196514534794915
4466,3.125194244677921,3.2094739323601886,2.792499526696899,2.9573183628195707,2.8950405134120247
4467,3.4303651381848947,2.614438582380525,2.605296829018741,2.5645125613731357,3.5024745075676327
4468,3.3512627830040267,3.15520439596707,3.1181241743390204,3.2470186624483826,2.922978851791833
4469,3.6027105656659826,2.5785894329972,3.0462136834851634,2.9708315378798096,3.482042542226562
4470,2.6485111176884897,2.9024142830547435,3.143188513650063,2.641529858769743,3.437543189893001
4471,4.333852730766074,3.1786243260895573,3.4479369987289794,4.208616818678353,2.545140885455089
4472,3.426272100822789,2.628196616012648,3.590257581034985,3.380177045004756,3.3658647827424777
4473,3.5794143685590676,2.4603252283147197,2.3634054326469833,2.390820814827935,3.527360903297683
4474,2.566390538506487,3.3541806828682246,3.3991722152905743,3.4862942351577524,2.4383829225195415
4475,2.044584209848585,4.488670968556226,4.677237061451776,4.593393387798656,1.5741635250619908
4476,2.7982006508272335,3.161075808259086,3.2122797165063806,3.2917615676267826,2.728180541288063
4477,4.119007306014714,2.776845096572642,2.8487398445969077,3.3444083817136003,3.1367841239383263
4478,3.3835244838276792,2.913053406078177,2.8793066949598596,3.110002827539973,2.9798413256755008
4479,1.9649136389247166,3.696486069154146,3.8515412691527633,3.8388539563223842,2.178741135676149
4480,3.1494557653006994,2.900021571128259,2.9835489072735464,3.0161286056352274,3.117860214100059
4481,2.1636871738834156,3.4911728344382467,3.8913028971643224,3.7461176164693413,2.4054916203482835
4482,3.883515803753334,2.4107407553928772,2.303898731366544,3.4652052431347484,2.772645630851658
4483,1.0,3.8658327738800464,2.811658603139445,1.9651998507909985,2.5638923948035925
4484,3.891372420523155,1.585156923254779,2.359545313236425,1.936084293950147,4.59203592963393
4485,2.6032191602919244,3.4148517748880813,3.2312559257367854,3.0077867945161807,2.8484264111115247
4486,3.581920009672432,3.33023751516582,4.266874260754648,3.669284571784484,3.230567863679019
4487,3.1637388163909184,2.488797780581391,2.1948352354027625,2.1990230028050175,3.4580865112830317
4488,3.441471662199935,2.238953447149294,2.7319286099392084,2.5792454111014815,3.68742533172239
4489,3.3301724402464754,2.7687198794114614,2.55721121019874,2.8039773329663347,3.154759818811211
4490,2.10819209766974,3.815743628419592,2.7118260470906876,2.6787295550873242,2.4496765540149292
4491,3.636600279631343,2.3305942560351722,2.5313329765992845,2.476371461715451,3.78982500202203
4492,3.3866815044899186,2.3253558761096214,2.886247446906817,2.4832680117833643,3.8984357969556402
4493,2.7458569067847804,3.545546840750926,3.408205329385576,3.3500045584313933,2.5527402944674678
4494,1.9515252427752352,4.343636353220891,4.755910579880202,4.795683811423709,1.542089035408457
4495,3.3536178410917805,2.9871483074088965,2.816782511775184,3.0107634497151707,3.026087609592914
4496,2.334439461700007,4.163841111378757,3.980080011888032,4.270765664081049,1.5172370213651893
4497,3.440336822926772,2.4939615317121406,2.6098382519404963,2.5860030621359495,3.493755430815752
4498,3.2439022489459197,2.4138485166139,2.4941571662000537,2.806509048752113,3.205709936178956
4499,3.2990835510199044,2.268323090312939,2.7217510298295746,2.3974844108476088,3.7673782407343985
4500,3.2835827373995556,2.893868166452784,3.024616855132224,2.9776164853365668,3.2188999994930185
4501,2.5798472679982902,2.8820393430364177,2.481966199769616,2.1397777705227674,3.2216745800533677
4502,3.908783960936601,2.0337351612497168,2.864593593358706,2.49833595436671,4.039202155668093
4503,3.302734235416669,2.5603862039777967,2.0482356378738014,2.279217686585874,3.4659839822528005
4504,3.035509867723515,2.8098989050061944,2.7796878505159857,2.855243224736644,3.081140027290149
4505,4.063690709983193,1.5461622125925838,1.504061993803999,1.6344905553294977,4.352547882414126
4506,2.9114672722736055,3.304876787117466,3.2493814204016256,3.066793123729322,2.9336145078921714
4507,2.905156588874806,3.0983747427592965,3.8609605343519204,3.8511544496494006,2.578329518230338
4508,2.8881684837806594,3.245074487424091,2.9078295165953625,3.124439424301013,2.6890474176257575
4509,1.4762304096473753,2.628555754112396,2.1902289862904945,2.1526281363623543,2.7309848828264682
4510,3.5307152063111493,2.799264044327675,2.6140324873535996,3.185777453302409,2.8688291877270182
4511,3.584303401312458,2.851608806896295,1.9695290669240997,2.682320269618467,2.8737855085748416
4512,2.9661642465068088,2.7349199886648523,3.005535066889313,3.0685026763760486,3.0403479471039585
4513,3.9727382418042554,2.9496120683103895,3.1980384314621855,4.029013388903547,2.449044806845125
4514,3.168565121860061,3.1077097362537436,3.4450179154647884,3.673046144562187,2.617672826900224
4515,2.8703789871867054,3.5066699355192466,3.2515480914115398,3.6326930596575524,2.229387476137478
4516,3.405733319342857,2.455209506910466,2.429453313993966,2.752241321768868,3.1536997742047204
4517,2.993711040860463,3.9020367010937647,3.570413187987759,3.895337477985402,2.2002822644927624
4518,2.9577361352960776,2.6361270739375238,2.8259366499643375,2.72748297331735,3.2554867494653035
4519,3.362656124529935,3.5173296812834627,2.7183471515082624,3.31616062313418,2.4336091264844057
4520,3.1021992282787174,3.076689834332516,2.9363604139726975,3.111768009791253,2.8065106031877125
4521,3.206747507854609,3.0520250112798673,3.0425522866880375,3.5436416946572384,2.5477459358377805
4522,1.148846103069892,5.0,3.4087084654503688,3.6534781773564586,1.144918268023706
4523,2.622898209894671,2.8411600291972934,3.2541383681271667,2.8100374362178084,3.308226654538133
4524,1.6834991215471091,4.465537087445937,3.8368071320572033,3.9420221352385885,1.568526732771654
4525,2.3666443462314515,3.2450566145982265,3.314857026375761,3.158142071136389,2.727111044926717
4526,3.0811513206918457,2.946906151089965,2.4422904973927544,2.6120607157130875,3.075758509088446
4527,1.6613927475837706,4.707670054578684,4.155751179631492,4.197202010115886,1.337864781362929
4528,3.408214198681578,2.6755080575637797,2.7415231221481995,2.7720226574990146,3.4423332437331613
4529,3.9339310291488028,1.5010492646165239,2.1547928290090805,1.9366582343444232,4.335973315029421
4530,3.793738712825597,1.801512364728922,2.2344979435824435,2.532142204997331,3.910448065246472
4531,5.0,1.8539202038464841,2.0709856805704625,2.2652413780735787,4.455665326518174
4532,1.9084901512754207,4.913982683962141,3.867986056589829,4.252638352508217,1.196586358289578
4533,3.6412956498641442,2.7397868613414174,2.172285110270347,2.8075122067850584,2.955721775443765
4534,3.8350189795918244,1.8873058165897705,2.2937125865863743,2.4344554029839625,3.8508692751409974
4535,2.51305754464264,3.576660719410827,3.6572812531413508,3.5647270787310674,2.55136248734064
4536,3.3005997017532467,2.39801400827984,2.8165709448772778,3.1249650899343764,3.0856423770868715
4537,2.5494627729166126,2.39799596829105,4.52756809750342,3.2080729904355794,4.0104163242489115
4538,3.8718158008398214,2.675291332173743,3.9129833983858666,4.473960531800852,2.589989838676088
4539,2.8763856030929453,2.8595581124771545,2.229358846093809,2.6811570218419662,2.8114580915027236
4540,3.4496584445256455,3.3006744799111036,3.287674838994035,3.5712205993229142,2.651170699081638
4541,2.599894098651536,3.418415410025554,3.8516414429018595,3.6272843069572716,2.634209126875864
4542,3.239409417817629,3.8226109727810376,3.8651949794704716,4.2880084550265165,2.022838094949877
4543,3.6094104349323404,2.0543747287791394,2.7702147122828644,2.5621124032112172,3.9174923949004015
4544,3.653943237539298,3.014460702809112,2.4646120558968496,3.187967664386903,2.671401674391316
4545,2.3719979224503116,3.855555280494883,3.2699156860765783,3.2901221097221685,2.339379531467183
4546,4.2246408521753365,1.692145926388845,1.1666937334376097,1.422243768042675,4.195831437507765
4547,1.0,3.656382038114465,1.9703245022340108,1.449170133040515,2.493648640038108
4548,2.4559988683549405,3.27358875259209,3.6374114128464647,3.283989159562532,2.826725201152672
4549,3.603620120630004,3.08773677944396,2.488764400293959,3.048196116037546,2.7395177580848338
4550,2.7583515116326365,3.362309185809864,3.3239939573078257,3.270158790441374,2.62596734139694
4551,2.908880795782373,3.138930555507435,3.1059575745946577,3.021736085773069,2.981622475665514
4552,2.6725124643562594,2.6824900388091417,2.7261026688518646,2.3042139250185274,3.572087279683607
4553,3.3998781593133485,2.4504609928034924,3.416814682217656,2.9162348885694906,3.7687014623446933
4554,3.155524786109856,2.480169078881565,2.3888768283652593,2.2233027494899185,3.6517594333625785
4555,2.537295827260299,3.552302062545586,3.6125326608111576,3.306132322740271,2.7168181257449953
4556,2.628727246328335,3.155811755668876,3.1674007785784584,2.832950181110772,3.0479428357595837
4557,2.8970213595852203,3.212434707377851,3.1552222659693094,2.9247093491835665,3.1058663674777454
4558,2.8369534510430925,3.0745976625170686,3.1268891380332744,2.9505878170467397,3.0681899819618015
4559,4.0014778292559345,2.417512436402746,3.119031555772637,3.204539079755991,3.540685351793674
4560,3.5389646281919047,2.125742190401191,2.0900977472349047,2.0548504784451493,3.8883613251683715
4561,2.8350250958582746,3.5479392793034727,3.0461796918340105,3.1682080655207128,2.623076967448181
4562,2.810611255092433,2.2282409680376416,2.8473498121985674,2.0836148351178094,4.184852847683854
4563,2.616906828779594,2.8016008899717426,3.088565803822875,2.9124546959557334,3.1076789266933997
4564,2.582609789088776,2.4691270401984444,3.7901539174177583,2.93855963536036,3.683305124528214
4565,3.376379582559375,2.6063020701420916,4.014856559725234,4.049264755128384,2.881071067416062
4566,3.292732437631665,2.7150332231167806,3.047760484872454,2.9969216295357595,3.2681652291040293
4567,3.6046915121640257,2.570697737013022,2.281936277904605,2.553399623935744,3.320493064380422
4568,2.8948028200968983,3.1606858498845987,2.3345672309451215,2.505700057828341,2.991920655234273
4569,3.1775506831026283,2.9196196431098724,2.979466077772058,3.0276410665295344,3.0630694972927004
4570,2.5280490624413035,3.347612020863232,3.323245713836921,3.1546430116365216,2.853513841324243
4571,2.909873799492888,3.223280561144928,2.921825822903367,3.252666440790189,2.5263311147816263
4572,2.9881156457452214,3.036184211876672,2.839979366843313,2.7133182944739613,3.075257367514798
4573,3.3003790915948112,3.700820232082577,3.1237933186633455,3.770865679924292,2.1027265105819275
4574,3.1885155313535187,2.721345591194957,2.968884720450222,2.887603562810585,3.2617955542705346
4575,2.6576642494572447,3.1725032916779528,3.7694866539953584,3.2701162127260543,3.059196037900925
4576,2.8407914761170363,3.2324551911368653,3.1528549496963683,2.9750777174218186,2.9517882442745598
4577,3.60111048420763,2.2385047286545423,2.389923777747525,2.1261117453176195,3.9592092279514386
4578,3.1210186015322403,2.7102807327438465,3.097973654263835,3.1144270328991084,3.1409185901832557
4579,3.566540354533964,2.924819683807465,2.6557836873349245,2.946800852627903,3.08782218105376
4580,3.3642079830454663,3.0157930800606505,2.9612891544607316,3.1707158145837107,3.007677316612783
4581,3.256879582540004,2.470982667589013,2.564967194423033,2.346382594458762,3.728422504500189
4582,3.518332621338187,2.6120347844303704,4.543287009520325,4.626980890737643,2.7018436882561234
4583,1.944358675322368,3.634765267210009,3.9738660997303548,3.6600853143594305,2.2813739782262554
4584,2.3979195687913495,2.55412701754902,3.5831926673682606,3.1414626675429194,3.1579149610785926
4585,2.8611399395230204,3.7214866134749447,3.711582569933765,4.039952037798664,2.059822592887169
4586,2.923023054961249,3.449940957547955,3.039459724878904,3.264794849313035,2.533336580492846
4587,2.8562308163339356,3.704510778665223,3.4183931246464754,3.44224465762686,2.581508234400274
4588,3.3506085757555453,2.588087110878345,3.1684785966910702,3.0761250631713377,3.312305669932421
4589,5.0,1.0,1.0,1.0,5.0
4590,3.1243581925007873,2.3665069125177234,2.32845375931843,2.056412035698664,3.7270165586765254
4591,2.450191627740128,3.337560794172435,3.121237226324082,2.918735298370342,2.7913254153388567
4592,3.5904094796015587,2.07200154014494,2.6023721138940568,2.4992761119490625,3.9191181882627397
4593,3.0400594716594296,3.2688268558034963,2.9014011693610167,3.1332291006690296,2.69829633743777
4594,2.9085120197080565,3.4899405551453624,3.2920788478765712,3.526511105500213,2.4608975785688965
4595,1.9871912282070079,4.131888217879893,4.21294411829039,4.11375243704028,1.9628231987901676
4596,2.936481502863019,3.3662138823874717,3.266464230792362,3.3466528987339554,2.6944236244970723
4597,3.649955458088553,2.7000019106222855,2.3434897901113545,2.727534851154738,3.1828068826148885
4598,2.490000441325669,3.2504209723945707,3.033577730912362,2.968367587982069,2.8651749699219096
4599,2.5841358197568147,2.951271260152394,3.1942434431404596,3.081588694521713,2.8888364121279007
4600,4.098520072466786,1.8016650573780406,1.6666621031298765,1.82120077606253,4.128713788729394
4601,3.084212750242275,2.358702403784179,2.7195077963280374,2.5116107759377955,3.5552724728942127
4602,2.8837296940907757,2.524903496812089,2.5576662622630346,2.1530528907714,3.623370735793809
4603,3.1690506206913676,2.4276319151515,3.161738626207431,2.9632984409836385,3.5979683564218523
4604,3.2390195386382383,2.7626925328577134,2.8718170950574877,2.983016402980457,3.174427314651378
4605,3.0116323126019937,2.9133379966252613,3.0156058417558134,3.046978885430446,2.9386552751672883
4606,1.174173905843779,4.3630403882156275,4.815202995058568,4.628046307909118,1.4602319133406492
4607,2.388497197457491,3.314281987513652,4.09730275966517,3.779306731523875,2.670629084492871
4608,2.3205007647140925,4.115541152816653,3.7618719102195555,3.8648890617599325,2.0728949138376
4609,3.6893562890080984,1.3845183619841213,2.3668791033909833,1.8998011057888011,4.438814286980647
4610,3.4715755583069554,2.3423676356493526,2.8084935841254817,3.0107316888163362,3.3622663799332244
4611,2.6375689747270767,3.5649446555078437,4.144035781065762,4.606452159587635,1.915545537977504
4612,2.37062279067956,4.240053879688341,4.466693923393356,4.244402587782675,2.0767499168289847
4613,3.0651473228120043,3.6103807621146844,2.8306252769074143,3.2367013382692025,2.2713160007045183
4614,3.490364013947665,3.460586530015953,3.3111307072012663,3.374976818924333,2.8013136365637887
4615,3.1069516159927115,2.9894537203211846,2.8117529781320743,2.9573858531762194,2.916613065003189
4616,1.201176049780045,4.475685698825492,2.810938307178501,2.854386952594195,1.74196686660703
4617,2.3547029194954323,3.776681916865989,3.3478089688756687,3.2139125805468307,2.4592058879038436
4618,2.6534542025036507,3.420522420490239,2.910897421896269,3.028233237441436,2.612910565984227
4619,3.3739957218164407,2.8548255714394553,2.535143946930034,3.0454623533658896,2.8625095370116584
4620,4.04560973494901,2.585553635400072,2.3177138405359043,2.7810746193771743,3.1934694758081066
4621,2.5324074081699264,2.8126004052435207,3.2911601661302425,2.8744089149803314,3.2717646714149007
4622,2.8958791911180852,3.0094581416131416,2.738728989244832,2.7715324963247134,2.9549466346732736
4623,2.0514727831141917,4.540925307204132,4.296668625770449,4.749965660007615,1.2533375370966917
4624,3.8228981654170338,2.4627298046522856,1.9480862948260855,2.5873991206748044,3.186642120989025
4625,2.039852693192673,3.5385542003367703,3.580916786971566,2.992736813807858,2.839497600167973
4626,2.595279959470072,2.922247953752186,3.137662967284012,2.8874942162896566,3.064761407875102
4627,3.0418190893406702,2.951425698563926,2.894937294469601,2.9399498091330987,3.0821762373724177
4628,2.781270976966627,2.7519403819497787,2.9101769341206474,2.8274935794573297,3.203408833008831
4629,1.5610137084831643,4.123991739749967,4.5345064403762745,4.0162446303999,2.0572302517569048
4630,2.689003367432546,3.195792049881502,2.8104060637042636,2.713189860788746,2.958267131198973
4631,3.3851083925973398,2.685433178403409,2.4904002859995433,2.851436738650434,3.0716209645299144
4632,4.109016157577256,2.305331438923024,2.943514523755395,3.2443904501671055,3.5193385241438513
4633,2.7888395997592843,3.991052257910771,4.80954658510943,3.8155868199114344,2.8233754614571134
4634,2.9102145136106667,3.0975767570799926,3.333295010884581,3.052474699138463,3.12960160146551
4635,1.6401972891299235,3.710836710266685,3.2674526023783024,2.6156981855326364,2.755753619078153
4636,2.6903218658416344,3.1913395618326876,2.5772446212470763,2.7460996296210283,2.819924633642166
4637,4.311254353357264,2.934081177928637,2.3576752379996333,3.4720362670473115,2.7082753390747603
4638,3.3298666469781018,2.69251945253834,2.5811735304010104,2.5184435202800692,3.415095292305671
4639,5.0,1.0,1.0,1.0,5.0
4640,3.2515758124719616,2.6128034025909286,2.6350815309010103,2.5874710238815406,3.38850486238671
4641,3.351403748055774,2.5327122240891367,2.767918477749439,2.7867858011543007,3.4302112186928864
4642,2.316879430722759,3.530930076261258,3.318681960450678,3.0866238179939045,2.6265761712132587
4643,3.293293605705341,3.2976391420793094,2.905793424928055,3.1444844537776415,2.7217690279450384
4644,4.401994242010448,1.153353789218443,1.0490388786202987,1.0,4.895132327723406
4645,3.0685354232975075,3.197406123903805,3.1984118973849984,3.3660570562823895,2.7859400010290782
4646,3.138760414667563,2.728312856577153,2.529480065711908,2.2234691969424993,3.6630789447204424
4647,3.269562738116238,2.9390770062520195,2.820620761665725,3.0724397555350285,3.031542396309633
4648,3.5421043755645942,2.2016326066146843,2.2009429383515866,2.5207268686495183,3.418158150886213
4649,4.011003440712027,1.954955658590971,2.4957610088293,2.378832165815357,4.204578737143085
4650,3.8076685513915525,3.362055175408674,3.2265608643255543,4.222296111980257,2.1163257522262806
4651,2.909818337846769,2.742872425777517,2.209835896729383,2.2618535991369866,3.1777446998877124
4652,2.8884255422069054,2.510714150398502,3.072978316903548,2.6236650341463186,3.626474171757959
4653,4.005220631416913,1.6097454980301054,1.170684510268294,1.4301588690350366,4.167070561477715
4654,3.3022495684697786,3.563842082312228,3.2919858545785194,3.6678686992962,2.3268416251738486
4655,2.7221299567133985,3.235432417795962,2.9364869599633883,2.7053833329996495,3.0266355537690903
4656,3.0314978387820544,2.676890978106475,2.5662071794360086,2.6217294326312675,3.2549855439337687
4657,3.9289930862700366,2.152153447336566,2.0508143862712864,2.387684877535452,3.688295035206707
4658,3.039546226426007,2.9253727053387024,2.9540083390245866,2.7979809441827808,3.2410737231323905
4659,2.6898073125373783,3.7365951250164144,3.915644737220032,4.042078572907117,2.211978235472447
4660,2.79478977329419,3.1215609675020706,2.7496132396662043,2.813126689689616,2.932551017705989
4661,2.2417880643188077,3.9805371551368443,3.8831429182431756,3.622412775831547,2.3544595123009473
4662,2.9681676422905223,3.6777977345626627,2.6139463540539283,2.9909352163389284,2.443934084577993
4663,3.1719719897907988,2.9937988194476093,3.6798752610837036,3.358003752496966,3.1275169122017603
4664,3.8975799821159907,2.449325007097091,2.6209619427833557,2.6952164988664693,3.6180859424544445
4665,2.025170535989811,3.400927967293744,4.004947494630553,3.4258799784607166,2.9913190907651006
4666,2.8745784411307302,3.103261544960754,3.358201697693279,3.190480107489555,2.9838580335539295
4667,3.6437431814132917,2.5284672454775707,2.3687505581364388,2.718944658562413,3.2755361206159357
4668,3.0076706312800634,3.3983803777463257,3.6692569069972825,3.585673182148548,2.798491285034255
4669,1.697026478415007,4.626772927862443,4.258047149572732,4.2042071312037015,1.632045031875695
4670,3.44998880928165,1.5412165487581897,2.011182087098174,1.9851297114237618,4.102924799783671
4671,2.9627053578858074,2.623417417000885,2.5543825628170223,2.2522762597709995,3.422957832807574
4672,3.236681873934996,2.964618876731965,3.006467003301125,2.9270209251478576,3.1170768102192232
4673,2.3417599423737636,2.737207188830788,2.118417968501345,2.2483841419264396,3.149434316743889
4674,3.0932703106062247,2.995463189636307,3.6583500800630464,3.3712367486122745,3.0986723146270876
4675,2.8483034370675893,3.6128457105328877,2.709810899919971,3.2181246024742114,2.1843677510940465
4676,3.4901572714525595,2.845597404918814,2.9130204899605427,2.9370411628143622,3.326815036534783
4677,3.540596367386491,3.8086396137081273,3.439973802122739,4.096092856851393,2.014763694064817
4678,3.991497211374723,2.746735283494104,2.420929421488651,3.0194470627535486,3.0568225760685435
4679,3.1225612946745427,2.9096285565707194,2.7529348332678776,3.0707520519125997,2.730735548263405
4680,3.1391718863928904,3.1728081150096985,3.1392617886251224,3.350954335946111,2.713577643709278
4681,2.957077054240473,2.766366874325464,3.026853043104452,2.980072074485725,3.0932748714321234
4682,3.278136304401229,2.720082393053269,2.7623413326536057,2.862172312837688,3.218583071603464
4683,1.3215964960117168,4.536826413765796,4.5035565910464594,4.233660090961336,1.5616883959187942
4684,2.819848480785983,3.027807580380719,2.61922765947227,2.385887808735638,3.2435114202590825
4685,2.995891721731591,3.0538152092234574,2.8860626923259725,2.9387442400231207,2.9880763548157336
4686,2.877181024419179,3.018508533215586,3.036456454441409,2.830494669102778,3.1572771383779337
4687,2.350941996908202,3.717867361582429,2.9791074272638447,2.988303481447765,2.4551553976719003
4688,2.670998535451635,4.102772380930854,3.3941867022891308,4.560107454765447,1.2497932933950922
4689,2.914142569720239,2.812986222263573,2.7002046028980544,2.893160188830728,3.00850895203485
4690,2.312720774069818,2.547098022469574,3.685697555927753,1.9759748842393372,4.624076300135939
4691,4.071726005724885,2.005534132418306,2.0694795610972414,2.452199699201831,3.7586058951814274
4692,3.7548573296906804,1.5448455636861171,1.8246519058323194,1.3928313828063632,4.734832398646175
4693,2.8858771472947122,3.10276933225641,3.099499348826693,3.0733724006035974,2.903237599605377
4694,2.267018748680989,3.7391917372604175,3.573243140136216,3.51753220965303,2.280164823814472
4695,3.3674000122259997,2.583739624748197,3.1384087111408796,3.1599463974098225,3.2178161964033696
4696,3.0998701264407624,3.349142077731165,2.749765812691432,3.017127436370004,2.6422489171542614
4697,2.207430089105886,3.6821580376917584,2.794724326555223,3.075239403418999,2.249118785140852
4698,2.9331964551973946,2.706233740475109,3.0105670666205278,2.9308793975899397,3.2177473328242794
4699,2.0945870352777325,3.189456152859366,2.9456670556744338,2.369675036414942,3.1533495130028015
4700,3.5475519152421544,3.6124541246700606,2.786445813983707,3.4302699504923524,2.4611677457237615
4701,2.473240988611324,3.1246007994356626,2.6117405645085277,2.678680251133292,2.7178513449707142
4702,2.873947938385586,3.0031044929416906,3.2264457500814356,3.1867643202264304,2.901699918155791
4703,3.52236271338148,2.88379171799386,2.5809479352569804,2.7948038244945748,3.1767171849746108
4704,2.593411510463966,2.8307141737962405,2.9210121877168778,2.3892546823561105,3.509874133596292
4705,2.915804639480074,3.766647049203092,2.9428804768599472,3.4289330351483853,2.114083065594079
4706,3.1198953996179273,1.7220453421216937,2.1766840443817492,1.9035168914011835,4.2846304710155865
4707,2.6984992898553437,3.716756105279018,2.827777548508113,3.12110300244915,2.3869433007120207
4708,3.9776627795512582,2.66919010494189,3.395931376992542,3.5536079913097005,3.3283718022265445
4709,2.8787720896146376,3.4553607613992705,3.1498076402994957,3.396354490421485,2.5428275656204566
4710,3.514715338945333,2.576829782071263,2.7762252752114662,2.7570613983743852,3.464903446816718
4711,2.6363075755926855,3.6682465644734634,3.0060585792150096,3.153051012784103,2.4086829883812713
4712,2.3430013198258415,3.522695670697111,3.177858855074672,3.3962677485717485,2.2621697714688835
4713,3.665970690377031,3.3616411953050678,3.8858240433702207,4.2913219291413105,2.467727338189399
4714,2.4464427295880706,2.4199369482159456,1.3127453434642187,1.0,3.7998529512761494
4715,2.97561357798973,3.2086608918662645,3.109318955472375,2.9027171745313485,3.1004374001385604
4716,2.535950047103924,3.3378622800832565,3.3606996585739606,3.42456882757317,2.637124454100675
4717,3.319860476986944,2.3351189583433323,2.6274396827832485,2.656365373250712,3.3897934331341752
4718,2.9917904641677566,3.5308478204834466,3.1051744654632905,3.689977904248237,2.2122429472547998
4719,1.6787679395743198,3.6073102661668024,3.9764045914202004,3.8401803168100503,2.104384792692719
4720,4.267759839280053,2.090630121341253,1.4574945965179016,2.344668567256186,3.4716816389766665
4721,3.0371485798150264,3.8224341740596426,3.6805861001080875,4.123789444514079,1.9891625943518005
4722,3.385140082726134,2.48835868293109,3.312614466284231,2.615115951904448,3.8081733820533703
4723,3.3537787086824746,2.3409420154615477,2.895861223117222,2.77920322184467,3.571542101860376
4724,3.093752076333904,2.8553774077020613,2.7273776221373214,2.694963537047984,3.1914773260190383
4725,2.9710099585463396,3.6350539455977042,3.4439475970455935,3.7358596177189995,2.513261012691368
4726,1.9170475877241206,3.5511215092046817,2.899260858624962,2.901765465870762,2.3465353504965982
4727,2.935693408268914,3.72343574261789,3.228086964107552,3.643272978860445,2.1184842146166387
4728,2.1674768244241487,3.2376864156422744,3.3782187467225318,3.113266920015251,2.781943163293873
4729,3.2017101120210243,2.452963787882727,2.8109415129286646,2.5835334140559922,3.679404991639204
4730,2.9920244776294243,2.892494194501096,2.490553407213146,2.57114386964458,3.1578048147187245
4731,2.686034679525464,2.953598357977478,3.177989089959334,2.9649089736978955,3.0442433886820317
4732,3.655189493292276,3.1726604701685512,2.907237805933415,3.470567904575503,2.689965993350165
4733,3.2223544840817855,2.558847958660181,2.8368651084745,2.7451865513308387,3.3748675356158158
4734,5.0,1.0,1.0,1.0,5.0
4735,3.5568373982300034,3.8048266739855876,3.024575134011004,4.110888359103869,1.9412354691106162
4736,3.794992966645212,2.85998166497526,3.515222461840518,3.408563257471919,3.283926079591746
4737,2.480045040073488,4.418170386869374,3.9142405482176184,3.843469953626288,2.057947235190813
4738,2.921093350828204,3.274881578000859,2.7006974058878486,3.0739357319601703,2.625291205902667
4739,2.420262565379774,3.673594420900759,3.6663424626398173,3.7799688101248936,2.188301914347562
4740,2.813736549825561,4.427014566544187,3.653200203491308,4.170828108752187,1.5295627112731922
4741,2.9565290614703357,3.590292585586863,2.9776790704400726,3.1626634744563082,2.6351414318081208
4742,2.5336478139583507,3.627555761560112,3.532789980299208,3.2918174563192144,2.629032251586156
4743,2.7481090026504393,3.2789422487318927,3.0474635980790175,3.1821506196032634,2.644222928683674
4744,4.072905820848817,2.7275235320429263,2.4456094169817058,2.9145209076122773,3.2058994432810204
4745,1.9826132312300282,4.715673820149407,3.0292774936023563,3.6642968894579466,1.3098546968752853
4746,2.572758963133494,3.0707615717158663,3.047554908954218,2.9973381987657945,2.8716355233914315
4747,4.367005757696288,2.818448363285607,2.830076527520668,3.7656979162132207,2.7756722400490235
4748,3.233281718531076,2.8128114157024147,2.6785797194784733,2.6488151990327298,3.33023968561552
4749,2.5887932506842453,3.1015221630562495,2.960455864249244,3.039766494929794,2.747391471842863
4750,3.288421790661574,2.107866870653355,1.9435459838263056,2.089201352145752,3.5895651324069204
4751,3.506850639215457,2.4807787417627245,2.481796913535336,2.432946925276309,3.592518985022745
4752,2.9783542617979983,2.6854967464529924,2.5681264413235603,2.6113233736316617,3.2156695118780165
4753,2.688114020537611,2.7507008853641164,3.1684681018047076,2.7936234105415974,3.307763499720722
4754,3.186226215651521,2.846543681339875,3.009210072693107,2.9875811637199345,3.1090776583866346
4755,2.3488586141007572,3.3680198310105416,3.5172922442790133,3.2845161617840097,2.6468710954511234
4756,3.3067283595007986,2.6327416713388767,2.8876786609034597,2.710850978716632,3.610980020744881
4757,3.3351917423511788,3.365262599725266,3.1061187094294995,3.508841219268287,2.5336821948386
4758,3.0299376704082674,3.1755658955848456,3.0145301595091554,3.224138969237548,2.746151758226873
4759,3.2036015026637306,2.866065671858338,2.6987077551440635,2.9628378928122374,3.060561488779149
4760,3.550485272022554,1.5184039289789906,2.4203312845714584,1.9627716258887904,4.534313704898988
4761,2.641949401388039,3.385590136735221,5.0,5.0,1.870949741271404
4762,2.6411107735870343,3.228731984788801,3.007669025541328,2.838594702723569,2.9233745528346065
4763,3.223137587315784,1.841691803410467,2.667979115612898,1.8916595325256866,4.486041894709385
4764,3.3104627380751976,2.5642312689935562,2.2964953360861564,2.336781387867097,3.4751875298446713
4765,3.2969852310851273,2.098910225612203,2.4775004434630175,2.0939034284385003,3.8731278443305612
4766,2.537270371422412,3.099075899724861,2.881100624925567,2.350760869959924,3.2203693992066214
4767,3.015244956201711,2.2398380084520886,2.507722523416227,2.3087739162516634,3.666380564328449
4768,3.125035592770031,3.744253247792669,3.6260535050864005,4.3674694323729835,1.9708411872702023
4769,2.927630588064532,3.4244982412760017,2.0894590671941,2.2945473781713126,2.9080443494788395
4770,3.3033269386883264,2.6883261458341883,2.7501104087376387,2.7934394357949315,3.2974259223853757
4771,3.816684113852078,3.2958567305163067,3.3644902691993543,3.644925949359327,2.9515980009048692
4772,3.225817308368415,2.7722587420897846,3.187127431799959,3.108453481737386,3.211932372760809
4773,3.1440555192141626,2.543151691581822,2.6873024427936176,2.8803370780959665,3.2554573989737565
4774,3.7770021457346967,2.943472993856542,2.9971064520079325,3.4142434087350506,3.075125378153691
4775,2.6661239629152718,3.096472473670138,2.717809671063925,2.7971861649149146,2.872189632082763
4776,2.9387370440391947,3.147940363341228,3.0043544333415335,2.78428995753373,3.1145764054809746
4777,2.4335351807959955,4.0093446703430065,4.27932172557455,4.117530363708502,2.1255257495784026
4778,2.3525967035248714,3.681803490963935,3.4075398520097253,3.380452914021676,2.4042870160327245
4779,3.7902947212610223,2.816979601650774,2.6253024173108934,3.0643456004812313,3.0445877513963326
4780,2.5593430538793225,3.142646712122688,3.0903059303521148,3.0427090627474116,2.7764404552641193
4781,3.6049733838556435,2.534650072299987,3.0370703271672532,3.036469053530838,3.4223864774683928
4782,2.5189627644805634,3.0466144360869873,3.1714866696350534,3.061322194551699,2.8574281552872827
4783,2.5851972664020186,3.888831029513601,3.6948050416056923,3.848364474383619,2.1933187459377668
4784,2.915395343128155,3.078837162924333,2.62182074227222,3.023265983700699,2.6002783685620385
4785,3.2409337777028155,2.1070735596744052,2.19877452019064,1.7152398096254065,4.088959199063437
4786,3.0869465059142067,3.0181694034549054,3.071789365221328,3.035038622018343,3.124489968738793
4787,2.4153549020352205,2.7864594945568264,2.248932980086639,1.861748985116882,3.4575810140799232
4788,2.8045451210244794,3.03974080053157,2.8684402559832947,2.9352530032339574,2.904035752313252
4789,2.7653709168543585,3.015159239859867,2.3537747774918367,2.4209659877998337,2.9806378044718125
4790,3.8797051800709497,2.790680531053124,2.9324313997275446,3.128580993866939,3.290056115322889
4791,2.7060017624950774,3.519716588192921,3.5171653974420827,3.636286322888931,2.3260290384491302
4792,2.6456741741945518,3.093790488545,3.066315611388105,2.8341105937331657,3.090153208431709
4793,2.864582517913551,3.0733161218139524,2.797758466039655,2.834682820154169,2.9124528965477796
4794,3.4836627185523743,2.6269472456653378,2.8926368114880137,2.905189761221709,3.3346476273541983
4795,3.1547905413396564,2.5379053883441838,2.6908031565168886,2.526697508970857,3.5654731352237006
4796,2.5220063147193548,3.501839572658019,3.2734025253787697,3.264770556275586,2.499914492048679
4797,3.553793165960189,2.8617301428500137,2.957838068307096,3.0759714163095175,3.2115746619731524
4798,2.377592844304232,3.51086782220877,3.470106717362091,3.2882683302733002,2.512396271687284
4799,3.0011412232736245,2.4117412394223963,2.882478528331669,2.5285799653598753,3.530218546458175
4800,3.6983645879000133,2.4239357071730065,2.382048533250634,2.1715908299519966,3.8070151347841255
4801,2.922052657088273,3.3280017487926856,2.949490816487503,3.1364640014109058,2.7250037024390514
4802,2.830509020014852,3.349548086185255,3.306035974569044,3.249705444454136,2.76522334704089
4803,1.6225306174689418,3.627666647226124,3.044619103663601,2.905627193458269,2.2441405898061886
4804,3.5905141612496725,3.104464331459714,2.796425082580194,2.9312172015158207,2.98302548158625
4805,2.9481393031788414,2.7808464166090223,2.7417579879976355,2.906763571405452,3.0121131183637213
4806,3.165545961022087,2.9306749335093043,2.9228567405478256,3.2112748068539996,2.847348219016486
4807,2.375015041745473,3.5340054296751973,2.867122237475196,2.867809841499082,2.6002046189634394
4808,2.0461466680266334,4.736611952997146,5.0,5.0,1.0
4809,3.102008418619079,2.794202092806442,2.6599909457629383,2.53569492060954,3.19732473579329
4810,3.033880325531529,2.961838579848177,2.8459366842128957,2.782132050453626,3.219364734187778
4811,2.376133795129325,4.150712632227858,3.765341636063923,3.7954542702101404,2.031874234641549
4812,2.901939107310217,3.041216689481061,3.570293724238858,3.7686760664415146,2.575581471849249
4813,5.0,1.0,1.0,1.0,5.0
4814,3.9029058134367194,1.6149619589855575,1.8286694081047727,2.0229420087657033,3.9928945101542435
4815,2.7785193804335924,3.2543807170677352,2.9179712191089973,3.035736401348398,2.7329617545863405
4816,2.9284228162519,3.3146929328043826,2.9279321406834966,3.2902077164967833,2.4916648028868797
4817,2.7335846599331175,3.0247079083260804,2.9700350688926216,2.9056780510833304,2.947140871671404
4818,1.9753875461753947,3.5184981997426563,3.3977136229755573,2.952500158477528,2.729081132202601
4819,2.669876203033163,2.6078721887601963,2.718038579268691,2.3696725142295056,3.475228879189603
4820,2.762364473022523,3.0863858673834907,3.25675049152964,3.0479604161854277,3.010423193007871
4821,2.236567425251695,3.540513532679579,3.8628435152669724,3.526814012527086,2.590765270637057
4822,2.8546413686131276,2.846558490803764,2.88119886584783,2.7364969794476455,3.181454454469497
4823,2.7607367858307903,2.1072091519290734,2.3643678236790526,1.8193752827010705,3.943184707628354
4824,2.7000082352481654,3.807618316565329,3.6014594939029734,3.75228370379025,2.3435592346449545
4825,3.1463669968460586,3.2733551085632477,3.1160431779566196,3.214998956131337,2.7429460815586113
4826,2.9901036461273423,3.6726695222318506,3.1001341028245673,3.327172361534128,2.4780166778988546
4827,2.8959294364001873,2.928399506742882,3.036181919081641,3.1034983336781394,2.939043920018498
4828,2.8179811171389244,2.841701728014331,2.4334513057085365,2.274499803670555,3.452962399650851
4829,2.566962109212554,2.8122826738809605,3.0745674590956455,2.712009979503735,3.2285963762046217
4830,2.7789673736708065,3.00368046858784,2.5995299645122913,2.7367591077187314,2.932567894133065
4831,2.6403203706922183,3.7958886659233535,3.4535593109742084,3.4920157690054956,2.372859525276747
4832,2.6286661235813407,3.1249878647247953,3.146548771833178,2.9395923610784704,3.000825838469803
4833,3.291462219889843,2.422284865210356,3.80430090254919,3.409365235746711,3.5008245631537283
4834,3.3518963134870443,3.027008652425064,2.928691729374105,2.838562069237676,3.1295078201704087
4835,4.11854712222734,2.9190986545076556,4.2607830609584845,4.040039770693159,3.1495579171473147
4836,2.737229473371161,3.3235047634915666,3.1380214044590597,3.1036672745980747,2.76936693479444
4837,3.1039319016485347,3.2429950771542795,3.062804731838873,3.5797208412082195,2.370163637654964
4838,2.4421234808536934,3.5158506140164985,2.786538029519062,2.935958659048279,2.592367595105179
4839,2.9185385384381317,3.34083886858253,3.2287734687992145,3.39190449702299,2.645056936825301
4840,3.449423596445819,3.4147924896862762,2.3758187895260012,2.9259250321130352,2.663933682396385
4841,2.776650101655686,3.022823665986324,2.7840671935640753,2.862392683699901,2.823530860455871
4842,2.765524649362992,3.335219006657738,3.1134512433542083,3.0735015392040195,2.8277599249038543
4843,2.7830095350513386,4.39364557094921,4.102184682629349,4.52153254790805,1.578230232846893
4844,2.985343130705678,2.9135064118841236,2.9696607152143377,3.1885684681544704,2.8670166612124905
4845,3.3207162951936944,2.249869530951268,1.794508492697819,1.5933336661287123,3.913012841417093
4846,2.8136237224723506,2.905565370828974,3.3053143864691643,2.949843214023503,3.1795693212164364
4847,4.053641340986559,2.192316707909508,2.6836921778491045,2.850619589551133,3.7013311224867267
4848,2.325459627022071,3.83044766920845,3.5822665127572266,3.745212265250387,2.1392732274264796
4849,1.0,4.390322408803606,3.289426359750756,2.8055913555128273,1.604770254795546
4850,3.1143296182968734,3.312241237804146,3.3741360317053206,3.7170326998379553,2.6192334249627156
4851,2.591578389824887,3.1023852981800815,3.633330045923367,3.50776780966495,2.723297066895277
4852,2.3702635678994177,4.100765645497194,3.1296494756838484,3.7882144787431913,1.5934521198343496
4853,3.439173593819363,2.6475904274009623,3.498111665035259,3.1162594854292776,3.5348424422335043
4854,3.621154665598379,3.2768355205946844,2.7659653538221045,3.0564665747148334,2.9332699200996633
4855,3.205134739277602,2.221438124566161,2.103240423095351,2.0072235466657595,3.6977219218517625
4856,3.160112794550488,2.9987879900183447,2.9903981285638754,3.1085913851469744,3.0205192261250917
4857,2.717634053126217,3.2413878593834458,3.185734963795388,2.9494643402808016,3.0014975826698027
4858,2.2325031214509594,3.504931284491171,3.398248311439376,3.3538343579480023,2.3349524546287888
4859,3.0515149272027267,3.61000107312958,4.244761138015944,3.601482916711403,3.0403224615559425
4860,2.5690467378563495,3.1721444915625203,3.430545824796276,2.9835705146053995,3.0206915479667438
4861,2.4876183890615096,2.6392552393382362,2.6246739123566503,2.464296452244649,3.2922135857316968
4862,2.6225096610640217,2.6792199405644634,3.450248509519567,3.4428890085945354,2.8529435781537997
4863,2.9374981613160545,2.9140545132117657,2.469955621886782,2.8064867406910463,2.863475910702046
4864,2.455003794318157,3.907545490635851,3.423768205427684,3.6828666210630825,2.167356396963
4865,4.313581328770456,1.7015856740506008,2.6063750882872996,2.620865712931513,4.073857834396363
4866,3.806035462456696,2.575324485195273,2.7133093602349097,2.9889093509043736,3.3431331399513273
4867,3.552415335961521,2.5029236535545536,2.8460046370318617,2.691023438504856,3.552682772315274
4868,3.255565476229744,2.6318225408464526,3.0422412286513576,3.1337866911579053,3.1567370047886514
4869,3.4942909333188164,2.5237535871666283,2.976233209016499,2.6928506424801464,3.611708604863015
4870,4.112908248375247,1.3840667133762519,1.7993458400022992,1.7115750406300125,4.581475792557429
4871,2.4449840213416083,3.405468978133527,3.246877913328484,3.0280678783003476,2.7292998458432187
4872,3.8151401748590135,2.444552107939207,2.4376730250853837,2.9483868827991904,3.1289638387237786
4873,3.5268776383773837,2.9806019726523085,2.9597416722493604,2.84959811291751,3.2908653545015
4874,3.298421250630683,2.881187137639291,3.045117621562976,3.180027735755038,3.002392129860594
4875,2.66265668204093,2.984916059602605,2.8996025626832673,2.6096201022712986,3.2284683552040225
4876,3.1605531680837866,2.7099058424836766,2.6372356686894562,2.4658548705582692,3.437911866955465
4877,3.656057906167712,2.265460088930503,2.1830001269980523,2.2322734692273274,3.7439204733929285
4878,3.1068364775332986,3.4122249807564167,3.2682695904981602,3.3200429549506074,2.697197277316558
4879,3.4603830594705784,2.3727333491672353,2.8016663598508647,2.5507004624125647,3.7322753350111886
4880,3.6372768290583513,3.159954281042205,2.8696207549193553,3.4266263596569604,2.6675753696739477
4881,3.260233663952122,2.9858652322334738,2.982012859583779,2.991097550663053,3.1499830788077703
4882,1.4546040792460333,4.096335252339671,4.333996701962645,3.87584132808819,2.1524168973859528
4883,3.6347451848500527,2.7365997395229806,1.9637465451425467,2.2063441585632746,3.5229964897400254
4884,3.6489744820807215,2.745203398370526,3.5623282159784173,3.7639670770430946,2.998895180486279
4885,3.57503991982677,2.0842143048251964,1.9128989928989215,2.060110762917929,3.695635531594137
4886,2.5863460245502203,3.4642191662453734,3.173852536253707,3.2948354218650695,2.513755573174513
4887,2.7977075778700082,2.6757985313693293,3.2124947030813136,2.8826115061819153,3.445456883702335
4888,3.145029899143858,2.347503638815306,2.7807608582772225,2.3854146603093325,3.7144660904417552
4889,3.129309765356223,2.9393277853590587,2.765269237392727,2.889406861626373,3.062685359003776
4890,3.555031511481474,2.4996811012224645,2.210804601406017,2.6401067576310395,3.231039428886968
4891,3.2080144312618875,2.749747911633912,2.8299690356634075,2.751101765232774,3.3520755828323385
4892,2.862952631983693,2.5458352542822027,2.4816475925415196,2.6068474946381888,3.164948072658892
4893,4.1131479026317725,2.4615222639671153,4.2904524010938125,3.946039396599123,3.4310956116646008
4894,3.13920673492955,3.1025624114714074,2.6883694813412067,2.9171840652221377,2.779274657540824
4895,1.9688556968664892,3.5967631283385457,3.7140631273022424,2.9488509328535324,2.9349441240759657
4896,1.0,4.446249129999564,4.447999866933734,3.946178874293091,1.4794717149859564
4897,3.182581009709172,2.407649335152347,2.771010514075246,2.4750226634009094,3.6862012578434697
4898,3.1238900497135424,3.148738898974394,3.4908967034232794,3.2420680892145257,3.1721032542611662
4899,2.24331389688381,3.0096019137929315,2.7116575426438514,2.302290081065329,3.148943656022701
4900,2.8959527378988494,3.051910514809272,3.179740821411816,3.139433240119121,2.9500732686754954
4901,3.1745715925612044,2.600738626546749,3.0099237690232465,2.792809441603557,3.438275821974626
4902,2.923274009295658,2.9983656265810796,3.003542140041814,3.023870059374924,2.9855464516727883
4903,2.787683781347496,3.0581049796468402,3.3389584159256347,3.2399648320476038,2.9255912315096326
4904,2.5521499096148412,3.306452105801601,3.016742128521572,3.086431810248911,2.621121786902131
4905,4.403227694682652,3.1910814430930747,2.4982951707644396,3.3287360609157983,2.7099850147007007
4906,3.0583812137909656,2.8555249702114187,3.5416168907214396,3.366494218664164,3.1712164778083416
4907,3.0129655617476025,3.3419315992046426,3.2572757117253985,3.9674567659305104,2.225069464750751
4908,2.096644096647446,4.5693603833446526,4.148993538063473,4.171236600436871,1.8553407967350233
4909,2.0543580765433402,3.6259634477885063,3.940286423334821,3.7559294551026605,2.2373529356055624
4910,3.1236525444091994,2.4932247600082365,3.0975581424951013,2.8563572674909947,3.398156390202539
4911,2.7617839119131906,3.8180356564186755,3.067121019665231,3.7086905257501686,1.966054109240197
4912,2.7090477466942784,3.4001750006538654,2.940380825694473,3.004582729359901,2.690713161655572
4913,3.0525541411910826,2.5620313114374023,4.058454894366525,3.748908605332858,3.0615026325330152
4914,3.412982814093828,3.692577989189199,3.2158699052708344,3.909470271473369,2.1189101849493426
4915,3.979883967564394,2.1466209940088308,2.1303867431485215,2.1224424451160244,3.9029298315848497
4916,3.4874782735929797,2.625215589633461,2.745834184451195,2.784864609209377,3.3278027784080124
4917,3.2904423906952833,2.2487548837212517,2.510098973381343,2.273270946846357,3.845347618195191
4918,2.823121904705844,3.0696347975366143,3.0242377371010885,3.066158778121539,2.8311134529990656
4919,2.5991886198250325,2.5755078846815858,2.946173858703802,2.2085139091747314,3.837629009302026
4920,3.08940452970137,2.8128852631226606,2.428898634986146,2.61465773786073,3.1049359752697527
4921,1.579631327550006,3.8870235555790122,3.6941506596456724,2.960633020216124,2.519621252329845
4922,3.250192607389577,2.76016058480797,2.468106640194876,2.430207528030896,3.3113851267722523
4923,2.5743250395653954,3.1056746509853737,3.168397380459323,2.9586200233957314,2.9892280299965965
4924,3.583504429601388,2.8172353104211263,2.7844100794208115,2.9932990794799275,3.1941632233402037
4925,3.2742792175195845,2.4550924603479434,2.5443437427459883,2.657484853237935,3.3183368559216597
4926,3.609439554595538,3.1107006935945183,2.75988469600358,3.0697297087751,2.984873547095007
4927,3.549703372417799,2.603922716002645,2.8855540839114675,3.136744686025398,3.049138655382713
4928,2.254723354625426,3.7343586885473536,3.3622413715454975,3.038341673274482,2.625534630681193
4929,3.7448361026794323,2.7821701749792744,2.444537212546347,2.7208364906249716,3.242852882817289
4930,3.1780588424578267,2.8672857316056164,2.741276153916625,2.8473120146136934,3.0991803525408774
4931,3.203823008414549,2.0007524609883243,2.701697281914528,2.406231796747309,3.7775101394816737
4932,2.9795144599921053,2.741445239109332,2.550474395151088,2.4713844220689585,3.285463410256397
4933,3.2957508138605753,2.6622153119653316,2.5064879137957448,2.245750898818616,3.6024936704941686
4934,2.6839902028415743,3.0111634288909293,2.840664011796995,2.8771751887111687,2.8725878120233213
4935,3.205020019744165,2.4241132297444645,2.5142253102910175,2.4606930890547964,3.5379145497402544
4936,3.1757372185962094,2.7828491375808637,2.9229363820069043,2.898974284144439,3.2300418514212406
4937,2.072405437795839,3.9185572168088667,4.082343042799188,3.1227314567853575,2.8097928303070545
4938,3.1993247073005193,3.0729709871760855,2.7002486598397475,2.9633802777958165,2.924783526352469
4939,2.9858215763501637,3.201037091341377,2.840550343547163,3.0267626307503837,2.7449813062698647
4940,2.8468721563662243,3.1006479368274857,3.143107018270057,2.9558606280303006,3.0519628108221792
4941,2.093487549746304,4.314585723899111,4.367944152744547,4.238895113233389,2.1245086405579796
4942,3.801291890571342,2.6800089867204897,3.2938226691640557,3.606895650140736,3.045995532050145
4943,3.587502336603602,2.800062944725051,3.375557415601894,2.896462817477803,3.6382389340148733
4944,3.8443723785634005,2.6521597906981267,3.1021283848891232,3.554663842737119,3.029938615481648
4945,3.539072406514615,2.6491545978500306,2.6712189659740386,2.787115618325052,3.3958144510662036
4946,3.778956217946799,3.168253647993282,2.046848759983596,2.924434828779258,2.592425152412928
4947,2.9029894222927286,2.893600335981245,3.242949619095756,2.8858919678475883,3.2993180588336597
4948,3.0694193545102135,3.37962019725175,3.4603059501710134,3.5168930676982146,2.6481320085995534
4949,3.1670286994326426,2.43088521138295,2.676868512193621,2.373024112171187,3.696716261804664
4950,3.058853487571028,2.7619857956445473,3.1036682474871213,2.885919629754855,3.289408137557429
4951,2.0719451231169983,4.5041647372802425,3.710354765462733,3.760043579162843,1.719105111766363
4952,3.6642911883077383,3.45097126811195,2.7909689330458876,3.5152301853708736,2.3185527169111704
4953,3.344621962983309,2.530227560168905,1.8663477768513934,2.190757638273981,3.267177250155499
4954,2.6024832262154143,3.8410726534938537,3.2307569460310304,3.5697339111573356,1.9899425000642927
4955,3.0207939758118436,3.197116023382742,2.860231832782758,2.9217093890505414,2.8774362669054123
4956,3.4333253864447406,2.9219799729040896,3.794471162963112,3.8465088023769365,2.9633650174918893
4957,3.0044242730953767,3.0384179504670126,3.0130746279857834,3.0020789629492963,3.083707366818116
4958,3.8848898021839733,2.1308245013860025,2.5695844780430277,3.139992301741098,3.3248765501901536
4959,3.1259898299942703,3.3663703397756044,3.0504849920511745,2.9877855894555503,2.9635764741735087
4960,1.6474341128346024,4.128655628942585,3.528015476301309,2.9095291428730787,2.4924494170918905
4961,3.3530741404774167,2.499412391577848,2.530703670989193,2.4749226639128006,3.561563122792754
4962,2.5428766735232067,3.008283629570934,2.484810706275252,2.3610660208108705,3.090721076428836
4963,2.8231805765791753,3.2047932452240575,3.3305162248767664,3.2583570645652027,2.895799665387073
4964,2.8896655695819455,3.3215613450493073,3.119890997643787,3.3230896839975927,2.5777561058035547
4965,3.291848112446817,2.4383078944549865,2.4690560608057077,2.3260099277102095,3.7304762968323555
4966,2.615171020049374,4.873416637109521,4.39013237135869,4.302557679029278,1.8100141734441209
4967,3.96786042351168,2.240799187684977,2.9151095724913123,2.9941337661847043,3.735761473188695
4968,3.5423350268623417,2.4865195479887117,3.651775014918656,3.307240219461438,3.629076677766655
4969,3.066264782562433,2.8595129194772255,2.669781581662967,2.649590925092797,3.1732931333270837
4970,2.6940546219570036,3.0093126207216856,3.3869704834432057,3.3535541895935554,2.7522172973351453
4971,3.751441012019604,2.576304486425613,3.4639298448970863,3.679301675614051,3.202308035509109
4972,2.0591215116025148,2.2808511677682444,3.6115195017959447,2.1420133796708805,4.326903944505027
4973,2.8286389091988995,3.4537183572090657,3.8199405987676442,3.8294774570855816,2.2982247770097213
4974,1.6314258784650044,4.1800509507811965,1.942008067858331,2.3440300112219528,1.8509673450313013
4975,2.2355683425719373,3.858433160166368,4.021826830537692,3.6231036786245463,2.4746682947529615
4976,3.6080471382498414,2.2772033512355523,2.844438201582139,2.90552771462935,3.5529875628822016
4977,2.4350674433130557,2.624117482633694,2.746319020526701,2.329492175764144,3.5160557687724987
4978,2.930153352821597,3.165040028371074,3.0056014745523187,3.2269144344794807,2.723145466694561
4979,3.091932257735011,3.1584844247170456,3.1827459089745735,3.2555867822235793,2.8219705026198847
4980,2.8465526090945192,3.1081080813816877,4.120312301130738,3.806762315999646,2.759528791568878
4981,1.5286024352096295,4.345795617452373,3.730724589006997,3.779026030478165,1.611953825039685
4982,4.045936311495804,3.088655434218368,2.5415161708399827,3.2681283793205727,2.8821625320724724
4983,2.8032899790361805,3.1434283372270895,3.2663239934626667,2.7048207751836526,3.3811607149420246
4984,2.812423975265535,3.2057790203889445,3.4363150665663103,3.2254997369365217,2.9936474069206542
4985,2.999147249490059,2.7370230296652593,2.6759623523598934,2.4239824471603466,3.453504963628978
4986,2.0224405046886673,3.3715528358369578,2.879906206801363,2.556592537914481,2.9973100022470685
4987,3.4002505190279986,2.570409038465194,3.1191299359343643,2.577443490853361,3.8996163327185176
4988,2.389652624631599,3.787413501330244,3.546345617120783,3.892563410470373,1.95328420376711
4989,2.3921567708823344,3.0751120883762884,1.880683225346667,2.1073610551447843,2.8286970175389237
4990,3.051171083984757,3.1215782894260378,2.787579662617263,3.128661462134599,2.6751634244769193
4991,4.108491265513569,1.0,1.525470942427446,1.3790478859140072,4.744851023501921
4992,2.7356914980272267,3.1507793863498823,3.4275897525700114,3.3477718079189462,2.796893616511734
4993,3.7520639113056533,2.4031372511411693,2.903947630088682,2.638373064717326,3.8770327759149428
4994,4.480543247995552,2.7650317241845843,2.8791209486085725,3.7864962409023586,2.837579680243484
4995,2.882577843405304,3.1826055208933055,2.874191992899847,2.7607319786374913,3.2264910767918735
4996,2.9362303344852396,3.5124690198116975,3.5781492355621793,3.572483955371931,2.704083216517162
4997,2.5026614802979226,3.8511474792074125,3.501808367650052,3.544541075560606,2.219544393261569
4998,2.587540150946626,3.178094588569949,3.0351037105961716,2.9322014183013825,2.741868185114501
4999,3.167153751084816,3.0016017813189113,3.0166794180185477,3.002664786665164,3.092310694467315
5000,3.7430701544354292,2.139795383699148,2.416271519543955,2.191814123203328,4.108222677854233
5001,3.286918386229823,2.7622597410357157,2.677516321956135,3.027581896283258,2.9487751302977703
5002,2.93424700405228,2.781522124984597,2.348069862928082,2.4666949923664676,3.0752009511743603
5003,2.2584017752066186,3.0817076553355,3.7831272904140545,3.303394496460899,2.937483959873815
5004,4.19945857576097,1.4932448526825164,1.0,1.4945915087430024,4.056421444129734
5005,3.9085019906313336,2.0307666100100215,1.8505857680826063,1.9765927074017557,3.961597352850646
5006,3.4468592009355685,3.7492922172109218,3.5998884360704237,3.921696802090344,2.4382736760550494
5007,2.7375796104240804,3.1384825847408866,3.1985259278841385,3.101190085920175,2.8882036238958553
5008,2.3128162632144793,3.1270983632617146,2.5056727866279047,2.4150394899518184,2.8987595134567985
5009,3.354552985695223,3.027203420869339,2.580534883621935,2.996445013181893,2.859374670806775
5010,2.302837783495005,3.874552435786083,3.697395399626154,3.610187698902162,2.280986729591413
5011,3.5102528844057392,2.601765941178759,2.8523984890034226,3.187276490771211,3.045363869473753
5012,3.69849572317623,3.1417755842164743,4.362999660438702,3.8800075876107623,3.2227535561398857
5013,3.378291237464688,2.923964687794533,2.591778793553985,2.854559028855512,3.067288450047848
5014,2.9381246279382944,3.9734539768315003,3.1424916126531213,3.5907462477150114,2.131552795177565
5015,2.633185853949133,2.9962736174101763,3.097034791619746,2.985111819187131,2.9067330512351375
5016,2.9372876496307634,3.176004922923204,2.9540486295379913,3.2706127198498542,2.620056925770478
5017,2.4133149523467172,3.318851791801941,2.6633526626504307,2.8018513247402366,2.601915196643046
5018,3.951173716363863,2.5677891185921693,2.4023926861624716,2.6007023319485194,3.5934891544335548
5019,3.5870738004075835,1.6760529156442914,1.7715856769730816,1.6432020168075,4.090841369359511
5020,2.902131318707682,2.904091902255865,3.023274945656956,2.894822466710912,3.1401278625021907
5021,2.789196436841806,2.963683779019041,3.119525275015398,3.067706903759405,2.9360130363251264
5022,4.162904021022392,2.1071788867860124,2.3084971678267916,2.3833925829054645,3.8995444728344344
5023,2.273264178594451,2.914691413685143,2.983750823246961,2.4921116421444265,3.3789737787620377
5024,3.5305800529780202,2.7289652880076565,2.5262594374336027,2.8970680888696805,3.1085376961724447
5025,2.5992802927952567,3.04574874901819,4.2501751636813365,3.866667194160503,2.977148640311299
5026,3.845845153114414,3.033877537952713,2.6528669960501374,3.3357215621859204,2.748098635215613
5027,3.607484809325144,2.681849289802107,2.3590053142184852,2.5984429425692164,3.3345721392021836
5028,2.7716587388293306,3.5836492256701056,3.4996569175790304,3.757096113932221,2.2695531619365528
5029,3.1510403085337293,2.005372614715391,2.2196637179966427,1.9510274282248723,3.9638898948729926
5030,1.8877299974687363,2.9895763238933655,3.1125979533011976,3.2254672435435485,2.449632199947035
5031,3.3929760967193374,2.902174122919107,2.549019873206659,2.767047497873686,3.1610733369187267
5032,3.2486986425746123,3.2673873299647593,2.961514734542779,3.2944263634480553,2.7218330222083846
5033,3.3390715141736997,3.4688340983901265,3.9389882098408537,4.2205473051671225,2.338521432187902
5034,3.915396535581927,2.0985355599065176,3.0705419602991157,3.329251313756255,3.583709751232607
5035,2.037643540658399,4.984211813871947,4.052660318088814,3.7827622434738286,1.5831444838540383
5036,3.9853970078073857,2.148232813538075,2.4055736631829667,2.4487065374638335,3.9025863241297873
5037,1.8187675600475484,3.655749752842526,4.080370683677972,3.726690092726807,2.185643615570367
5038,3.068432310249441,2.9880452285330614,2.882381276946533,2.9090880334929143,2.9900645843966536
5039,3.1953861416336604,2.300819446843302,2.388408592179576,2.4077247968235373,3.511648655391214
5040,3.371399577767675,2.7303996378428144,2.737955262703091,2.8815093476281044,3.2421388240607145
5041,3.157804994852008,3.084384937969045,3.8046004863305023,3.1586201628718737,3.389145828246882
5042,3.30363768076831,2.8778916699968717,3.6737965576017286,3.706612614659715,2.9613798624975147
5043,3.868934174710491,2.6619329306602584,2.1841416590315097,2.724325731563718,3.12570725978926
5044,3.35195277066665,2.6468558733595438,2.728866602782158,2.78897614039499,3.2849838215277662
5045,2.046772398121378,3.8034940307676397,3.5726785631761624,3.7647937350167955,1.9128202103976824
5046,2.460657981381769,3.6938322520754827,2.8761586069001193,3.1039354376060797,2.3449368275065847
5047,4.200710696110481,1.8390062656995407,1.9322014130304177,1.901791202363095,4.146634750598232
5048,3.5367386704650006,3.2332140487442396,2.62548625424862,3.101617939321909,2.831170391843456
5049,2.9852757391289835,3.2995291176163453,3.387282077631835,3.921138695928419,2.190516711562916
5050,4.1254073333371375,2.9688210269575706,2.740476197630437,3.340662270386824,3.0079420831862906
5051,1.9358388483307394,3.7314231552237054,3.181002165428356,3.410069399964331,1.9551940178156297
5052,2.667694977612098,2.7399836651294946,2.328011424558313,2.3946851258926922,3.0962478886781355
5053,2.8896910921400467,3.381713245134497,3.1924183237311015,3.2568188906541673,2.663459235243042
5054,3.2355851582139405,2.829274310567148,3.079405370746474,3.142661683661234,3.0236728426013015
5055,2.422349260433542,2.4162921728869002,3.621941604501649,2.9209319159744513,3.7410302569912433
5056,2.404176718199204,3.422187226088844,3.654098391290723,3.434871411727607,2.6065117811224208
5057,4.40680940169599,1.9932043386187805,2.344900138291293,2.9657414145342584,3.5367257926162528
5058,3.2044640321030156,2.9285859954815345,2.7491135263181,3.0032428219064746,2.950572507254789
5059,3.339413919561774,2.8672691014437754,1.9265611490331778,2.378492210513701,2.969398592642804
5060,2.499651893024608,2.636804033848925,3.1138136022735696,2.7501301960008657,3.1861779607367686
5061,2.7114481369152656,3.1604650110244235,3.0088965780613655,2.960206809623274,2.8339616078534076
5062,4.0948505408373705,2.068983166589597,2.406810124711809,2.3630802964072233,4.07818800240737
5063,3.3567879627200328,3.1718666255445034,3.1833902539747365,3.3332506260743946,2.885347259480727
5064,2.687606757172803,3.91293210963414,3.271493364355773,3.7489608522083806,2.02107642958749
5065,3.0251921987774417,2.795991130154841,2.776732436240963,2.7407502633327487,3.2143600879464604
5066,2.886175611370825,3.199259623864575,2.5773610143924497,2.9765689966660616,2.606154834623112
5067,2.434182686502367,3.8110000684062384,3.1596359334276047,3.2543445698104345,2.3028351446463797
5068,3.04833382467713,3.58773916312822,3.677916742198483,3.497933897742906,2.825729165440403
5069,2.489763540177811,3.414286975840163,3.3628892374315074,1.9613292136837803,3.9091815795772815
5070,1.6433916765698073,4.144835328991803,4.033724582311967,2.967841174710627,2.5959517124215474
5071,2.8206550542163105,3.9591284237463285,5.0,4.62316199750209,2.4080874534682573
5072,2.8683625575188127,3.4099872093065855,3.1810087811631567,3.4628568322445767,2.4782911178277924
5073,2.60418986600613,3.2368456682634843,2.7962939259140764,2.8026101933829715,2.858059428663437
5074,2.074969329394031,4.157545864475037,4.930289428704384,4.744075203422118,1.6980058026238443
5075,1.4471341883326896,4.091170354549586,4.692106030223983,4.244330999305288,1.9537140455051698
5076,3.519354858986829,2.6777413852724274,2.9658561619348744,2.7000560416457082,3.554377100664049
5077,3.078036488106465,3.6904087487623136,3.8846977231003135,4.2819904173674805,2.093185714027691
5078,2.9906321206119073,2.9225576407414504,2.8205511356362107,2.9663964635272775,2.952877998073977
5079,3.7528950966226926,2.538828919078334,2.56269324478038,2.778431719140913,3.387323966834022
5080,2.9588791396860623,3.462259282523627,2.5852358149856345,2.8914440868056945,2.6400931191728882
5081,2.2703404982373097,4.197852645443933,3.7404649560528647,3.9154151141493676,1.8973312143056211
5082,2.4021398346356797,3.9084603274476457,3.6973167067686337,3.5650205192977875,2.2576744776458
5083,3.2271214605696334,2.7841678543429276,2.8682203446702004,2.833955322304583,3.2975226791000116
5084,2.682101754359246,3.8976640488839043,2.792016538461388,3.534411435419212,1.7754601887699644
5085,1.677385932021374,3.992957399169163,3.8946065055788477,3.441785509224581,2.5363190863324165
5086,3.4362140152381224,2.7200952211419143,2.598670597002851,2.866028334411668,3.1489560435383175
5087,3.0333474320859777,3.0597359781072853,3.454621413324136,3.658466398912828,2.668577513024926
5088,2.69768377996614,2.9086463086682186,2.594917109251085,2.3056754592640805,3.2268768718595036
5089,2.1214616885401187,3.6356817705803306,4.294540799336927,3.6090781315521223,2.6060769815427807
5090,3.5255426457660675,1.7728918358979857,1.5405512672515114,1.4432028268642931,4.479566879192241
5091,3.1224457227168045,2.8813491685294355,2.7302978997203438,2.6831857273073476,3.220841415099167
5092,4.798539674027863,1.0,1.0,1.0,5.0
5093,4.132791541066288,2.0640143663143222,2.868884219036018,2.7748910182000497,3.919831929344795
5094,4.636370814822126,1.0,1.0,1.0,4.993927333550011
5095,2.918897815273847,2.9529727275804514,3.0635800498928423,2.8941568712616004,3.1430634217934843
5096,2.5108289841224125,2.9129067930959485,3.207343049098232,2.7530207004568963,3.270024430744734
5097,3.3240122412490605,2.581514591860671,2.5227090688069858,2.424421816336582,3.4377695660866547
5098,2.088250547901274,4.050831815823162,3.2396325471972873,3.197843766460563,2.183821496621076
5099,1.5008608265169319,4.872125788797364,4.379723703887414,4.369585763615739,1.310554218746435
5100,3.664656438802591,1.8574898206622847,1.7553846993929123,1.8966826651216118,3.8203766588353285
5101,2.901658584108573,3.8280358025830923,3.6332451778293056,3.7468431887951574,2.3277592450781235
5102,1.6580613172030791,3.8213739973163086,4.855161421481561,4.6097260292541264,1.869098340916268
5103,3.5899467351975716,2.737642278363264,2.8092057807848203,2.9895369773525444,3.200087158993114
5104,2.7444368113107016,2.2563266732148675,2.2896576486666986,1.657691013397004,4.08806165268755
5105,2.1470264870370808,3.1518027450534296,3.340255750912052,2.822118763589952,3.050936126518188
5106,4.9701096694069165,1.0,1.908318684862578,2.0526386293994863,4.745777592387219
5107,3.497079843891175,2.15856475331427,2.901466386031382,2.4487554598212737,3.9722943949590017
5108,3.1240141928900904,3.4839080747352895,2.8395836458229167,3.380559246714764,2.3415929279497485
5109,2.4142178303708053,3.86882200363142,3.624351171434454,3.914237381786851,2.1005170912162185
5110,2.948960551154713,4.3357608727468,4.697903913206978,4.852069440868583,1.6177031767288128
5111,3.9696854132607458,1.821057223277249,1.4962778800671335,1.8717036282414024,3.890357673571309
5112,3.8625850777975472,2.934556323939825,3.27240189740825,3.495086383490594,3.1714733041070975
5113,2.9702283664927718,2.6910187747771808,2.7451855033713217,2.7443515013072326,3.1319403166204642
5114,3.653283956435397,2.9887296637428045,2.5844618818036946,3.2007660161288434,2.833195175112848
5115,3.3457243167943713,3.002633619958736,3.311108388339197,2.9979421821114665,3.4375288934919226
5116,2.329960210464221,3.7092258237905975,3.4173272234099246,3.321039976704582,2.4352185521971537
5117,1.9488537485450008,3.855445915163079,3.621758340693308,4.006705230287139,1.6979237055519893
5118,3.673370649831761,3.706065350783688,3.4841377404766756,3.9478198909971782,2.262268847665713
5119,2.306057035152565,3.0096519589941115,2.7918746607345173,2.4901735871252044,3.0615884860370435
5120,2.0379118862097965,2.86277825774186,3.685741158180006,3.0486326796028442,3.0896559767325207
5121,3.785211065507596,2.3040978668858028,3.2997462445960117,3.517543020475216,3.403603711066073
5122,3.3495551627721474,2.6141845283015654,2.7993542187512563,2.8687044934921575,3.2410914172599856
5123,2.5705078022052503,3.285626594735054,3.2841280595117985,3.243299388898397,2.6102397864268987
5124,1.984204728587869,3.3915573754383077,1.8298983204173063,1.8665491186588143,2.7568000842055977
5125,3.2692853351272886,2.614084072337237,2.778832467658808,2.748980835864724,3.356768135508549
5126,3.228074916636758,3.00039260215007,2.94385479146259,3.0728704590906255,2.9887843814185744
5127,2.6919881009599718,3.034951275226212,3.5216623098440416,3.248554276007787,2.8558328885764643
5128,4.3476045360147175,2.9486608162981445,3.287056492859777,4.076841587449081,2.6459536809761564
5129,3.06363263831838,2.905020978951949,2.8657362388644283,2.9794162662435113,3.003198897412156
5130,2.944309192638295,3.0823853759822537,3.1856011126896533,3.1919631037039693,2.837758488184756
5131,2.8414765047027455,3.292967665341454,3.250098278363821,2.9153229459182257,3.069600710272093
5132,3.769970113938907,2.3638094188864485,2.4156933297042578,2.6747931721393496,3.509949556001951
5133,3.0227277396782903,3.102070313205939,3.2040847373365198,3.141443241170723,3.032786913085058
5134,3.743575538702856,2.6359920294463612,2.815780631491915,2.8480018162786784,3.5061749479384026
5135,3.904416334271834,2.9582974449219126,2.5656236708623545,2.6023421551697794,3.445047139917993
5136,4.716824347017898,2.4448818642144454,3.404191775871767,3.7206859388187494,3.4307486050206273
5137,3.767598624751922,2.080419342522501,2.8552789212914496,2.3801641980925923,4.07661168029292
5138,2.577809191304934,3.0605267643726055,3.2382345080858674,2.9406275949400156,3.016144869183671
5139,3.085832326925457,2.9187240306898303,2.700681051307547,3.0431718140620347,2.932618769392216
5140,2.6186523190825834,2.0901230374636524,2.927258384263998,2.5161406802545603,3.705935955399481
5141,3.1270717537267836,2.6286038705058568,2.9453057807052097,2.7587371902317224,3.355271019089972
5142,3.2681230036676783,2.887277849566368,2.6166537726392676,2.771803534758196,3.137959323248983
5143,3.085624524434887,2.958402833349725,2.91670028467888,2.8243933814121256,3.1529573778960986
5144,4.345054967316879,2.137086727878411,1.4560033087589304,2.2062338751614154,3.553633137611528
5145,4.6278200713082915,1.0,1.0,1.0,5.0
5146,3.2108667449460957,2.0914342424410206,2.701292723154518,2.210649293562536,4.011272902601449
5147,1.9786971234865842,3.452308874907979,2.9677577370795363,2.812868250235898,2.5528529605946555
5148,4.455937516576023,2.8716631772507273,2.0853647425822226,2.867579918051769,3.1319946600209607
5149,3.4992307191849914,2.454450616495637,2.4424297920336664,2.8338373120959175,3.1948767195203875
5150,2.8347517496890644,2.799267280406435,2.4448385615086727,2.286773785509215,3.257552061100145
5151,3.007429079223839,2.8939266859245816,2.9421161677111405,2.859567819657058,3.128452781808395
5152,3.438228663814164,3.569416825066897,4.085874536450693,3.988393123264281,2.6902423002776072
5153,3.41018822435378,2.495104973805882,2.604495873742021,2.3051916336586684,3.794829026379186
5154,2.224229772632217,3.9336436424029544,3.546662219144491,3.5050805213461507,2.29973850203353
5155,2.933576413805751,3.4071456960305095,3.347673280266501,3.5408160628039735,2.4180269444067886
5156,3.4463714816463686,2.2696116252167284,2.511022081731033,2.7719900604154164,3.407749301996204
5157,2.635251017874278,3.489239635152569,3.400267660172217,3.4452068926324335,2.47107191711691
5158,3.9378290706458623,1.6053180297087135,2.962724878197607,2.6714748942124347,4.118075429990216
5159,2.8905702721354687,3.173952401408956,3.065655672116794,3.069262076705701,2.8741267501980587
5160,3.8139797994421842,1.7711638745196001,2.3579842803883047,2.0276702843850303,4.390059567517378
5161,3.214835933245874,2.6447612042218007,2.9060092574144134,2.7186111270551554,3.4374827972426276
5162,3.3337382838411638,1.7488791184216157,1.8441869255935115,1.2531168738235003,4.461598928961011
5163,2.510584657985877,2.715509414761572,3.0016748615715123,2.621840689917368,3.3785798178202384
5164,3.0195153833507193,3.04054172327832,3.106336877243767,2.8333936049282578,3.2227670313091665
5165,3.1239833951866713,3.7788829244613353,3.450928341818442,3.783085718715891,2.2967837761839474
5166,3.4263345526380027,3.4803952082883542,3.445586812077086,3.5158173596333357,2.7376521188941276
5167,1.3665473777741473,4.408427704071183,4.277598710425213,3.9713175841342494,1.8213780598299179
5168,3.319015195422553,2.8827114137289764,2.230786573218581,2.8622759085854104,2.776246024110833
5169,1.8841147935234486,3.5425579757816488,3.820587380027268,2.723237996252388,3.1945823891550837
5170,2.493715861406961,3.399284509961681,3.5411922397663163,3.519472410400261,2.592948086224307
5171,1.390542407907843,3.7319679682456055,2.7468642961656684,2.586592673908558,2.0850580183709964
5172,2.9699239103502104,3.022129385984327,2.6692072297357585,2.749756247960588,3.0298940345832652
5173,3.5742169222969227,2.0883194343109497,2.3834920656711396,2.4882691333125835,3.6099316385355427
5174,2.376116773605684,3.001748830108742,4.586180938169603,4.658058508386616,2.352912554282865
5175,2.9602900939669827,3.0224838140846333,3.5246833600691034,3.188283879819888,3.1514968943323085
5176,2.683933678783298,2.9657852445081696,3.1607189337217543,3.0471983093563644,2.979024157652362
5177,3.304208711400177,2.2450344755015097,3.053479573371097,2.724392120560162,3.705753223277231
5178,2.6461513491360384,3.773631884849115,3.69502995848888,3.2754257721189433,2.798735344973559
5179,2.882102696670199,3.071013232434862,2.9773418318410467,3.097794885656238,2.9043163925759496
5180,2.770617900625333,2.2731509452374543,2.6762661354554615,2.240417797269445,3.750454436280163
5181,3.6489017699896253,2.242428953894475,2.1483451955262343,2.293014687328069,3.656418509018813
5182,2.4543387761271753,2.8874704958277206,3.8543205401871,2.9490719894606348,3.607900318807684
5183,3.516701007096526,2.187030795063528,2.8858271961452084,2.9806861154336324,3.4655892036613163
5184,3.2401351912051686,3.145241711765558,2.9141440452115472,3.358532668319869,2.7786048618655705
5185,4.109664727052951,1.752115133669826,1.6955647777907321,2.058071549996583,3.982226978731825
5186,2.582541049919925,2.247610017403114,2.4766382305960173,1.6948308295629164,4.18532742192988
5187,3.761110592350506,2.503914727876226,4.127004709443942,3.7840352701274718,3.5268730099586794
5188,3.239208802326198,2.091245550708857,3.516295876242675,2.536461389857923,4.410095206715493
5189,2.4726641443196526,3.604160552446845,3.190163829236127,3.1549985711227833,2.6414800731992396
5190,2.077173345161412,3.3705091943139047,3.807845338661594,3.5262421553854266,2.4632219093310934
5191,3.9998228596856564,2.108744311982441,2.284453847494886,2.2274570170805186,4.016020349459032
5192,3.1257987647494385,2.6287162379231255,2.776421020997007,2.7356854183366224,3.348796849704783
5193,2.6644975089661074,3.4059558820624973,3.5654020498523797,3.2256963347377687,2.912996203057079
5194,3.082555710976337,2.401989455316639,1.9432464854625824,2.33491076279377,3.3275958379945094
5195,3.31149286027377,2.7395769599212403,2.2367902428911846,2.6369291086606967,3.0163125217463556
5196,2.707206597716491,2.869271717587842,3.50540937028606,3.4319685132595183,2.867189585242203
5197,2.261229833146369,4.036714339098314,3.884137595740227,4.017620028293838,2.0027914166952465
5198,3.0152703031874477,3.0000654963170432,2.573306673204471,2.7477724914811428,2.959933911964607
5199,2.866028497484474,2.869949381075456,2.9093029029218114,2.7741010392352656,3.150656539011561
5200,1.8215544170361477,3.7128978859686144,2.8298994253348186,3.089348891357665,2.0614741987134524
5201,2.111677670697672,3.4467795700817128,4.048126563864208,3.2503248880152804,3.1032356379069177
5202,4.034296023142051,3.192039936909577,3.8735744294118346,4.202276315557016,2.8870410623409275
5203,1.5276441280283781,4.0054373224068405,3.8378631947592536,3.2287019582587564,2.303611276117258
5204,3.149426254014994,3.190041423567531,3.547227930363078,3.4389666661017078,2.974743428849251
5205,1.0,4.1177455778955085,3.2920560496501277,2.6531857120922298,1.931699714976999
5206,3.8944216835190577,2.588923280840598,2.830505609198542,3.035762154549874,3.363884166675929
5207,2.6930438414958435,4.117824469441286,3.211870321107308,3.6241460407782173,1.9187303250616714
5208,3.76082868923538,2.917339963629507,2.4719663903600226,2.944935647727848,2.9351466473370205
5209,3.4564321275380054,2.475104702243704,2.1599774208142337,2.2605190949586813,3.4672251524824924
5210,5.0,2.347182124931334,1.0,2.2723853099219644,3.13764189520774
5211,3.0682116512560413,2.992739317190521,3.3789598681252557,3.4389398395112094,2.8334658742499643
5212,5.0,1.0,1.0,1.0,5.0
5213,2.9141162783770556,3.298935152850546,2.825476258068762,3.236201562898617,2.3613143151654405
5214,4.311709739207402,1.8409695504842316,2.1081590019247116,2.4355069570936783,3.824083777109426
5215,3.5132100901303938,1.4233940007504786,1.4956415827310061,1.0,5.0
5216,2.6218560661103014,3.093718820049905,2.9394930087882147,2.8265850258632748,3.0267203022382456
5217,3.755579900860438,2.100875840178981,2.2947716320925315,2.224833017502833,3.8868692802211946
5218,2.4675882020763185,3.4669929804942416,3.3841107640880437,3.2728361950462563,2.5854075081632977
5219,2.8478143419649227,3.006351668714854,3.4583007167937905,3.0706682778864733,3.1814637490798887
5220,3.851440412302086,1.6246231549667165,1.837348174865882,1.7590708101791899,4.1456926840337225
5221,3.0742320129359046,2.7318027597027172,2.857369673224555,2.9150186066179247,3.0810112219261794
5222,1.7762982916462218,4.880389759618693,4.701433427997407,5.0,1.0
5223,2.7821513723267604,2.6995955401512677,2.746032581624722,2.6423435941368787,3.065710618138552
5224,2.803283782713181,3.804424256254797,3.3572968085038735,3.5265766083275185,2.478243810179444
5225,2.787782719998057,2.7785981199760044,2.9789258331555035,2.665674573170192,3.262468623483588
5226,2.31471114054169,4.092120720079786,4.13967640930756,4.20799989507872,1.7653562104976086
5227,2.565710730984815,3.1170606430781915,3.6466045049482365,3.2810309844271566,2.9041889288590226
5228,2.8634370470317547,2.621836303845688,3.0752090233416243,2.974045850586226,3.305219557218089
5229,3.156249344123065,2.590073164628556,2.350815017333016,2.384325431996872,3.311316592502394
5230,2.8231069459916296,3.1526732238328177,3.370092152520785,3.3687908773856146,2.812391872239099
5231,5.0,1.0,1.0,1.0,5.0
5232,2.532861648805574,1.8398548845298484,2.208045041379943,1.3030642783481197,4.420363964874203
5233,2.879950299760382,3.1574015077107487,2.69590658936278,2.769190541081412,2.9729952938670574
5234,2.4598934366600202,3.5758795480491843,3.542606877429511,3.3178704462811868,2.6945912726427586
5235,2.8376750926851715,3.1329135726142567,2.933034025813344,3.064081400694842,2.791067212527353
5236,1.9898593850720891,4.239069564932995,4.86811354711429,4.438860213242238,1.8305483589990537
5237,3.622159154896168,1.6836449513135192,2.0206532531900505,2.1384103444317244,3.841490765140018
5238,2.8385152251494894,3.0438014756481646,2.8624914655464426,3.3845646622309844,2.4543833039673517
5239,1.611042368523045,3.9991477072048474,2.7742464032582315,2.868175585334268,1.919968339660436
5240,3.0302437493998213,3.244819409802758,3.344821731938674,3.47668442175883,2.671978994267932
5241,2.4584819654660093,3.8491368852045054,3.493462258245706,3.4278257731283928,2.3745390797993124
5242,2.489905293305461,3.448682872841148,3.369261467324937,3.2364865602119677,2.653639203394019
5243,3.593778354119151,2.1167396925252913,3.0338948219820883,3.161122794162697,3.57130696167446
5244,2.411684319609683,3.267234090395181,3.7547725519080317,3.964319220257047,2.2393856833963253
5245,2.612997136315698,3.620273036323999,3.979679478502004,3.8566826046960596,2.324321353366773
5246,2.9276123587813725,3.041862240525674,2.7351904422629314,2.8156152853336693,2.9863140944630038
5247,3.324113599943484,2.4742152548298524,2.9755091965771236,2.5777318906672804,3.7076277102652258
5248,2.8111599793594744,2.449476074002265,2.3354349746308922,1.9699525396985975,3.7946928172341163
5249,3.6882694481956326,2.609491132435146,2.8343340044901115,2.9101546402420118,3.3699478393520783
5250,3.0518050665588428,2.7835983033824916,2.995663099321024,3.0309290376843823,3.052620948415688
5251,3.036245886751534,2.9394423330405552,2.854528005954781,2.957936297117962,3.032822594393249
5252,3.0838887246076356,2.885032196031387,2.493847483064075,2.4781900484915607,3.3198954811455477
5253,2.697397027950932,3.7468863416142906,3.912774641755846,4.0994577689381035,2.1260016662212493
5254,3.3168833378896054,2.920073385410228,3.1344004934004284,3.1597764070993235,3.1038371487369134
5255,2.4926550127047555,3.3784664645761047,3.024104656872341,2.9928968091086134,2.7316194888606757
5256,3.2985505832104693,3.3257716666383716,2.642116831680022,3.1477803687158827,2.5040758117832174
5257,3.3559488195133107,3.987664996508485,4.01468312532319,4.3836937027533445,1.9308182496596629
5258,3.2332983107593734,2.4924129703761118,3.204127955908332,3.0113352683765733,3.403574179172312
5259,3.2669131472802144,2.0968635133186444,2.7810098797177427,2.4873884349986985,3.805473426747486
5260,3.289322471112084,3.229497608268265,2.3538258616561984,3.0484279937206287,2.4496616748448137
5261,2.2194030865360923,3.8787299425986363,4.233520643350402,4.040768710182851,2.080063910697259
5262,4.361555016420976,2.954668625005166,3.424664144921003,4.151466598821825,2.6870624762973128
5263,3.0558632338090117,3.4487351042246397,3.2745325324352157,3.496934696898157,2.535041933315595
5264,2.539255178889472,3.940737016208762,3.7932450847644414,4.094857407608577,1.8862334746521692
5265,3.3598856857822783,3.1065062729015613,2.7380497750216355,2.9422566293944428,2.929365993710135
5266,2.418830804857728,3.440265565085726,2.9678582152862707,2.846378540222166,2.6365320693306185
5267,3.2496756461834573,2.5292377847413734,2.536051827128274,2.365693016455497,3.593830026049744
5268,2.9647436581772997,3.3314746142678997,3.226430927776832,3.4668010089427,2.64083577118399
5269,2.4192821184724562,3.7523505280625398,3.7299364913596924,3.834973706530876,2.1630300495693895
5270,2.770883660866885,3.1050023713043906,3.0561767173902465,2.877429703985321,3.0495831407594354
5271,3.814602294998061,2.147475862772003,2.4351098081058886,2.2796792888984116,3.998007722017534
5272,1.6919424624032922,4.73249007783537,4.536053289105265,4.5932199807182155,1.3507218031326893
5273,2.635478077612427,2.8852870197303804,4.37416593619321,3.4806947292905432,3.5384038549660914
5274,4.580983481091307,2.3377682986134216,2.40522727239969,2.7239378785411925,3.683916191353833
5275,2.2562430679074437,3.234613542143238,3.374413628526022,3.017882290869302,2.9435226130163845
5276,3.118677610748282,3.512542636741603,3.224012542145838,3.5473516277167865,2.4606518618675253
5277,2.777486082249918,3.212484205424483,3.531170479506694,3.4929590022280355,2.712895639488008
5278,1.040129515939361,3.2096294755944608,4.5353945158187035,3.2916016317658325,3.06684466925745
5279,3.2532534369760637,2.86372649767888,2.76036364829591,2.7249173376534364,3.2711603033037986
5280,3.2938950355905914,3.2665637730644077,3.282019029169971,3.4851177389582597,2.75731937777568
5281,2.3293248289952158,4.1968530362268766,3.399889193025594,3.5285329230766203,2.125596691159612
5282,4.470636768354018,3.4748289340686584,2.4722305120413828,3.950154049328856,2.145924530045277
5283,2.835892491630116,3.0503458973447892,4.0188202117393566,3.7138886278374823,2.8964505275747348
5284,1.8683638212267486,3.603088880836151,4.278230387281317,3.5495644623376426,2.7353161713230536
5285,2.2428269087906894,3.551955692412129,1.7812551198257827,2.0155666457819708,2.4871578900571607
5286,3.0411480937348685,2.469795723164406,3.6932039273466133,3.129796692710261,3.6000651453472945
5287,2.829996003806931,3.3565223260099497,3.0618219226443975,3.3160818570695705,2.567145529540899
5288,3.019161229096361,2.8661581815492827,2.728154789292522,2.9036694958450755,3.005443703685338
5289,3.0376426996824417,2.7695176717960575,2.643265019568975,2.8070161348170033,3.0673116602922237
5290,1.5842425084092142,3.6212941282283846,3.3136185645724368,3.156667965175349,2.312742212631753
5291,3.148155067514623,2.2470509095252766,2.619777299034888,2.6753371632867355,3.4254513492089904
5292,4.37942671105951,1.2883776874064097,1.7031765359499877,1.5426185406700264,4.748960595954819
5293,2.896194787165165,2.3810135068447877,2.816476867857348,2.394916414142753,3.8775985512230844
5294,3.1564890146179416,2.779955735066128,3.591680095798445,3.364731978292326,3.1515319214393664
5295,2.5717902889966626,3.587330042775032,3.2518222134620283,3.589477285605859,2.2620281712380184
5296,3.6500846852014552,2.5060469867002455,2.8638542714015385,2.7297468270384977,3.4412805518446086
5297,2.969749290876058,2.813897194479642,3.000093249683418,2.7078035678176695,3.3641229961958636
5298,3.5152185903371507,2.4040912395399596,2.6913212829558346,2.668401289345517,3.5829650725738027
5299,3.0650522906820985,2.777305590387923,2.8532432300794146,2.7288490402415313,3.3658486437016304
5300,4.132622091439193,2.123604359338816,2.3447464519834296,2.4189931036236447,3.926583985390006
5301,3.0107898708311818,3.254697819944454,3.7302687275840274,3.596127501960842,2.747905966720229
5302,3.3009089291223583,3.0588460646310396,3.300655499724546,3.2874603597918544,2.9723368823395466
5303,2.587932682327952,4.527940071311188,4.769453048930045,4.872220083847406,1.6682543038722348
5304,2.852783728419242,3.7656767260261863,3.3844836489724326,3.658451564139624,2.267648659620641
5305,3.2591133133225823,3.2957137905045215,3.60768710237784,3.9227752244837526,2.605668536983799
5306,2.589873848512672,3.4381549128917444,3.5023680031337694,3.5942885042729733,2.4393498926650667
5307,2.58861042702072,3.838206330924807,3.5471641320125586,3.707502035019564,2.1744119763600853
5308,2.8946774819869074,2.9979739897297786,2.3328362434591483,2.3221184716486993,3.1900023071100776
5309,3.3652890656924406,2.931354977628298,2.467084286547716,2.9253537710935675,2.9077982062287226
5310,1.0,4.411368660857176,3.8792685619029528,3.1450359472487723,1.8214039071357038
5311,3.42143053697167,2.4869422556607774,2.266572847364805,2.4211173732278266,3.431983223959398
5312,2.603115395380842,3.2099395612708674,3.344917257161986,3.080668226719285,2.954209031665266
5313,3.2134766234820282,3.0203200522460536,3.036302079462462,3.238840241928455,2.894198633280482
5314,3.4823845201024834,2.4772801927178714,2.32968390918503,2.3392095348800295,3.5582003624467826
5315,2.942248643049798,3.0467950781740125,3.0084519206737212,3.0477855517201835,2.945900069767154
5316,2.7314264731606213,3.3658916218053605,3.348469348670519,3.4391272871727105,2.5926529280724626
5317,1.895653973415263,3.4170808940520074,1.77493481465025,1.8948815666610352,2.6481098613780287
5318,3.6461158910253264,2.102926049512815,2.277359076227332,2.1902581801245002,3.9041651356100906
5319,2.7906786241172545,2.6665692611481684,2.8687108036887707,2.750120074608335,3.1918035469939037
5320,2.413084281081089,3.050901877819898,3.5209151843426856,3.0190798201525713,3.082362859050949
5321,3.623420837486398,2.647496457981834,2.8274848279240032,2.75377552379215,3.5047330415108116
5322,2.492658539002494,3.7146377967275406,2.847701855088294,3.059893153292928,2.1664421739144624
5323,2.45028959198946,3.8406312755322123,3.3883767601677,3.8440262889557473,1.9469078459605704
5324,2.295870958197837,4.015508008131406,4.288316202154647,4.190411692880082,1.9414806052197338
5325,2.4922921853154776,3.036929067105163,3.2124854868524584,2.8643676852580873,3.070796225065025
5326,3.2797412549640144,2.4385505917633172,2.3657734456705235,2.3621918597098706,3.4390694830179163
5327,3.482345743990104,1.6756688646745086,1.9914031685787723,1.8596134078589526,4.177273689504301
5328,3.0337814832951904,2.426096400246232,2.4865648115578267,1.780801273761773,4.0830920226710115
5329,3.2752200512551273,2.59225961424388,1.9438638198664413,2.334398978928437,3.1864506349219246
5330,3.809165579690486,1.8885150934527317,2.1662343445377807,2.173590651437435,3.9551910770347964
5331,2.9424253191736325,2.402518521922513,2.120912412026165,2.1094469744131112,3.455595492963079
5332,2.878054221472254,3.084192890285442,3.1554485133428405,3.133347030950453,2.8932300372024913
5333,2.792922386216622,3.136615173354003,3.5488413438922057,3.2196551245333813,3.083650794949184
5334,3.446834813574112,2.637718515815405,2.8180213170022346,3.1483115066820346,3.071522137791744
5335,3.2179582849796153,2.893120435138509,2.7284258227769915,2.9387044944068657,3.005702836655302
5336,3.4695727003648447,2.962443219300227,2.409625436050548,2.6925965145919606,3.132008091746371
5337,2.4702328653146646,4.061027803589884,3.7523255978103682,3.76110208859982,2.137824885401595
5338,3.119692586683374,3.3461605660812532,2.858069983040801,3.2117006723189885,2.588434123907341
5339,2.6717734084393925,2.9457415980264403,3.2216937416274916,2.829578675057629,3.252852965831731
5340,2.5278232274733146,3.0748544233865394,3.4049336796531087,3.1712681948405077,2.9034043724128376
5341,2.7767005712183583,3.097702324815225,2.690307977839688,2.3923849973885285,3.2806081996991336
5342,4.166741447363451,2.1405609348990797,2.489701616846405,3.1565292439496,3.441544912125467
5343,3.3035835563822578,2.255804088245786,2.441862152422516,2.5843983529129777,3.5007531256692337
5344,3.321411244602859,4.650485309996636,4.174306241929253,4.861817155431161,1.670635649353734
5345,3.291773310851938,2.809218189445679,2.690659800975667,3.0973737998729924,2.9361598793110493
5346,3.1224178169425065,3.379087402775304,3.269430911286418,3.47101075950134,2.60432516789108
5347,3.7484739196643444,2.539301672300039,2.200781288682786,2.4523037046205114,3.4697459154310897
5348,2.7943545560834178,2.8165534013980382,2.7706994594129735,2.594509541044352,3.2199669381013623
5349,3.4224527312421187,2.741450045083781,2.987987170141564,2.992817536297785,3.233400018942582
5350,3.788679614889891,3.8622419860266,3.8102598552666302,4.39696738423281,2.2697957825541146
5351,3.2126829758382214,2.8875092555587343,2.424166992892423,2.595841278370064,3.1468885115805794
5352,3.4965609073900668,1.8694875141350107,2.8429056476958476,2.3196103060014748,4.19138160712922
5353,2.7294725117217276,2.8257169817453933,3.510832965203147,3.3666515163892985,2.928833699768702
5354,2.6328423279642856,3.286634373708889,2.246310912395589,2.5473286567985203,2.6033879548989867
5355,2.4597421961964914,2.2000766521559623,2.847503699683128,1.577485333540506,4.522068411859695
5356,3.8279527567045504,1.7736066157862656,1.368015077799666,1.4485262821302494,4.066527090577879
5357,3.136883028218432,3.4135738893131067,3.4428407037268696,3.6937308395764865,2.4277457524830517
5358,3.282917164823723,2.4480975864263157,2.6330709663291456,2.4174869579557905,3.6457419141726177
5359,3.6235249325310632,3.369997947888852,3.0166596584452874,3.3745503548261464,2.6406466605703187
5360,3.136257510601525,2.864866785559731,2.9649755785106797,2.8690517809216853,3.215814283656516
5361,3.033184408847809,3.6231545129565914,3.253319096360504,3.61110209141458,2.432761069176979
5362,3.1820834825853086,3.267810083314459,3.2230634868630537,3.2712092945116047,2.7801666639374667
5363,3.6586733409230248,2.55529097782405,2.420752563234037,2.602593824687074,3.426230565636915
5364,2.767694826884227,2.8237117013190463,2.40934629389018,2.5918891063556613,2.9604752307197915
5365,3.159071749678348,2.5636552755021955,2.850022134057288,2.5760690683325693,3.5410838886363627
5366,2.889638461727741,3.154769034914844,3.089927732079183,3.042678415400734,2.918837984874879
5367,3.210433092619601,2.5876295935274825,3.0111419429730724,2.841937134369849,3.460556319569335
5368,2.7049756218416046,3.024014643848842,2.6638116602404978,2.516573667256636,3.1090985787348884
5369,3.493248507098426,2.1168026552626307,2.820493720679138,2.6452921687425244,3.7339159393067103
5370,3.1966321143809404,4.413307935414078,3.2560927840999967,4.116656073591595,1.7193378966673
5371,3.4546382064659067,2.5946154530184184,2.8713139913935937,2.9419771737156175,3.3527654704779275
5372,2.378792408681485,3.189979012306044,3.4776057158175684,3.2394970951410342,2.7448885006622477
5373,2.870704134179216,3.4279821168148312,3.6666375117427155,3.8963931198875597,2.3083300267934774
5374,3.848763648333703,1.5902103952714641,2.686841277248486,2.0110281847464617,4.668130402729517
5375,3.445154961191088,2.9914153544436903,3.9305654244164465,4.145930683380387,2.6397312799421377
5376,2.995524495480415,2.911883871395479,3.5626755324163697,3.314830362295529,3.051667789970159
5377,2.338672056610155,3.407909917454191,3.9285332744934225,3.5308483955942824,2.736858394026607
5378,3.812476984978849,2.031667593587771,2.5655574198100495,2.636035429659566,3.854061195391651
5379,2.1219420971029734,3.828928112692318,4.113919059911964,4.0221913074546425,2.141977435775535
5380,1.5989416062612196,3.44661022392976,4.041364032202377,3.200913186079769,2.7642543153001498
5381,2.7138658874735992,2.3819144480411727,2.279898263606469,1.8661966195500768,3.7123254896780598
5382,3.300536649514604,2.4563467253181956,2.573435414771749,2.871015320313384,3.2239240759979264
5383,3.4389412171910125,2.3557830398540593,2.3388201265691126,2.2781739869492412,3.7279737514706865
5384,2.9429891803200654,3.0099403660889954,2.9169937351796995,2.9889601116747935,2.9890479987709813
5385,2.840975014755851,3.5784168765946527,3.2354431167332582,3.3769195886435392,2.544055667030445
5386,2.8162888413635563,2.7027345146801505,2.896930326109068,2.7560221759290013,3.078287615847785
5387,2.869918367389698,2.82184192931224,2.7601043870489517,2.6837088293842344,3.1456989626504597
5388,2.9348173325890192,2.8590005535414234,3.1496715420879426,3.020974890448721,3.1291735117955017
5389,3.4794681453722913,3.0705372781682723,3.170928163383001,3.6835916087439466,2.6166674977325695
5390,3.0391944170153917,2.900818105177805,3.3449274329328165,3.2725134340916955,3.1071123814014645
5391,3.4031846318295678,3.077832107341442,2.9922270649173153,2.9696225786547767,3.185795670516
5392,3.976554068536169,1.973161634787551,2.0139548219163235,2.4213128203459657,3.655262198026448
5393,3.762246852656765,2.5907021836413717,3.231858074052441,3.356978762115088,3.3905190592938363
5394,3.019855416699684,3.058055676999273,2.817221574572977,2.886352232230514,2.9633228953979898
5395,2.7514542650832725,3.6738468469494734,3.550585050211968,3.5270826567207587,2.3524206006671204
5396,1.5292902628795988,3.494332968436189,3.9028432109968936,3.0215224598397583,2.826963074337063
5397,2.656677911129232,3.075400411611799,3.407990851168618,3.038120860597969,2.985484721066613
5398,3.087846429868896,3.3433572150075634,3.621313017835103,3.717565626743067,2.58359678173277
5399,2.8687723475060527,3.2742926268564876,3.522139171008174,3.4138313152069215,2.8029545502158877
5400,3.2088529261238827,2.4252294346057255,3.189740809569676,3.0452228790263023,3.4497950488030042
5401,2.4118270645862006,3.9589542226401804,3.457157649494737,3.6208261940719737,2.1164042588889482
5402,3.9500471432784967,2.2353715460740995,2.44049392910248,2.546330169764858,3.6704068282580424
5403,1.2573148314062204,4.468760752079732,3.4164199810953026,3.74056196649817,1.3565686487920725
5404,2.6675783679989333,3.169654130504437,3.0618620253280007,3.018208204337204,2.8597740794672104
5405,2.659132754457815,3.3920624196566656,2.938800826549853,2.902170383647673,2.7862524527146153
5406,2.6687693753412356,2.8845224691744735,2.813656792475673,2.7050278200215043,3.100785297706683
5407,2.2833890594549007,3.03680534691598,3.5114005246945568,3.0221341772676036,3.0271316464019615
5408,2.099357758488559,3.7978462038741325,3.564788836060848,3.6238573327206884,2.145935698753092
5409,2.4754138071746934,3.371327076852307,4.216400125123409,3.8494991703134436,2.600547283295814
5410,2.4874698493844782,2.977733772871892,2.9784972846497957,2.686860423955039,3.1100007610686085
5411,1.174452047316369,3.8262216078898583,4.617773127534788,3.8373057236583668,2.2285181303479553
5412,4.059022945080665,2.885397786131612,3.464398374421943,3.832445114241163,2.9894875910133196
5413,3.8475055886069756,2.7592214123402075,2.9628296450089375,3.3843997922722413,3.029641043813142
5414,2.840822303189061,3.306063212060108,2.83937492171402,3.051319232915159,2.6693638664531982
5415,3.4022911371506637,2.051046941769438,1.9271619229314554,2.044671572718189,3.775716319679243
5416,2.243550842319557,3.5404525460241465,2.9879986298470307,3.403657550400226,2.0946641204324177
5417,1.671534923266772,4.179000346709348,4.140208985513455,3.6891532136120015,2.1494965198602265
5418,4.829706885509163,1.944033295590762,1.978098096525713,3.358970580784808,3.327439331792942
5419,3.016365789154031,2.6531895017491474,2.6558312713901007,2.37975787073122,3.5592391238265177
5420,2.4097478399626606,3.847256246642651,3.7666961879369523,3.807502153291606,2.0965325981537055
5421,2.4091165287910625,3.0058292659121038,4.007102057332875,3.055514809710897,3.4317848715434147
5422,3.4688222033504887,2.658108415604734,3.1788770874283907,3.044159753523731,3.4079774582440248
5423,3.2212465992923773,2.725006952984099,3.0167544929580217,3.1407939217126044,3.065256245645051
5424,3.2510190346569785,3.4674874278534027,3.1425753402356946,3.6457149645362077,2.340893508126024
5425,1.8763104977759455,3.930288488958353,2.7631332899041756,2.941363091189039,2.1043538963652084
5426,2.3565407491329124,3.285161914623686,3.244616165142308,2.9341441301696762,2.7867554589147323
5427,2.1538871308098244,3.958335733724824,3.275690656404314,3.431140053993815,2.0050977842431466
5428,2.7613777246935816,3.198740195389881,3.2742339802981184,3.010081304945195,3.0592448526772147
5429,4.066548045650278,2.4692859284640645,2.6224831049425745,3.235607205741256,3.23780573735392
5430,2.7233212470839225,3.1324605844701345,3.0344175008096834,3.012119307594109,2.9151009807975568
5431,3.42041769537174,2.30892582495951,2.8258694356510734,2.8081040515853357,3.602251696073513
5432,1.9022587509148037,3.7061744485827957,2.914595483643937,2.6327095535249807,2.533518911646822
5433,3.035451977852434,3.009023884753181,3.3746811515392405,3.337556956715699,2.9366429722787584
5434,2.0103949598244077,3.075969491199656,2.9336488898633504,2.6134553321397247,2.687392095165239
5435,2.3294040392866675,3.6970818631695455,3.03869107643056,2.889554404695515,2.586797216393077
5436,3.8813136088681164,1.9285281484727244,2.450542152735394,2.328454087856545,4.129430829656435
5437,4.034127906382331,2.4854128339511106,3.7347982662544235,3.6679420482880136,3.4991360737718553
5438,3.1931092434510187,2.796108663766428,4.384332876042782,4.36805669709287,2.7502458562182333
5439,3.2232559591024152,3.523683896041731,2.6585843742407738,3.253773440050319,2.380882648904948
5440,2.9048000127698597,3.1740084852595256,2.6315072130261044,2.5989567755360348,3.107397861413618
5441,2.7447852163705546,3.1918294300130086,3.48234962555583,3.2720635052387994,2.8149418187250355
5442,3.374730699779052,3.7129116519478917,3.572789062525409,4.097709762160192,2.159880816594238
5443,4.51615476895187,2.60757154471617,3.163652503376413,3.271042929417487,3.785846428753327
5444,2.7652417623583134,3.1686567310652523,3.074191223297965,3.1377815357648116,2.729381409581336
5445,2.39791576941135,3.8133227105578467,3.085059173225867,3.3312904020625536,2.1094466796995803
5446,2.035972847133574,3.286676155110035,3.216773419574051,2.7065408984747745,2.975051146019387
5447,2.6253280262055463,3.4086744875008725,3.224212371275812,3.2513626332073238,2.5189637630127715
5448,3.6561337713507296,2.334277135156484,2.2571988213189376,2.7068513845546436,3.2778163776119547
5449,2.985632150456564,2.7835061530625964,2.475508565353436,2.4758295347496833,3.079384525445062
5450,2.859444847241872,3.2482253086080672,3.258307730459206,2.927693319719174,3.026526453540126
5451,2.5316112926069665,3.660757500304062,2.5771316686305963,2.756805565157392,2.4520393941414844
5452,3.2050346669702208,2.480005312847303,2.6099311249274475,2.1708391558482623,3.8369583265723195
5453,3.0124079608252345,3.18232479156746,3.144205720165365,3.2870786930100744,2.7831209420153638
5454,3.432763364979628,2.5111915121520396,3.0681590270934107,2.972013080402507,3.403616712487246
5455,1.6889914456388015,3.8844044100513138,3.141800358316061,3.1018124357330183,2.080629497439743
5456,3.489599828188551,2.5060927278870193,2.7658438743284575,2.725362028124458,3.454690739353773
5457,2.588812078655617,3.2393043946054685,2.641155742476246,2.7251783433006285,2.7632262915063706
5458,4.133330789555224,3.03792673476537,3.267646157855511,3.785918301779999,2.864183798756063
5459,2.0476421052637557,3.325574572915032,2.9407594366108154,2.7723928585946,2.702735269977967
5460,3.464478965252598,2.6180072755653345,2.480354144471603,2.825934048480988,3.1398116442000332
5461,3.363118696345257,2.457793750611889,2.5640090397420474,2.59276112393097,3.4727545300615112
5462,3.3331670573000385,3.0441221776167144,3.4321642453056764,3.5004848936384487,2.8151164031658533
5463,2.819863971151933,3.2065846459221814,2.8069445913053555,3.038769300757311,2.7235555227887582
5464,2.951174411289007,2.5559093769544616,2.8371826401361098,2.58008703229321,3.604278209608571
5465,1.6599029065579973,4.475250442024898,3.7742320607330675,2.6291086495030176,2.6277226323346703
5466,3.1228752726755498,2.890898537987488,2.876402808989834,2.999548106762064,3.0265985766464207
5467,3.1996372242616054,3.2719881219626687,2.732374423267777,3.2092913915454377,2.563031997509132
5468,3.559956253223535,2.531826774614279,2.5764146563158064,2.947544312182092,3.214963311239184
5469,3.1382613210274464,2.641052392900337,2.7232559701719325,2.541403039521871,3.4654824741355004
5470,1.6301222215288231,4.590560011631335,4.531653069469472,4.312619717188133,1.6289238880026446
5471,3.311206829473148,3.1528684789258907,4.974700007884479,4.0104650740279295,3.3920326293777743
5472,3.5735213416910776,2.7500877444192473,2.3695579162225657,2.746432205237123,3.0274143267524356
5473,1.0,4.204004535370769,1.9168742393177673,1.8397900789761803,1.877775935640212
5474,3.387152373586829,2.6712571667978815,3.413438114593947,2.6624306132396747,3.8119700153280336
5475,2.218133520586598,2.866162506759074,3.294155821034207,2.6555180115193684,3.29034576594973
5476,3.136711328977928,3.0082754972922325,2.578649084942189,2.947559023037205,2.9276847635442307
5477,2.475971757594343,3.5907079350902915,3.4942320737854544,3.259804492258898,2.6906935968891053
5478,3.661942844970123,2.1073650068365968,1.9918541876778992,2.044961168428117,3.7997699461823027
5479,1.9983767965982522,3.8048697039922295,4.650927026205231,4.080465680640866,2.487328039074228
5480,3.0099717609992624,2.707080769066839,2.692620793388406,2.7370405343933992,3.1494284405704343
5481,2.335328719037515,3.259070820429599,2.6955966754411094,2.4696888969716397,2.9343162035967163
5482,4.247965063270151,3.072052839474987,3.204061578182391,4.122026430444338,2.4907109201463875
5483,3.3018721280845393,3.49322137474116,3.5082186462992295,3.6313186324513858,2.6040765644108803
5484,3.6930775926887227,2.5994211203001463,2.793417084162556,3.048090198717429,3.384442028542871
5485,3.6976362647035925,1.5678179510166943,2.2311476431153987,3.185333364321893,3.150096197423119
5486,4.123273577384495,1.630241940603366,1.4404936251503235,1.8450877422314715,4.027523804464298
5487,2.615048163368518,3.377896354989201,2.9961974287227955,3.1811418371459084,2.4984494906406427
5488,2.9540078445827644,2.4641236092042664,3.0009773140798366,2.509400370884526,3.6880360088569106
5489,2.4325850728357583,3.49603102237476,4.0345146418078945,4.0194657661973,2.272657287663224
5490,3.081217583198572,3.4995927045196615,3.4309239547467874,3.590044124670851,2.512383465544658
5491,2.6480303204409905,2.946786018717838,3.172203353021696,2.8937807380293536,3.026383695445314
5492,2.939983079757271,3.116843965677643,2.966875449054096,2.9808782592325156,2.9811123510254203
5493,3.149114758971513,3.3400368967994294,2.598168597390951,2.9580769157065254,2.7713003604080106
5494,3.619969295398426,2.653635707005527,2.2004470184859732,2.5621883411633757,3.321295058680068
5495,1.4916400882952996,3.0299817321697096,3.159731771532016,2.463080368505235,2.8942580194739973
5496,3.6693153552759634,2.6540803687681067,3.971228998458085,3.726756110843907,3.373859460129833
5497,2.55652661457009,3.380019332987706,3.8784208422945445,3.729968018118294,2.516855514421783
5498,3.2420214738073065,3.0786643783573457,2.2721203582668004,2.494622673777263,3.0966673345561255
5499,2.8414032757118406,3.4544901925549296,3.0327739384532575,3.3252754143562098,2.4833750640105805
5500,2.6573817680313296,3.4373414180500497,3.569690492916977,3.765755927211606,2.2348535192630212
5501,2.99259660908383,3.403223516558011,3.255270977529893,3.896784564913039,2.0295782963178945
5502,3.838147452044039,2.323355570165455,1.9202498298309434,2.127937030660685,3.6926157548563805
5503,2.4154275975540056,2.797926510319501,2.9106982458212327,2.259065314298648,3.517397861342765
5504,3.629193008891545,2.149565830609028,2.2334651180429823,1.943398550689291,4.162258118251094
5505,3.8627299541358306,2.1005043708341615,2.53107179336738,2.146327992929147,4.262228576259693
5506,2.5859213756351442,2.6968971863424938,2.328574813907706,2.4370183922529645,3.003189797848522
5507,2.1313601358554477,2.5884224229712616,2.7288733286716815,2.269577377153993,3.2323872580097426
5508,2.900421457444478,2.9371025414608476,2.833396608332822,2.607118198000926,3.2643801736090072
5509,2.2779972961555437,3.2809081400896325,3.244202317100188,3.216142411713898,2.526957602222951
5510,2.9972764198340047,3.1019660888661,3.1822428994826897,3.5247128653866233,2.6355300307041043
5511,3.9040537831733815,1.9901226259035139,3.6296196500628373,3.3192355664349313,3.820173344686176
5512,2.9937740147553584,2.717658001842912,2.8492586914309146,2.558580245263994,3.4015281326564324
5513,3.180436617243241,5.0,4.942921351163577,5.0,1.137432303176159
5514,3.5704873287496794,1.8347657001687092,1.4273877865345825,1.2740910842514037,4.254283947905024
5515,3.1950671227268397,2.570203551388551,2.6796003162526993,2.6301473195163956,3.368116255994077
5516,2.6198817923138145,3.2732195969127313,3.046971024010986,3.0227968052950125,2.759174354490643
5517,4.091513480022869,2.6180404426078376,2.2451161159617374,2.6736487886555684,3.305531950751349
5518,3.136413914108101,2.7137062118710937,2.3747185333028713,2.584714842678621,3.1157600069063722
5519,3.922903374646908,1.726398749950154,2.172571830861923,1.8036491786514464,4.411632233940237
5520,2.358743542228303,3.635573976386334,3.9071582661361597,3.89781846500739,2.2086882328546835
5521,3.821278187042493,2.9067818634387703,2.580240946133804,3.1200462818788988,2.9648976988119276
5522,3.2813895048066546,2.588170487064985,3.1893777958620735,3.0545263505988665,3.3840269563577374
5523,2.985546303034763,3.348363050021004,2.963413935639449,2.951952414365406,2.8680137999661284
5524,1.971968673959577,3.311473449995904,2.2611300446739055,2.1124268116529956,2.839548282506531
5525,2.8743036399417132,3.5438621472725402,3.372943900994816,3.4032229228950373,2.6413456681568546
5526,2.7996783029386907,3.484531676308722,3.6943629542644425,3.5055537760680706,2.7708559117690075
5527,2.576878600916684,3.395787936084237,3.323929469943356,3.0571972008701493,2.873058500960065
5528,1.8689328416592104,3.391639146937613,3.8957439058355554,3.251435806976305,2.940072694811666
5529,1.7770462404195568,5.0,4.8570191193552965,5.0,1.0
5530,3.9779116466245794,1.8338177313347312,2.279470882410859,2.2561311615023714,4.112785810909569
5531,2.0138201477387834,3.1580080882124313,3.5644314588760646,2.8988642533906677,2.9392330868764995
5532,2.605857011034998,3.178434765927019,3.300039571740452,2.979283500707031,3.0530130784747223
5533,2.749926515456129,3.1045636369538,3.376723314712306,3.1863043452444413,2.8637639333235714
5534,3.088599076419694,2.885931496897266,2.545452437363716,2.5328703875955525,3.1426119071456156
5535,4.064615303149082,2.0916701536663362,1.5882995688552461,1.488191190630526,4.512938507720381
5536,2.459136856736678,3.531221371557921,3.2954491894749927,3.1819324867305574,2.7098046299419862
5537,3.454440676645092,2.1780728450380646,2.44611857060232,2.3751776506559654,3.6118570865669613
5538,2.807386990661746,3.0506306020115197,2.8463854905286516,2.8169933455886604,2.9733851745498954
5539,2.4464181726556053,3.5943099138176238,3.6639033446153233,3.4714449689901183,2.4946319300219
5540,2.606975078547661,3.32260499717541,3.4006338057582726,3.2324272406534202,2.864241150396915
5541,2.4558975168785886,3.984635579209119,3.9158294964879925,4.044086560902662,2.059485454706021
5542,3.829185755769002,3.2106861834802514,3.693059808172306,4.069955071638092,2.845465055345153
5543,3.3223264111806525,3.00980556536261,3.5332393231927597,3.5041522778892173,2.9504994131978934
5544,2.7459997680287604,3.4394934817309153,3.2795272230713977,3.2164958622290714,2.720877762703845
5545,2.8684934376847604,3.5574514755029516,3.120499627171203,3.3634345892443225,2.533986927804047
5546,1.9839730869096033,4.3376410017362925,3.111331001419615,3.3594305422324435,1.7233335938534464
5547,1.5784875034459809,3.3148341859667623,3.087056045413783,2.66652885261187,2.7037799745378774
5548,3.0972191412525465,3.503754932176787,2.945217437646869,3.439024197216985,2.3197333640418782
5549,2.780216308984368,3.5703113232524304,3.1619966597439357,3.41347761909583,2.4058844071924343
5550,1.642393287685775,4.374986601118568,4.607741568105408,4.473358788226651,1.6785781114086038
5551,2.5196852237053764,2.8324025575326783,2.7578249344344603,2.499273904846131,3.151327367328626
5552,2.9890287897595527,2.2098451732521918,2.0371838337484305,1.9986115869886012,3.6767691891101144
5553,2.4965640320174907,3.3011449890486535,3.8773369757615397,3.5604071021591865,2.7081968798450413
5554,2.955636970906276,2.864606427011596,2.9167887697291652,2.7903165450439325,3.2220637412426494
5555,3.3229151604937712,2.514933668454655,2.634867333451414,2.620496933602033,3.4711760554364566
5556,3.1213402698577895,2.896150699177827,3.2368761794984424,3.138957869602138,3.1717927866417455
5557,3.3830102719115933,2.5398103370286496,2.5714670722540762,2.429730051087616,3.599270589174512
5558,3.2422948356435133,2.7129432722238214,2.6464268836837004,2.596681828947097,3.375622048637922
5559,3.4922804769228026,2.561370211751691,2.3908131798820182,2.4300756640762264,3.553572689448792
5560,2.656851372026105,3.3737146052322027,3.1659518849698074,3.282976229601826,2.6122657428257874
5561,3.2525442885896574,3.0734704909845867,2.9267761850690945,2.9403832149968254,3.128019831057098
5562,2.395043566750243,2.5790193473412444,4.377142967722374,3.5027878615724495,3.436406355399069
5563,2.521993302650688,2.7027938919433225,2.334005193449878,1.7815195598844977,3.651717869223525
5564,2.943683067151702,3.632403133207307,3.4369019366897002,3.7660667198906306,2.274311104937729
5565,2.982221615100995,3.436965722074421,3.1814266613578104,3.3505788345643808,2.588197295147153
5566,3.39429379845613,3.9998961560254855,2.573739331255616,3.58631878800714,2.0789338958121113
5567,2.909085861798852,3.4424265010197415,3.0820294540802817,3.2143076986215555,2.5758422318121243
5568,2.963320119271247,3.2598127784180595,3.052758080555214,3.281822827580525,2.671409995385531
5569,4.0798767489305,1.7474869350085227,1.9327669902496272,2.093006106345294,3.9857354073220623
5570,3.4344418878036937,3.0208026316979226,2.3809059258614456,2.7193026954352355,2.9422061319953787
5571,3.197114605389298,2.390051451467625,2.5426460603701697,1.5011232361726008,4.453299313623499
5572,3.6148536013055734,1.4345731147703011,1.0,1.0,4.779071743297491
5573,2.9597067003905186,2.96422708662865,3.0243776512324985,3.0526671101478935,2.9331425380358387
5574,2.3151849228337884,3.770627676541837,3.9117720148865045,3.5811426509808078,2.515788995270433
5575,3.2482373272880487,3.0525368559898505,2.9553008198682886,3.401945293416397,2.654864381214831
5576,2.2580634928916528,3.3345556986276197,3.6873673544302186,3.2691695687660633,2.7218499907635056
5577,2.5797519309985315,2.7075850370425143,2.9918960591064567,2.510166169300258,3.4568392194037028
5578,2.8849354217906917,3.376400683015129,2.9104930103159226,2.9652164557585885,2.859308148358355
5579,2.9853934159155995,3.009815316931876,2.6342160182152705,2.7862427764785105,2.9502605269969795
5580,2.925575690627182,4.041128507882474,4.323266894003546,4.263713669830901,2.0124108156355875
5581,3.022274242702426,3.326021581281724,2.525711638202123,3.174271333822776,2.324062622076214
5582,3.8947445362935285,2.3765264634435033,2.6436733590896004,2.5276197461116157,3.7412903746670216
5583,3.4796498809538097,3.6328185049930664,2.723495356240045,3.8358476830188257,1.953529451683227
5584,2.5137286872931948,3.146299097940337,3.4996863941333833,3.245159918327249,2.799063758122762
5585,3.423261722551695,2.23456629603465,2.2325646253296747,2.14168463246415,3.7373538640871535
5586,2.672249642095312,3.543325308124411,2.9478702635749903,3.4057259366004278,2.2566200726539862
5587,3.6969266064999275,1.7463056605867593,1.6662884239237012,1.6174579631034705,4.1684863095405
5588,3.9622085749797726,2.0598977266775265,3.1195434960773665,2.801107306985619,4.140572407853914
5589,3.111845803927975,2.0319843071624795,2.647432272785169,2.70987728916316,3.3108544553582813
5590,2.732664192048048,3.1666994379527087,3.4278011699339594,3.4283707894674933,2.811208658168289
5591,3.420574035144265,2.3307495314138196,1.9573519700084436,1.607013923161027,4.060001378059234
5592,2.507903851991649,3.817418534351989,3.847104182686616,3.5544615892796942,2.5550034631129384
5593,1.9555919042776593,4.370237407429178,4.475443059584521,4.197761878816108,1.8400938190961131
5594,3.568117537804186,2.7681185990267334,3.032755026868895,3.080858583387407,3.241671374700279
5595,3.4535713993015307,2.794645386997766,2.6856744301020243,2.765951708242098,3.2904073196863597
5596,2.5596871228072224,3.8719999938775285,3.9670551805384253,3.8336071871939486,2.288786254483308
5597,3.245013659101702,2.9720137134223648,2.488634669949861,2.8089076704234914,2.9332837458859493
5598,1.972084480729303,3.7166084075046775,4.114685183703597,3.1329500523450315,2.860831832899131
5599,3.5006717756094634,2.5366805990712344,2.7697834451457646,2.570500516474846,3.66672907255076
5600,3.6070888337405798,2.1814121749062148,2.5753862040956395,2.266399052391223,4.026201364343286
5601,2.913775675714235,2.989310954941922,3.5227533521690417,3.4404882946255535,2.924325116255334
5602,2.783671967518927,2.674622143041617,3.1871700051816254,2.5825378490709365,3.5893449339857044
5603,3.147948977146901,2.9956385014919844,2.8809425794396635,3.1335021027258336,2.738531809935917
5604,4.239130094390659,2.936663037343081,3.04034830287125,3.994888438478572,2.5936377787168423
5605,4.683331849862399,1.3665727259465752,1.0,1.0,4.760112980989347
5606,3.14917125289146,3.1213577540547126,3.0164888690366793,2.9571718708367296,3.1069306549385263
5607,3.3621719954591525,2.3675696116068314,2.2244914282322306,2.380863410846204,3.4947893613593153
5608,3.0888779030606024,2.897092703199596,2.5155446139675726,2.657052081347759,3.080142794855479
5609,3.6985628678470674,2.23564307950618,2.8018728207820436,2.60869222572895,3.9216956858128276
5610,3.0230628517329894,3.904150809224319,3.727003203511925,4.625442543135871,1.546677520467223
5611,3.006418235710241,2.960074296952094,3.1789056936549884,2.974566451288685,3.0475735121016654
5612,2.9901020264127696,2.6509136901345918,3.02730509679084,2.9722312483028945,3.1949545880865955
5613,4.215524458450451,1.4181924810408824,1.432148535570994,1.842398719888022,4.096837339663886
5614,2.408347486758453,3.2629557662070825,2.8059417770875204,2.7540464021033175,2.7183293908468893
5615,3.5553053552774045,2.0885940385036244,2.183159247255739,2.26848529229473,3.7666131131733858
5616,1.4345717653964134,3.656266385776542,2.4118409191852006,2.43285594455603,2.209752832160978
5617,3.590042364920837,2.671439090879458,2.9689345211327,2.7750945042516477,3.5223941576684483
5618,3.96714774665967,2.065494583583781,1.0,1.1383799145706048,3.950116305605671
5619,2.5171936311398504,3.6791001982069007,3.417061273003264,3.3988848361607493,2.4993622887129763
5620,2.9046341168800742,3.2282200348327335,3.2480756410625102,3.0413819705152902,2.975810883409304
5621,3.0692470092047164,2.448788663523602,2.5267984496720657,2.1109218687642937,3.8685394882904713
5622,2.292672869767765,3.7695985705533874,3.640058119895418,3.8026497845383025,2.1482330582132305
5623,5.0,1.0,1.0,1.0,5.0
5624,1.6809317028101853,3.6115315564146155,2.9998504438715816,2.9719405508420844,2.2929389172829273
5625,2.8129003755698663,2.9789801439412162,3.376971665611007,3.3076170022689597,2.9024527597277734
5626,3.192389785348899,3.0215197113434806,2.893014844865714,2.9886337841496746,3.0724681627066484
5627,2.9268714712657338,2.7005938107387664,2.5740220879488156,2.7405140029020414,2.9017851152701066
5628,3.6867292476121087,2.37523749917417,3.3178380947084074,3.018554206011841,3.5732100348520817
5629,3.0240860747358025,2.9781975973225183,3.0605261510038155,3.1034749485710393,3.0078923688203125
5630,2.7596700295666525,2.959889780395759,2.6487368163427005,2.2589434035527556,3.3206562939701865
5631,1.812281872458896,5.0,3.658146786484524,4.0636485239675135,1.1843061062473024
5632,3.292570963613037,2.508439710517208,2.843240622203305,2.8475640928364623,3.3081365574865935
5633,2.560427130335174,2.729022898598542,3.8852643775955813,3.5957584134548934,2.9205845407077073
5634,2.4101333891996575,3.5370209798118353,4.1088088416966375,4.300752786741605,2.040590892958421
5635,2.6954815080025,3.8403633909176373,3.056797083057781,3.5039930603381517,2.1867907118203727
5636,3.531103060807205,4.085626446589322,4.754981010248239,5.0,1.7477832953638264
5637,2.847774726147037,2.715979967006275,3.072736814567439,2.8681776973608115,3.1779857102494056
5638,3.3932068961644606,2.5328621191676484,2.1379102403591728,2.5738187617798394,3.167139711785446
5639,3.828537995624219,2.5682293339836098,3.0019617060057624,3.170116068488764,3.3501093390291055
5640,2.402943990217464,3.890190487153451,3.1871736743381187,3.5601863300745746,2.004998969313224
5641,3.4819714658415983,2.871090069028334,2.5787985279328853,3.031202398736482,2.932558779177079
5642,3.096113821292011,3.1533708785047345,3.7432642588339458,3.577629903043343,2.9245164498313287
5643,3.378893413885798,3.087810518341407,2.6557404797675996,3.081167359212734,2.8385994616295465
5644,2.9426850298599385,3.642564328938854,3.6980725833087162,3.7549234731199137,2.4795588715758052
5645,3.4080946012638353,2.189841491924602,2.585864265405708,2.588771603461777,3.6360732611955213
5646,3.205533786288026,2.4032807562367045,3.288041853882888,2.8886481211729236,3.668247410508124
5647,3.332485782483299,2.1264582783045234,2.552384380282181,2.51881381044125,3.5445848160353215
5648,1.9828544748064736,3.757103847678809,4.212566943510576,3.741233523260576,2.3974899519224677
5649,3.1891931243356764,2.392053577808918,2.649352932088251,2.3947101217746014,3.6407412083033286
5650,2.6478824717082885,3.625696286062788,3.737854068272998,3.6511201929210975,2.492633360106182
5651,4.390344986039433,1.7848028362241293,2.0242274828362703,2.109349342377595,4.215219205734062
5652,3.3453157852662936,3.215033837656157,3.1135362843252823,3.1473216863289433,2.921982148180867
5653,2.934424863452684,2.7015464760200194,2.5703384727134866,2.7020677350485323,3.233279386356333
5654,3.171751829594658,2.258403270210026,2.7691230241318285,2.385447911938393,3.7075578360182133
5655,4.888644116600609,2.485944311730516,2.626526188780122,3.4319040197733917,3.1878483032273306
5656,2.403242831183122,3.463453435116018,3.0361797439346354,3.1931562983950963,2.431444298510222
5657,2.0207710676665513,4.3568375485255455,3.2200077610997515,3.5994179902026024,1.547900454285486
5658,2.483796135644775,3.4288952467212193,3.5636722782739234,3.5590601906854222,2.3835219544989728
5659,3.743139565966,2.4041568606790253,2.462866991404101,2.6784321700901983,3.4639479245550895
5660,2.445294303337765,4.251460551843561,4.829909485488473,4.757088428057347,1.8829460825205158
5661,2.973186241525239,2.1686171586034377,3.19996787043527,2.123592024866008,4.438815891628462
5662,3.068779554357187,2.9474708180291542,2.8709368593376654,2.944569865850654,3.0322516691460444
5663,2.8685066107056216,2.7301171821343426,3.122371287317217,2.843519585178616,3.23355037697739
5664,2.8814622329817086,3.641117624511497,3.4423366120043117,3.979164507181647,2.01967796691903
5665,4.352798507682497,1.2350054202418712,1.056305947727015,1.1657498879725028,4.619902165468563
5666,2.895333542702595,3.2323658004256495,3.45159519741628,3.4430865314069155,2.7503525609223
5667,2.7085199606668,3.5887275349797827,3.157260189782668,3.1977423655882045,2.572876698258637
5668,3.858344001565488,2.388529473631068,2.4367280113973027,2.866404613412923,3.344554503103335
5669,3.145176381435544,3.0079950549520573,3.4595771479405526,3.4484388940058563,2.949250447089694
5670,3.5535235221808827,2.640403820056628,2.4914163417660973,3.0508613526837967,3.009937838490427
5671,3.985058360555403,2.2573209702250927,3.018599205051973,2.5469035408872194,4.104001954021182
5672,3.688518978838717,2.7657805481966506,2.6954884403251484,3.4664751013193986,2.6882132723198566
5673,2.9214511138106776,2.8005005252647663,2.9803226208544285,2.7132746040234026,3.211178376630735
5674,4.442963012123435,2.1555133140721874,1.1515292396085008,1.7402337987649024,4.007345439209917
5675,4.271208261951482,2.5013016853968506,2.6409385528895055,3.099279656721069,3.4356726785069958
5676,3.2914961168563237,2.847919393597167,2.4550026233245523,2.820337708442915,2.9544418122588216
5677,1.2514405689780979,3.822667156136814,4.199806679649307,3.3577520218125088,2.543678096010665
5678,2.43430554711054,2.8307842203287072,3.5490618694574203,2.782280795583882,3.480164614009202
5679,2.4499288243729183,3.026449866261729,2.3502926495992194,2.558791549485544,2.7390325695102873
5680,3.4528443287252406,2.090813179395801,2.099022658320254,1.8018349793185409,4.003526980689517
5681,2.5310594908478072,3.180968951828205,3.1981249959177376,3.144709000084211,2.7368598521610545
5682,2.000710115109591,3.6245090346118687,3.805803587395485,3.088096023489386,2.8136705916472433
5683,1.0366382398149274,4.364726935861629,3.4113166341823797,3.0897150328721183,1.7331718034814803
5684,2.851758477759185,3.1730609708235233,3.2594112095864674,3.0936383894490964,3.021029086094779
5685,2.4275604167770615,3.8319697721149435,3.1543006162960716,3.1411192336654934,2.303397582962703
5686,3.5158240996189907,2.7248455901907604,2.9122238522110697,2.882459410829151,3.359924552969706
5687,3.162188766208713,3.8654033586278507,3.6197320181740453,4.205880041752512,1.8968168717073144
5688,4.599004626193621,1.0,1.0,1.0,5.0
5689,2.996054748359065,3.871605780663427,2.5159862532169144,3.2969107024844635,2.173076988345103
5690,2.714218030202023,3.225980423503572,3.1844027602290517,3.4708981824272453,2.4494236573848873
5691,2.802391020267769,3.0668330029249233,2.730092333116929,2.609113373023753,3.095230312522506
5692,3.375725435806667,2.195560782089158,3.187478593067779,2.3131578372903223,4.4275616517464345
5693,2.567139996376494,3.3836088811998635,2.9762904746500234,3.315853499268099,2.442352614110998
5694,3.234227554726963,2.4899646947256167,3.181832715559631,2.8773169325178967,3.5746411228212285
5695,3.7795271284571403,2.604124348821421,2.5842682647770183,3.0755277283059894,3.0642645156704327
5696,3.099897118716546,2.5680579423682954,2.5233048576704653,2.241015990182354,3.7253529512758976
5697,2.5987943059888354,3.335904520564686,3.034880881613947,3.0594402722702534,2.710780320935791
5698,2.1254486942516975,3.8551921054246563,3.4556086908789694,3.285666133834535,2.2207248870201384
5699,1.706449519995436,3.3446332947942574,5.0,4.666487620279174,2.2371329197041874
5700,3.1688710187440234,2.6839511805210265,2.153445565392837,2.4232035088829873,3.126333591049957
5701,2.647284293615932,2.98607203127758,3.2757490157971105,3.05051653008518,2.9716798986739668
5702,2.6333915417629705,3.123332704113813,2.972084302115717,2.99217731216156,2.8265793683733182
5703,2.9799529475725968,3.270924169844681,2.7890285289980796,3.378015431507075,2.340349966122943
5704,3.218201323435304,2.0005442855171953,1.5279554652582052,1.5022806912256939,3.8693745605313894
5705,3.0630006941044208,2.6714311472174006,2.940190568827218,2.609258531573254,3.522421074070458
5706,2.2451938314350515,2.6149232312321518,4.73490362754163,3.0847051542103685,4.041327924929673
5707,3.419627321579142,3.373397787962653,2.93019688074294,3.3044749395976702,2.7215897645988076
5708,3.037281368070692,2.432527014324243,2.9846163973055857,2.5324533079231424,3.787274510501381
5709,3.1241995509399794,2.4810744094414225,2.6522372841123794,2.440972148000786,3.6547635714227935
5710,3.4751176043326883,2.5449612680282843,2.6916131785343818,2.9654346969241336,3.2016644985932667
5711,2.9678171902673722,2.590312012775731,2.4192155150627572,2.458842385511292,3.2912094978254434
5712,3.108716984480613,2.7781140286649366,2.7230843244224245,2.629586752917394,3.2750135404298724
5713,2.8242935187993656,3.1849279182649575,3.0356988859487464,3.119618715370368,2.7506726105851653
5714,3.4038464994427775,1.9946961938523737,2.1371380687014203,1.9542502561083683,4.010963255456646
5715,2.817315360427538,3.051264880067201,4.468909512166052,3.7754838034733202,3.245810622940467
5716,2.402503144647433,3.829868391683439,2.5234705825548476,2.927579693336594,2.052658155288455
5717,2.7183924758002593,3.1353754871060024,3.0336166603277874,2.973519870295567,2.8832438508932867
5718,2.672025662710774,2.839486283309995,3.0775242204727755,2.731840791358976,3.337537039182271
5719,3.144379503225817,2.819812875809954,2.967290089860122,2.7841183706213632,3.2334016244121
5720,2.6227411576960926,3.2874337527581536,3.155494283271119,3.1441864158551804,2.694516071704526
5721,3.430495363937496,3.0622291700428224,2.333498324843669,3.00234524840401,2.614531907315347
5722,3.219742673023917,2.731290059124495,2.9480788372027407,2.887297174457427,3.281784484520437
5723,2.2505091966992,3.593713968641328,3.4810725232982387,3.3261061549984707,2.480097281925615
5724,4.044733424483108,2.233271238441744,1.9334440134291986,2.055985916611341,3.8226741592977618
5725,2.4719268768579514,3.497132936634808,3.9061002963164904,3.6383227587538074,2.5854900616377123
5726,3.1914909193230305,2.748067322620454,3.094466267181619,2.656224729963691,3.5593046796831778
5727,2.6834931467327428,2.371935659960858,2.1207969887201092,2.170716651950488,3.3801570151233027
5728,2.749326695419626,3.228071588248927,2.9498285298299756,3.167771097075747,2.5651985728086837
5729,2.351081462546719,3.6317925489063296,3.6819456991462776,3.4013358791681454,2.538319065159915
5730,3.796249229596593,2.5305428083428914,2.3743804371284947,2.36675496066289,3.6665301133782515
5731,3.5741918659212897,2.19234678841601,2.1900705662856312,2.150346589164973,3.8383469294896404
5732,3.0235741576866104,3.1541848720506644,2.6360966045803735,2.953049925665818,2.746939349534138
5733,1.0,3.071853992759567,3.031766646153875,1.1547498741366518,3.9629302378561357
5734,2.607687206536596,3.0999794845544897,2.933230041738472,2.5713385203595873,3.206095032083004
5735,2.272707836266937,4.020776045896888,3.4679971985245293,3.834738685986305,1.8658709215253706
5736,3.2898781708352476,3.2107403990284453,2.746407325631006,3.1842624890960742,2.621304589723065
5737,2.0328111075717477,4.096020696989203,3.686144936814742,3.6237730697320885,2.1044373692087235
5738,3.1033327323224804,3.335322338766084,3.150632854966901,3.2976855989541023,2.674903402291635
5739,3.1898033548286038,2.7419700164199563,2.5232582719025025,2.5917543656582653,3.2225046189672026
5740,2.7208027136220894,3.3062615601283993,3.0274021086961076,3.352037400059031,2.4455794569732823
5741,4.310266596811916,1.9618269490001001,1.783363592917381,2.2957468818126237,3.877040520245969
5742,2.9237778475412917,2.619399665404422,2.5369373164861138,2.412925437351675,3.449321466485565
5743,2.744944340622642,3.3221780164386416,3.2216973769597392,3.25925968511007,2.633879665404228
5744,5.0,1.0,1.0,1.3208948017065352,4.768796013826867
5745,3.606113985422656,2.8346568203324543,2.7976878326901993,3.045068809655252,3.098561361199496
5746,3.3593838272553396,2.9700966881776063,3.3394950892687727,3.493099501753581,2.939086984196924
5747,3.4380557886407224,1.948395521483642,2.9314066865300075,2.4358239421506442,4.142813266525674
5748,3.30035229988805,2.735519385251446,2.6495624267300872,2.6645855211624783,3.3346640720431573
5749,2.9149672003113927,3.188861146740873,3.314934322217362,3.492690012981364,2.5256853309838943
5750,1.9123768604550162,3.578688502601722,4.853819058953744,4.409675363938652,2.432460756003973
5751,1.7706100077663394,3.4198576418090947,3.3560622568625527,2.969495103392707,2.6715708552549846
5752,3.2981761351402894,2.5482967094492954,2.6354961042494556,2.964471467916442,3.122795002731809
5753,2.8283809149376946,3.1057923658748434,2.876657806011036,2.9371823263716736,2.8598506358416804
5754,3.3985924692377476,2.5950452890983575,2.7277903335710514,2.63900420698674,3.4851583003280955
5755,4.285432833780302,3.412605609456818,2.523974842188486,3.8419992184521434,2.163671024221551
5756,2.625451926413174,2.161497187990365,2.9656674832069414,2.0395505515707697,4.180507997850809
5757,2.339433757215533,3.3062486747192406,2.5166717717664344,2.5544585657695755,2.7529550089246984
5758,2.9755677707360073,3.7131407289589973,2.8671846894590645,3.4397232082026585,2.252984914049408
5759,3.3452296989293404,3.324573452380636,2.534022351047882,3.2272679256570367,2.49144880202393
5760,2.955242267784505,2.673794181909193,2.756880333484573,2.696574702355509,3.216114251849181
5761,3.13607116787319,2.903290841712353,2.8871319058861755,2.9234703721330213,3.0847011007668614
5762,4.680117631202822,2.072094779321159,2.7375861981404683,3.0312583658266887,3.9105115667844337
5763,2.58678143717537,2.490141391938669,2.6873277829262565,2.5587471799467174,3.296892777257366
5764,2.7058204288980745,2.796435982679335,3.473258176039323,3.149888798192115,3.2414360002731346
5765,1.6731232023502822,4.80471103196505,4.414937716211828,4.598658639595388,1.2443342019677543
5766,2.9744656945717733,3.2823931328219484,3.010215613225964,3.3000776192478716,2.610851216258643
5767,3.256216868251975,2.83284450039236,3.2499935126587784,3.7615702088171186,2.6191121036347473
5768,2.3159013161130524,3.2186671023637725,2.4331343282821414,2.1376099283769996,3.0010670677272815
5769,3.2307904457557814,3.0630720435455103,2.4221933305492414,2.8410667783864914,2.845673109321641
5770,3.535422328945571,2.436847440130606,2.945179179049881,2.738566801021596,3.677061519558154
5771,3.084334469019718,3.4731466804473707,3.322827389364066,3.592421055642717,2.5169622861489547
5772,3.0718121461607066,2.8246254905768304,2.886216762240965,2.8777962493174223,3.1251373980156165
5773,2.4534968959297103,3.9330236303120567,3.1681788132863415,3.6791636059843285,1.7950907187012846
5774,3.167886158454353,2.8100918351257422,3.033328025906067,2.987885846087323,3.263147715948458
5775,2.872246936482161,3.46932959339913,3.088992247273916,3.2895584576487504,2.6037781652155116
5776,3.1009913681311856,2.618868574283876,2.8939544415528013,2.779773846777938,3.3520522146220695
5777,3.319947954353432,2.0780626478683573,2.7593962513805756,2.7132993029406647,3.8482819792550362
5778,2.182146005550322,2.557208026032699,4.121914219750687,3.021371384147424,3.6589152039530264
5779,3.3174153571956064,1.6182419813596933,2.700582160516509,2.1531362526159743,4.3946072258117
5780,2.98404696948663,2.736415306362737,2.4233792972374104,2.5150155925297613,3.1587885344927886
5781,1.9209460881274862,3.0001729105639394,3.6568818313807965,2.735631409197953,3.1792067580819476
5782,3.572944247810845,2.2629619194824726,2.070915817424146,1.5406080224632215,4.1795626379610615
5783,2.2876355821556533,3.462538180767968,3.386273510410497,3.6315328056015925,2.1339634696724077
5784,3.6723443486930423,2.443831976894392,2.8098355159623822,3.2586768783490356,3.217684856679442
5785,2.952840846359451,3.677308974008659,3.330661477356923,3.528963213527161,2.4161944895121414
5786,2.746141596088601,3.126837766132437,3.800324616512409,3.740800963765003,2.77517175057704
5787,2.887206509806829,3.1972040869266434,3.340449601780425,3.1519109392692295,2.9588936673226947
5788,2.5813541062578196,4.354878803993154,3.4083076522496643,3.7308456302048065,1.8824455757038046
5789,2.6741046180925605,3.486132644495534,3.1719132716339344,3.2816002688250485,2.5580710022441746
5790,3.0086685732877156,3.1954260473276594,2.985420610068975,3.1191068251508183,2.8041043859092216
5791,2.8031824973965755,2.678917496353384,2.827686354409529,2.669598398416772,3.2390349476706257
5792,2.529084827914378,2.7788581368568432,3.3803878249019146,2.734712254292516,3.5811563302608116
5793,3.1706947165284394,2.7076597248370438,2.8853488580441238,2.839951722568056,3.2264677714282697
5794,2.82952227329413,3.213800636555594,3.166187439857862,3.2252701291493815,2.7660644873591544
5795,3.107833038738757,2.767412620792278,2.476658590731188,2.4498778589319175,3.307661315781663
5796,3.3035469953091687,2.9538611406601034,2.9313818848805724,3.0802525198013306,3.013993587782899
5797,3.7452882533162444,1.9738399916543017,2.5861449613787224,2.5274057382098993,3.880849030141308
5798,3.128795907721614,3.400993349490938,2.9955879223919464,3.461948310172593,2.342144993840624
5799,1.9927942416796434,3.226141499284965,3.3419727900399017,2.935098857696324,2.797838088988085
5800,2.7592852039678153,3.2363548257477217,2.877403479102225,3.0115933967932844,2.7688524251782605
5801,1.9068257488911693,4.075797871231789,3.206051212869643,3.235462118968007,2.046533012459809
5802,4.234540207859353,2.697381140056831,3.0733839911813003,3.4379861046607854,3.125554220825684
5803,3.075356537453247,2.4744555227279927,1.8783361451716274,2.2017507522247852,3.187699032623654
5804,2.6867056230550466,3.108576478577869,3.0165818508180595,2.991662263457563,2.8689173339325915
5805,4.074905953339748,3.6904407000907904,1.3577570947718551,2.6419708908015758,2.308544534627782
5806,2.7386742560852895,3.462019982253703,3.138126616103272,3.2772192418119643,2.575652842920472
5807,2.2940747063862656,3.2698498338270734,2.798190220059757,2.602206591815041,2.9732507740999763
5808,2.589040938845174,3.2225724834440905,2.7560371126117875,2.7548455822238327,2.8497964021639177
5809,4.029200313144187,2.0619043527334995,2.483043290808752,2.7565898890457583,3.586235106873564
5810,2.283574755158364,3.4553594788325235,3.7331788495740144,3.4586667105698528,2.516347248213003
5811,3.4704925858562943,2.815790519326681,3.1004780115488306,3.2288188405608236,3.0682519094111314
5812,2.6573953363206018,4.516857872528199,4.673229916918816,4.26214697300782,2.1783898058617215
5813,3.3303069244514036,2.4271381922104704,2.7543488678005303,2.463251384648639,3.8856275226098056
5814,3.009029869883318,2.7948977050631054,2.6481575974266263,2.596055422629914,3.3072089296968636
5815,3.4689533178322427,2.893549324340446,2.28911171446018,2.81114965612601,2.952662591015236
5816,3.068677059868475,2.8472123041706494,2.825102824106937,2.8813794700346618,3.0458290424893386
5817,4.080707624680028,2.958624522034452,2.817931823504207,3.111618817366824,3.292163383902314
5818,4.421375684778269,2.593045010331623,1.9995617314861918,2.7587181684251574,3.2154623208630357
5819,1.8339418026262082,4.08489757226474,4.657770933168681,4.080421427299529,2.066631756574499
5820,3.0966757918296035,2.324512175152808,2.068799128019737,2.0684500983272884,3.5887936512919847
5821,3.4534610191241177,3.027764062417936,3.215825031437613,3.3707467424231607,2.924842575773929
5822,2.6220229558181765,3.6276645615078134,3.4774961756733522,3.758226846595435,2.027388535710664
5823,2.1351567806787766,3.083078106273617,2.9807770000688314,2.448890825517947,3.214050045707735
5824,3.356743183290553,3.3422161874465037,2.799482135137061,3.199348285336519,2.6362662602689566
5825,3.027101822844913,3.448241319528887,3.363462912450901,3.645762310921237,2.440221648394431
5826,2.9496261435814923,2.787282483464095,2.850987795550076,2.636743918317971,3.3373352602873165
5827,1.0761579443702503,3.8089360614042835,4.09618282468616,3.2226924162544353,2.429043197889655
5828,3.0526051218926145,3.2894570790323505,2.546023002630906,3.145839513168115,2.4281256086635343
5829,2.7944404349532017,3.2738290121992613,2.9412977181950564,2.945235716371003,2.87089425771202
5830,1.0,4.67153871927591,4.700104108313303,4.305963993576224,1.119336705211183
5831,2.3199203221200864,2.846212991946186,2.3088939742985435,2.076604139938116,3.1911688310769897
5832,3.1719604526509073,3.013791257006778,3.408449970317161,3.297298312733563,3.0279770043469534
5833,2.4855409640523543,3.3560761596184925,3.2260274405556104,3.069061549871001,2.7515374838728084
5834,3.5058390884884387,2.942858284742741,3.080331038861376,2.7886560748701066,3.3597192058556784
5835,3.318710817142994,2.8181271224584634,2.6723030538027968,2.8450642744184393,3.1496148701409563
5836,3.2337387524383794,3.203313535867639,3.2656007014663047,3.2108311866639223,3.035658469847792
5837,2.9998379632880807,2.836205717713717,1.8776168078212838,2.187640458556485,3.222163050814243
5838,3.1270525651862693,2.9042438182077928,3.018881024304617,3.097429694941356,3.001207437860848
5839,1.7546495965801814,3.5331511968564113,2.9577390000315713,2.5945402286767023,2.6933046991670175
5840,3.3359469291516075,3.5359703249187735,2.7747241435531023,3.0978971745774975,2.6185383124698585
5841,2.6831764070830877,3.180454630681396,2.825271922559286,2.804363717580942,2.7844774289217495
5842,4.6474167472256305,1.957165606620146,2.559176587176892,2.5948464380785046,4.013925600508137
5843,3.1518274716539034,2.849949067923289,2.7553922416967733,2.74525427248891,3.13689021652509
5844,3.256282871922908,3.586483024065818,3.6692932155109714,3.6420175798747194,2.583477863566293
5845,3.300882371301356,3.1843497384584873,3.2660060778999482,3.348926542293941,2.7608381786088074
5846,2.434083494906938,3.1422445070017515,2.8714139763788884,2.6795501498923056,3.033469531216181
5847,3.591232249130104,3.035087874004174,3.292966591067226,3.4384787287125587,2.9211589424000994
5848,1.3488649660840304,3.711897826222001,2.8195465338194334,2.2932062574084764,2.5664930565125132
5849,2.4647931562504497,2.498665685332447,2.2936236881514014,1.8528302282878286,3.5260007016991457
5850,2.8042728484344845,2.8929475201253387,3.2280362099713162,3.562399907376877,2.541407911476668
5851,3.089890885748841,3.3274699756816766,4.106202959946069,3.9932272748007813,2.7364739048412567
5852,2.5546698868806095,3.2395660097229224,3.466624145021467,3.1057043490811593,2.889634900224258
5853,2.5150528717948526,3.577897706136799,3.424890291352623,3.423394438313964,2.3550808392254847
5854,2.860942395746909,2.748414112462457,3.0048299942092824,2.9430220338090773,3.1827960230631267
5855,1.7005635497687832,3.791304924629675,3.819096176494583,3.604910173932764,2.1032584984177616
5856,2.140425885501913,4.136524565198828,3.838296046101423,4.158514234260674,1.745248856940785
5857,3.3046185799477104,3.92744096497384,5.0,5.0,2.36319806675794
5858,3.289906068727285,2.6627948820206244,2.9052335428273803,3.0215245812903446,3.2262992601970275
5859,3.4878056716659143,3.1287077535194303,2.704359937403384,3.0878406158675387,2.825320971285988
5860,3.394461102851295,1.7013167645888576,1.9613799843116613,1.9180450507273326,3.9560157289793016
5861,2.7305795395628993,2.5245089671847616,2.765961900926985,2.322160592527132,3.771839052395167
5862,3.017167445850929,2.5911971068079307,3.1372048573133764,2.8032755524778508,3.470225801784623
5863,2.784036031628156,2.96851213535874,2.5245781109077274,2.5839493721637448,3.019995637424103
5864,2.523615180801303,3.138871135325481,3.6408045211008746,3.2231850492177827,2.9714583424051084
5865,3.2207488334824377,2.6917086227682714,2.949867230873882,3.0811049959206676,3.09031760034921
5866,3.154171968269038,3.1425546782744163,2.312266635350134,2.5061232590040396,3.014623973928312
5867,3.2011558425140394,2.557237523291777,2.5940155833466316,2.7757345802321227,3.1581101162349223
5868,2.841074926994033,3.1751025270061453,2.707752529015287,3.045597911540231,2.6434526616151275
5869,3.2257736026419312,2.541189525498327,2.751610438831065,2.693122862365336,3.527980077305159
5870,2.9889184698794407,4.3641437294136125,4.85011365483024,5.0,1.615203069966345
5871,3.161712036420679,2.482361264930783,2.854880911025765,2.552697672242816,3.5970849607630746
5872,3.2025782770508866,2.677053568471817,3.086743650177816,2.9202495489780667,3.343553766626966
5873,4.013936460557435,2.2196999688470616,2.4659672686202243,2.217990511730741,4.015781604714892
5874,2.918804676189157,2.733398540247672,2.2984144789576897,2.4580828852757954,3.2106821867087065
5875,2.866281797017365,3.2997897676710806,3.59517236354963,3.227547342159575,2.970188488945881
5876,2.87163527773252,3.9463452633177796,3.7031872404977424,3.7169817899166913,2.247009850480458
5877,3.3140124395093493,2.5294517079980356,2.251523067544741,3.2872628512267372,2.741328855791874
5878,3.3660148101324188,2.7899616358013644,2.7138644249745507,3.000586061907619,3.135465581250903
5879,4.313862680808977,1.0,1.0,1.0,5.0
5880,2.557168622733121,3.0955616082940907,3.4819740891761537,3.2056376604238683,2.871515756017899
5881,3.1318861627488266,4.702422904731592,3.5284342526774592,4.185936368465564,1.6865306034626069
5882,4.19585442329819,1.2065945027634353,2.358759260392007,2.0124504258642957,4.709696888017235
5883,2.9817642793602883,3.1511481980225744,2.359259925184762,2.988787291740828,2.6131675570537087
5884,2.799704559712821,3.1111171921771477,2.9188708390986946,2.821162138689253,2.965341364105062
5885,2.9074576247374737,3.2318637195161775,2.8313002487820236,3.0018299154935177,2.75245957214912
5886,3.0620408546327664,2.992869139642042,3.193620270860258,3.064408680559359,2.9631524634239224
5887,2.472718001683301,3.1766910839338376,3.587262028869655,3.208911436431159,2.9373808280163223
5888,3.0065988187555446,3.261123349951447,3.06187302511139,3.2388530697250464,2.65073160007822
5889,3.089758922225929,2.4838980303369413,2.125412785177227,2.0356482749298985,3.5994247975463476
5890,4.404945137679192,3.5430260357610273,3.1071340383742028,4.192394784752492,2.3164204579086265
5891,2.369399623381051,4.512726643914764,4.169528942654033,4.337028383317062,1.4618590655124732
5892,1.2883972768702692,4.079073398048783,3.963917493664189,3.649049604206572,1.7799725097775017
5893,2.9891415144981646,2.5417709814150866,2.69976504346208,2.424121844373655,3.5636551433884165
5894,2.92706003976681,2.742927554443192,2.797625036345083,2.6084213957760003,3.3847728062261586
5895,3.265022803273026,2.2636804705932114,3.6943280514248853,4.18683577392676,2.7345463024055623
5896,3.289448810406868,2.5900423528359537,3.160701256775849,2.8714879042812025,3.455153384880651
5897,3.54301097077563,3.567024152481383,3.4672255748007803,3.967376538012606,2.2754930914342344
5898,2.786261754894353,2.7088663267391646,3.0575193249022408,2.779955103450491,3.37029537602579
5899,2.9244256710341334,4.07119011013454,3.849696026014797,4.5341829760726915,1.647574586860556
5900,3.4783855037556872,2.383762211360755,2.5665193618913333,2.5143243224481218,3.6649429707334638
5901,4.70659840930834,1.0,1.0,1.0,5.0
5902,2.988430819398733,2.548004201588725,2.0985141636696523,2.358654797885551,3.17858656951582
5903,2.9478578833171754,2.567332920984019,2.7624589764726797,2.6750881511510802,3.2826592896704567
5904,3.3523994337046448,2.5597612994247663,3.157157032579858,2.90225296936655,3.5022361867364253
5905,3.485025573267803,2.3966912563895324,1.939136961921949,1.71199921188819,3.992189945249243
5906,3.1894726701034415,3.6662693122913264,3.699829543506524,3.278861843138339,3.1164931523797437
5907,3.0340124550934,2.7658638334833876,3.0088657474481635,2.9423097930447826,3.1996676888270446
5908,2.003959049629988,4.1262603427224285,4.065161525349441,3.6188711365699664,2.2324791331490315
5909,2.6936029304153517,2.818334227485533,2.572980724461634,2.385977373890686,3.192178978966256
5910,3.2912285526449727,3.2170764741908626,3.1607454458900532,3.350457186496891,2.8076392577319265
5911,2.805903258699181,3.59339078792667,3.4364701303221357,3.0538810161431336,2.996777585900993
5912,3.8022686324043056,2.5152447232151838,2.1969438232929495,2.3935376149841643,3.5150907495686514
5913,2.072637069403166,4.48435315206309,3.6804785127100157,4.21861824706105,1.2391366737737903
5914,3.091946699989802,3.5035057159508227,2.7743818311899893,3.1824654889415243,2.4671437418539646
5915,3.5317495329460464,2.405491226974219,2.445427629857859,2.728032717085621,3.304696692154775
5916,3.0905832221957388,3.1867959386336686,3.2646408890222194,3.5067853450885895,2.6734307365364898
5917,2.8783015120003164,2.406894414665754,2.473192340160302,2.2185524823489535,3.646964516833968
5918,2.33351156979966,4.594352828416069,3.6727136841928867,4.00016810463265,1.5480181682618173
5919,2.577997416724214,3.6842696598318097,4.06781741061767,4.179234382275265,2.1569947735285133
5920,4.600016254315016,1.893856350034321,1.7900584532454158,2.247900377598719,3.9510903071612793
5921,4.508116557612641,1.9015977801928958,1.1824570140364445,1.9375383068433496,3.7355168364942797
5922,2.6608815154377146,2.8410397239569543,3.255049767743903,3.119860557598864,2.9578173314644727
5923,2.8848962627248023,3.26238976946203,2.8944879942832866,3.210041200075744,2.489715200324251
5924,2.19974887434757,3.5134343108379005,3.1763682241436393,3.333219613187385,2.2786438849803745
5925,3.1282134771257364,3.3745499280919034,3.1365340996396247,3.2355133381584613,2.701637244492481
5926,3.031171647266026,3.215947057571497,3.2242173635631626,3.1913938797928267,2.869707782161258
5927,3.495298104281282,2.635225753763816,2.981558713808002,3.2103819118142307,3.126740820589633
5928,3.2322047626755115,3.4194553058270047,3.0717382487621276,3.3235255154797625,2.520405997397795
5929,2.3206293633553963,3.0683510897217126,2.6439779551646243,2.4523406258104985,3.021988224981443
5930,2.9397014029434207,2.857192934999165,2.93791899003807,2.989731018364491,3.1056167376779062
5931,4.077759902807469,2.6312483419411534,3.677734232776548,3.659699364959453,3.4213074636805154
5932,3.2377230069128156,3.1005210476161293,2.363712983139318,2.8050712847582036,2.7849723116303213
5933,3.9944193900575566,1.886690364823029,2.2313667164334334,2.214235594910459,3.984775486006749
5934,2.306070587449472,3.521309221949429,4.158508912032062,3.5023566059406317,2.841743706848842
5935,3.7814798571135677,2.4001037997091608,2.5993082615800462,2.7653039242272657,3.5056568406526893
5936,2.708343317635863,3.1321331673873307,3.0754619206724003,3.049485479528911,2.836034546221215
5937,2.31989977972378,3.309602524156142,2.8141231952857995,2.793496505805348,2.731956148275595
5938,3.4508753372514764,3.2535034116623454,3.4068638853156292,3.3111647924705423,2.96050013290622
5939,2.330144267291788,3.0058340079944306,2.892356681735799,2.5102341572507023,3.155383434656044
5940,2.9803012559338335,3.356491540304856,3.071807627289511,3.4894794999854026,2.3913661076018022
5941,3.173760900244115,2.9162060406045636,3.2451922696512616,3.1032000699258093,3.1551707002012943
5942,2.6988655690157075,3.0868247298818967,3.621221125949586,2.8530157467880497,3.557068305515566
5943,3.3720606190439173,3.41356209643802,2.783045752776567,3.426447637745877,2.58422727867809
5944,5.0,2.1482649170823667,1.8025682031258785,2.892652781781239,3.3844776051472207
5945,2.6894458718459777,3.33851557265745,3.75734935629804,3.29993807895953,2.8744189067826564
5946,3.175153682008633,3.2183568393681865,2.5502240372909437,3.2444704768727317,2.4050221820509767
5947,2.980773498360494,3.406298574225759,2.760046680553072,3.1815113070675674,2.5265509749093193
5948,2.7924568811380714,2.379967411200574,1.295341170474524,1.0537553512827276,3.794882933756193
5949,2.28875190894289,3.40228005051021,3.462674115316336,3.1874026773949766,2.787967738984971
5950,1.6884139241591793,4.400414672954008,4.517472673741412,4.208386368986731,1.8379571839408557
5951,2.559394226199224,3.631205271009939,3.2816563230845337,3.6029144836412748,2.1145500352527664
5952,2.394598796189431,3.5592689522830185,3.916924591432333,3.7482360397139867,2.403042728827672
5953,3.3428453170911463,2.980699660043232,2.8182755559282033,2.906916424549637,3.0415512036928143
5954,4.070032511792665,2.0055802588575613,1.594715110830985,1.6506400248008217,4.049878973211399
5955,3.2678861544398075,2.8788955145804733,2.999322055738526,2.9764660402891687,3.161583224769561
5956,3.3862152046033747,3.1807661301178793,2.9435192268093857,3.314183626744405,2.7617438550522886
5957,2.4669277255693904,3.356907567043054,2.949148639594049,3.0710499672318736,2.5094433936961935
5958,4.401952948935758,1.0,1.0,1.0,4.741099772163463
5959,3.4362647749772566,2.6476326640150734,2.588344425311518,2.6877800809408026,3.329936475845485
5960,2.631190954263219,3.635736493036423,3.766567218188802,3.8751483454553597,2.3427380813312206
5961,2.1945004689789913,3.4148113863243053,3.838235070931921,2.891735585687655,3.2105597970278295
5962,3.417085324945234,2.713889682526244,3.3899618958783373,3.3684190819979785,3.2329393554160983
5963,3.767186201839807,2.3502545855976194,2.183931862593029,2.158054738078632,3.6753223179401253
5964,4.759386034900388,1.0,1.1183634219726997,1.2548947500095025,4.809717149250131
5965,2.5227180905290916,4.641005371757883,4.467369892300944,4.939315996469756,1.1070728211410588
5966,3.1274459837750994,3.202311209230768,3.107863923930533,3.349973857028119,2.6903019939242054
5967,3.1949709126990533,3.1013389516751007,3.182182596857378,3.3369840885484625,2.8974592647079573
5968,2.5546604182187034,2.997161962481778,3.1038738565960955,2.9138485604950017,2.9067746722333143
5969,2.0209957557968026,3.7344739823676045,4.247479816211509,3.216847754744579,2.8752515017499407
5970,3.423466471418576,3.2628127349973206,3.2921793657542597,4.030207536880125,2.203369037858424
5971,2.5701669328518975,3.6390856404635294,2.986590840914055,2.9733455880050386,2.597911951590516
5972,2.754636210462589,2.84141810781074,2.8826445947091317,2.763557437073777,2.981179554244102
5973,3.3326290324451624,3.232246698488922,3.1629163095915773,4.049967747063575,2.160326539338976
5974,2.680950416383472,3.168851164646101,3.302873857038783,3.2706107184556026,2.6848493158917432
5975,2.2137724284828693,3.9227349074779037,3.3705922859915645,3.3061447426923216,2.2663431077974656
5976,3.0329897972895377,3.171379591382711,3.1683747604736636,3.219737887930278,2.920710615074342
5977,1.4259800956395028,3.208499369805891,4.283694854631845,3.1257724783711183,3.082035306729511
5978,2.659293052031543,3.4856034006097922,2.672202107875443,2.6756705281307136,2.819608103438974
5979,3.5530164136017817,2.2630262967700006,2.8143526365113063,2.5456758938564867,3.772949093655825
5980,3.3070005059534666,3.7019790718044527,3.2496103825589753,3.6833978841407475,2.2878169632463976
5981,2.8947311158028763,3.9796362087099797,3.9980598997915724,4.457016683310046,1.686997924538599
5982,1.2571398861753966,3.840112852749741,5.0,4.789563266419386,1.8458680214953915
5983,2.1837358032449794,2.9568683028704306,3.0479005865789066,2.8009532949631923,2.9274849853021205
5984,2.5921959599234294,3.4690167149398605,3.614879335420832,3.51698796050053,2.530952920628848
5985,2.606746027510862,3.1754172169547874,3.004140730002559,2.901827496896896,2.927784511638951
5986,2.883141377351054,3.4589996339928115,3.0342581738701964,3.425734997789007,2.287233347253432
5987,2.534827473572345,3.8437786435537817,3.0405969884274513,3.280541056109846,2.098493575032187
5988,3.912233915870705,2.4442941584829363,2.4586898738715113,2.9491902594602446,3.339269769308902
5989,2.6708124125557577,3.2080456972460945,2.981102545092098,2.900119741310277,2.9095976783823128
5990,2.510827168481021,3.495866359127816,2.9595904505633914,2.9439783583898103,2.5903178539553755
5991,4.578635018773333,1.2553712874893703,1.6842041265754373,1.68681680959912,4.719525683825751
5992,3.037698020154024,3.6216354527179058,2.8420960139371245,3.038603358924503,2.6012441234041304
5993,2.9546858232308146,4.075096877153676,3.8003899758624278,3.877004459723044,2.4444394849536497
5994,3.485161051054077,2.359538229844777,1.9668140664141407,2.153446236451952,3.4644690945351844
5995,4.087009875298107,2.0876638265232783,2.513641020584126,2.804616391573623,3.6962276243285572
5996,2.087742544132931,4.04554017035618,4.1119898121553415,3.8498277845895927,2.1874695230068797
5997,3.8704037240345657,2.5937596774832015,3.2713031093469525,3.0725798822301607,3.687922127415587
5998,2.7056559447576287,3.390613823256019,3.3295292516028256,3.355337772006179,2.5786374682313546
5999,1.1430050539951608,4.153823469899358,4.938856230617748,3.999965297803428,1.9170251083274976
