user_id,openness,conscientiousness,extraversion,agreeableness,neuroticism
31,1.66,3.35,2.99,2.46,2.88
65,2.06,4.52,4.62,4.53,1.51
75,1.38,4.36,3.34,2.85,2.19
81,1.85,3.98,3.31,3.37,2.13
110,3.26,2.72,2.87,2.8,3.28
114,3.12,2.91,2.72,2.82,3.13
126,2.51,3.5,2.48,2.71,2.62
137,4.76,1.46,1.98,2.48,4.05
144,2.87,2.61,2.79,2.53,3.45
175,3.36,3.18,2.75,3.06,2.88
177,3.73,2.77,2.52,3.16,2.84
198,2.4,3.79,4.03,3.57,2.51
213,2.84,2.68,3.2,2.83,3.34
215,3.04,3.47,3.36,3.48,2.53
239,2.32,3.51,3.32,3.36,2.31
258,2.72,2.77,2.26,2.26,3.19
298,2.6,2.87,2.85,2.68,3.08
335,3.17,3.13,2.88,2.89,3.06
358,3.75,2.55,3.65,3.69,3.1
408,3.37,2.54,3.28,3.51,2.94
414,2.0,4.24,4.33,4.19,1.97
435,3.0,2.72,3.22,3.06,3.15
446,2.16,4.63,4.78,4.97,1.21
479,2.98,2.68,2.95,2.8,3.3
485,4.33,1.99,2.35,2.78,3.68
490,2.57,2.85,3.47,2.84,3.35
516,2.75,3.05,3.58,3.18,3.13
521,1.56,4.16,4.29,4.16,1.89
531,2.33,4.04,3.76,4.09,1.74
541,3.82,2.86,2.4,3.1,2.86
546,1.66,4.31,4.41,4.33,1.66
614,2.96,3.07,3.01,2.84,3.1
637,2.23,3.6,3.92,3.6,2.49
685,2.91,3.4,3.45,3.69,2.27
712,3.12,2.85,2.97,2.84,3.2
716,4.62,1.28,2.19,2.21,4.39
736,1.47,4.56,4.6,4.57,1.3
796,2.94,2.91,2.49,2.68,2.89
848,3.17,2.93,2.98,3.07,3.03
861,3.66,3.08,2.84,3.12,2.98
929,3.84,2.22,2.27,2.89,3.26
1022,1.92,3.22,3.27,2.86,2.9
1033,4.12,2.93,2.24,3.67,2.43
1049,3.08,3.67,3.92,3.96,2.38
1051,2.92,2.9,3.16,2.91,3.24
1061,3.77,2.34,2.17,2.43,3.72
1078,3.41,2.67,2.29,2.7,3.11
1087,3.26,2.95,2.93,2.96,3.11
1099,3.31,2.33,3.96,3.12,4.04
1122,1.56,3.63,2.77,2.93,2.03
1129,1.07,4.17,4.07,3.7,1.74
1146,3.39,2.84,3.22,3.23,3.15
1167,1.95,3.18,4.78,3.94,2.63
1225,4.52,1.7,1.65,2.02,4.16
1226,3.88,1.9,2.07,1.97,4.19
1227,2.83,3.09,3.0,3.21,2.73
1229,2.31,4.21,3.73,3.73,2.06
1248,2.24,3.4,2.83,2.8,2.66
1283,3.0,3.06,2.56,2.72,2.96
1297,2.59,2.71,2.84,2.66,3.15
1308,4.39,2.83,3.5,4.06,2.99
1313,4.61,2.6,3.55,2.99,4.12
1316,2.01,3.47,2.85,3.1,2.25
1331,3.18,2.82,3.01,3.12,3.05
1361,2.05,3.44,3.82,3.31,2.49
1416,3.0,3.09,3.6,3.18,3.21
1420,3.05,2.95,2.56,2.6,3.13
1437,3.12,2.97,2.98,2.8,3.25
1457,3.64,1.84,1.47,1.35,4.29
1477,4.11,2.0,3.11,2.97,4.02
1492,2.49,3.63,2.82,3.09,2.31
1515,2.93,2.65,2.67,2.57,3.44
1541,2.99,2.89,2.69,2.63,3.15
1609,2.31,3.38,3.71,3.4,2.72
1612,3.16,2.28,3.57,2.92,3.75
1635,1.6,4.38,4.26,4.01,1.81
1636,2.8,4.0,3.61,3.96,1.93
1651,3.53,1.71,2.84,2.28,4.48
1670,3.39,3.67,2.74,3.44,2.39
1674,3.29,2.91,3.13,2.96,3.22
1688,1.51,4.52,4.01,3.69,1.7
1689,2.67,3.25,3.77,2.97,3.41
1751,3.12,2.86,3.21,3.32,2.95
1815,3.21,3.32,4.38,4.18,2.81
1827,3.63,3.1,2.46,3.22,2.59
1878,3.07,2.78,2.3,2.53,3.14
1908,3.33,2.8,2.79,3.17,2.95
1948,3.16,2.99,2.67,2.55,3.34
1959,2.92,2.81,2.79,2.75,3.19
1961,3.23,2.89,2.61,2.93,2.96
1974,3.34,2.51,2.9,2.89,3.3
2088,3.11,2.56,2.47,2.39,3.45
2107,4.76,1.0,1.4,1.2,5.0
2118,4.1,1.24,1.84,2.21,4.0
2179,3.47,2.85,2.51,2.73,3.21
2190,4.68,2.61,1.45,2.58,3.19
2254,2.27,3.8,3.85,3.57,2.29
2258,1.93,3.53,3.05,2.81,2.57
2264,2.88,3.12,2.87,3.24,2.54
2293,1.49,4.93,4.46,5.0,1.0
2319,3.26,2.66,3.17,2.84,3.54
2326,3.17,3.21,2.8,2.86,2.96
2343,4.25,3.31,3.45,4.21,2.49
2353,3.48,3.25,2.81,2.76,3.2
2413,2.54,3.75,3.69,3.92,2.0
2418,1.52,4.38,4.54,3.93,1.74
2459,3.18,2.44,2.2,2.31,3.39
2504,2.41,3.1,3.15,2.89,2.93
2557,3.08,2.86,2.84,2.92,3.04
2578,3.0,2.81,3.61,3.83,2.6
2593,2.47,3.81,3.23,3.63,2.01
2611,3.42,3.53,3.38,3.35,2.95
2614,3.14,2.86,2.43,2.72,2.94
2648,2.37,3.58,3.14,3.36,2.31
2657,3.46,3.37,2.72,3.25,2.61
2745,3.36,1.19,2.82,1.94,4.73
2748,3.42,3.1,2.46,2.62,3.1
2781,2.64,1.95,2.49,1.34,4.62
2790,2.89,3.23,2.42,2.73,2.67
2793,2.97,3.07,3.36,3.04,3.16
2799,3.44,2.5,2.36,2.51,3.37
2803,3.35,2.43,3.05,2.82,3.46
2809,3.37,3.01,2.97,3.27,2.92
2818,2.86,2.84,2.69,2.61,3.18
2844,2.4,3.28,3.32,3.05,2.92
2887,2.11,3.57,3.9,3.98,2.08
2895,3.29,3.11,3.32,3.18,3.09
2918,3.55,2.43,2.47,2.57,3.51
2943,4.24,1.85,1.92,2.48,3.68
2957,3.99,3.19,3.95,4.32,2.57
2958,2.92,2.47,3.96,3.18,3.62
2960,3.32,3.47,3.07,3.31,2.73
2970,3.18,2.8,2.31,2.63,3.16
2973,4.1,2.47,1.52,2.29,3.31
2979,3.42,2.55,2.9,2.65,3.66
3012,3.63,1.99,1.96,2.0,4.01
3024,3.34,2.42,2.73,2.58,3.61
3076,2.51,3.85,3.34,3.5,2.24
3115,2.55,3.53,3.0,3.21,2.44
3123,3.09,2.72,2.5,2.57,3.25
3127,1.75,3.92,4.46,3.99,1.96
3252,3.33,2.89,2.18,2.56,3.0
3270,3.5,2.04,2.59,2.42,3.77
3301,2.97,2.69,2.47,2.47,3.3
3311,3.2,1.83,2.06,1.98,3.96
3349,3.3,2.09,2.61,2.3,3.87
3446,4.04,2.2,2.65,3.26,3.31
3448,3.25,2.43,2.57,2.57,3.45
3450,2.6,3.22,4.01,4.2,2.14
3498,3.44,3.01,2.33,2.73,3.03
3553,3.33,2.99,2.61,2.95,3.0
3564,3.71,2.49,2.07,2.76,3.12
3565,4.01,3.07,2.38,3.01,2.87
3594,3.15,3.08,2.9,3.4,2.55
3647,3.3,2.66,2.85,2.85,3.26
3653,1.89,3.63,3.74,3.21,2.58
3712,1.58,4.17,3.44,3.52,1.7
3742,2.63,2.71,3.17,2.68,3.36
3757,2.68,3.09,4.01,3.95,2.48
3769,3.39,2.58,2.59,2.7,3.36
3811,2.77,2.88,2.51,2.53,3.15
3826,3.06,3.2,2.86,3.25,2.53
3858,2.43,3.01,3.08,2.76,2.97
3862,3.5,2.51,2.42,2.94,3.05
3877,2.43,3.25,3.25,3.22,2.68
3885,3.73,1.62,2.31,1.64,4.64
3898,2.12,4.07,4.43,3.86,2.31
3920,2.82,2.88,3.19,3.09,3.03
3944,3.02,2.99,2.72,2.63,3.28
3960,2.06,3.07,4.9,3.76,2.92
3993,2.89,2.42,2.73,2.59,3.4
4021,2.71,3.23,3.17,3.26,2.66
4053,3.03,2.61,2.22,2.4,3.23
4058,3.13,4.07,3.83,3.61,2.62
4063,2.94,3.19,3.68,3.38,2.86
4100,2.74,2.1,3.33,2.71,3.91
4224,2.81,3.06,2.8,2.79,2.93
4226,3.21,2.59,2.31,2.31,3.36
4246,1.93,3.7,4.38,3.68,2.61
4247,2.46,2.84,3.24,2.75,3.25
4249,2.02,3.5,3.61,3.1,2.69
4262,2.97,2.7,2.99,2.76,3.35
4269,2.9,3.28,3.1,3.25,2.71
4292,3.3,3.31,2.99,3.08,2.8
4300,3.61,2.71,3.05,3.14,3.23
4318,3.47,2.23,2.86,2.41,3.85
4334,2.07,3.39,2.68,2.52,2.71
4347,3.35,2.88,2.42,2.71,3.08
4357,3.04,2.21,2.5,2.28,3.71
4361,2.89,2.55,2.99,2.5,3.69
4388,4.02,2.68,2.86,3.67,2.83
4396,3.86,2.07,2.39,2.22,3.98
4402,3.46,2.71,2.85,2.9,3.28
4412,3.31,2.49,3.36,3.0,3.57
4429,3.42,2.53,2.43,2.46,3.48
4461,3.55,3.27,2.9,3.56,2.48
4522,3.6,2.39,2.47,2.53,3.5
4535,3.55,1.59,1.15,1.15,4.24
4569,3.76,2.47,2.38,2.49,3.55
4617,2.93,3.05,2.56,2.61,3.04
4630,2.89,2.37,5.0,4.56,3.21
4674,3.64,3.04,3.62,3.17,3.46
4682,3.59,3.11,3.38,3.63,2.97
4685,2.94,2.87,2.87,2.8,3.24
4689,3.22,2.73,2.82,2.7,3.39
4691,2.8,3.42,3.16,3.29,2.5
4706,2.74,3.27,3.0,3.15,2.69
4735,2.44,3.39,3.19,3.16,2.6
4754,3.4,2.86,3.09,2.91,3.38
4755,1.63,3.61,2.12,2.05,2.45
4810,1.68,4.67,4.58,4.56,1.19
4813,2.03,3.42,3.21,2.82,2.73
4816,3.1,2.64,2.91,2.7,3.46
4845,2.55,3.29,3.22,3.09,2.8
4868,1.8,4.78,4.17,4.36,1.35
4917,3.63,2.83,2.89,3.28,2.96
4919,2.29,3.25,3.39,3.15,2.73
4934,2.95,2.91,2.81,2.86,3.02
4941,2.89,3.25,3.36,3.31,2.78
4948,2.72,3.13,3.09,3.05,2.86
5003,2.92,3.29,3.17,3.37,2.62
5012,3.41,2.29,2.35,2.69,3.46
5036,3.37,2.72,2.62,2.74,3.21
5040,3.04,2.07,2.01,1.61,4.11
5072,3.54,2.72,2.71,3.16,2.95
5073,2.05,3.86,4.46,3.82,2.51
5076,3.14,3.11,2.56,2.85,2.81
5116,4.05,3.51,3.1,3.92,2.36
5133,2.65,4.01,3.48,4.0,1.76
5146,2.83,3.45,3.22,3.05,2.81
5152,3.18,2.55,3.1,3.04,3.21
5161,3.67,2.3,2.28,2.39,3.67
5199,2.71,3.19,2.07,2.3,2.78
5264,2.59,2.51,3.38,2.4,3.97
5272,3.14,2.28,2.13,2.49,3.3
5295,2.78,2.78,2.7,2.64,3.21
5328,2.21,3.65,4.06,3.77,2.31
5390,2.95,2.44,2.71,2.36,3.75
5400,3.11,3.09,2.74,2.88,3.01
5433,3.22,3.18,2.53,2.97,2.68
5448,2.5,2.78,2.99,2.43,3.46
5491,2.9,2.65,3.15,2.85,3.31
5514,2.83,3.25,3.5,3.63,2.56
5526,3.14,2.32,2.25,2.35,3.43
5570,3.07,2.98,2.8,2.96,2.99
5579,3.43,4.48,2.96,4.44,1.3
5593,3.0,3.89,3.29,3.81,1.95
5601,1.39,3.29,3.04,2.49,2.69
5611,3.18,2.88,2.77,2.77,3.17
5624,3.73,2.58,2.78,3.0,3.36
5652,4.6,2.51,1.97,2.81,3.37
5657,2.93,2.74,2.87,2.75,3.22
5695,3.53,1.94,2.98,2.62,4.1
5701,1.69,4.72,4.15,4.37,1.36
5702,2.99,3.23,3.24,3.34,2.74
5727,4.37,1.49,2.25,2.37,4.22
5731,2.29,3.69,4.45,4.22,1.97
5759,3.43,3.11,2.4,2.93,2.74
5763,1.52,4.26,4.74,4.48,1.55
5789,3.21,2.51,2.35,2.47,3.4
5820,3.1,2.65,3.81,3.43,3.27
5861,2.89,2.68,2.98,2.8,3.27
5890,3.01,2.53,2.65,2.53,3.35
5902,2.83,3.29,3.21,3.08,2.89
5915,1.57,4.72,3.57,3.43,1.71
5916,4.39,1.35,1.54,1.62,4.65
5918,3.62,2.85,2.91,2.81,3.43
5928,2.84,2.83,2.75,2.66,3.22
5930,2.89,2.83,2.8,2.74,3.22
5945,3.68,2.6,2.56,2.77,3.31
5987,2.97,3.69,2.48,2.8,2.38
5993,3.04,3.42,2.84,3.45,2.39
6016,3.3,2.23,2.86,2.26,4.14
6017,2.8,3.71,3.37,3.47,2.38
6037,3.4,2.95,2.76,2.87,3.03
6095,2.56,3.27,3.12,3.0,2.81
6097,1.0,3.79,4.21,3.33,2.3
6108,3.56,2.96,2.53,2.59,3.39
6118,3.98,3.42,2.5,2.95,2.98
6122,3.96,2.69,3.04,3.83,2.82
6124,1.87,4.53,4.33,4.4,1.54
6143,2.65,3.54,3.29,3.01,2.88
6146,2.98,3.29,3.06,3.09,2.82
6149,2.79,3.14,3.26,3.04,3.05
6164,2.42,4.12,3.39,3.78,1.93
6190,2.91,2.85,2.81,2.54,3.38
6252,2.74,3.18,3.12,3.48,2.46
6285,2.69,2.98,3.33,2.84,3.32
6293,2.01,4.72,4.91,5.0,1.0
6318,3.35,3.11,3.38,3.53,2.95
6367,2.03,3.24,2.62,2.84,2.37
6448,3.45,3.68,3.63,4.2,2.19
6484,2.46,3.35,2.93,2.95,2.61
6498,3.89,2.29,2.07,2.72,3.28
6521,1.77,4.49,4.34,4.47,1.42
6626,2.26,4.48,3.52,3.87,1.65
6627,3.32,2.25,2.54,2.2,3.85
6643,2.74,2.66,2.53,2.23,3.48
6650,2.74,2.95,2.56,2.43,3.16
6652,4.32,2.61,2.96,2.94,3.69
6690,2.98,2.86,2.52,2.61,3.12
6700,2.7,2.49,2.59,1.93,3.86
6717,1.05,5.0,3.74,3.99,1.0
6742,3.58,2.05,1.59,2.01,3.66
6794,2.91,2.46,2.77,2.44,3.64
6805,2.66,3.16,2.34,2.77,2.51
6836,2.61,3.38,2.52,2.93,2.4
6843,2.1,3.13,2.85,2.71,2.71
6876,2.99,3.07,3.04,3.01,3.01
6880,2.74,2.58,2.87,2.43,3.64
6899,3.49,3.13,2.52,3.32,2.62
6906,2.94,3.12,2.75,2.46,3.3
6917,1.52,3.8,4.1,3.55,2.1
6948,3.96,2.58,2.52,2.65,3.56
6959,3.44,2.67,3.11,2.34,4.08
6970,4.05,1.53,1.55,1.68,4.29
6974,2.57,2.68,3.16,2.46,3.62
6976,3.41,2.92,2.54,2.75,3.14
6995,2.85,2.75,2.61,2.51,3.24
7006,4.01,2.11,2.51,2.01,4.21
7078,3.09,3.0,2.52,2.72,2.99
7105,3.71,2.05,2.83,2.2,4.38
7120,2.9,3.09,3.48,3.25,2.97
7121,2.68,2.8,2.94,2.54,3.4
7127,3.85,1.97,2.15,1.95,4.24
7209,3.05,2.89,3.17,3.04,3.14
7216,3.79,2.9,3.43,4.16,2.59
7255,3.82,2.94,2.73,3.21,2.87
7262,2.74,2.95,2.92,2.9,3.0
7269,1.99,3.93,3.81,3.67,2.1
7270,3.4,2.36,1.86,2.13,3.48
7276,2.91,2.74,2.64,2.52,3.3
7277,3.3,2.31,2.66,2.39,3.79
7313,3.35,2.45,2.59,2.48,3.63
7327,3.94,1.87,1.65,1.52,4.39
7328,3.15,3.16,3.12,3.25,2.82
7375,2.93,2.9,3.04,2.85,3.12
7398,2.57,3.25,2.92,3.02,2.61
7401,3.24,2.56,2.86,2.86,3.28
7439,3.0,3.55,3.82,3.87,2.52
7447,2.4,3.4,2.53,2.76,2.54
7460,2.84,2.88,3.18,2.95,3.13
7472,2.88,2.35,1.98,1.98,3.5
7475,1.66,4.21,3.4,3.49,1.78
7504,3.8,2.89,2.09,2.6,3.11
7509,1.96,4.2,3.61,3.61,2.01
7518,1.72,4.88,4.5,4.74,1.01
7544,2.7,3.59,5.0,4.89,2.39
7575,3.01,2.68,3.23,3.43,2.95
7576,3.61,2.47,1.84,2.02,3.51
7585,1.67,3.15,2.66,2.2,2.87
7626,3.36,2.82,4.38,3.11,4.08
7630,3.16,3.21,2.91,3.03,2.82
7654,3.09,2.79,2.88,2.94,3.1
7674,3.39,2.47,2.6,2.52,3.69
7680,3.17,2.87,2.51,2.71,3.1
7695,3.31,4.48,3.52,4.24,1.64
7754,3.07,3.06,3.09,3.24,2.8
7766,3.01,2.81,2.83,2.49,3.49
7884,2.08,4.11,3.25,3.75,1.72
7890,3.41,2.98,2.38,2.68,3.1
7891,1.68,3.81,4.28,4.0,2.27
7908,1.72,3.85,3.94,3.29,2.44
7922,2.87,2.8,3.07,2.92,3.2
7971,3.1,3.07,3.2,3.2,2.91
7972,1.28,2.78,3.62,1.96,3.99
8031,4.08,3.44,2.68,3.38,2.72
8042,2.92,3.23,2.84,2.9,2.84
8175,3.35,2.34,2.42,2.4,3.65
8178,3.16,2.95,2.86,2.98,3.07
8213,3.24,2.58,2.79,2.39,3.71
8234,2.92,3.02,3.27,3.11,3.06
8284,1.04,4.67,3.94,4.01,1.3
8331,2.85,3.18,2.93,2.9,2.99
8333,2.71,2.79,3.65,3.16,3.19
8360,2.24,2.37,2.09,1.48,3.89
8395,3.08,3.59,3.95,3.61,2.81
8411,2.95,2.84,2.61,2.64,3.16
8438,2.76,3.5,3.05,3.24,2.41
8454,1.89,3.28,2.01,1.64,3.08
8461,2.76,3.41,3.35,3.53,2.48
8465,2.48,4.05,3.54,3.51,2.17
8485,2.47,3.29,3.44,3.21,2.76
8496,3.2,3.09,3.58,3.99,2.49
8497,3.64,2.42,2.8,2.91,3.46
8501,2.94,3.19,3.14,3.1,2.89
8514,2.9,2.78,2.75,2.55,3.3
8539,3.38,2.84,2.98,3.02,3.2
8548,2.57,3.9,3.63,2.97,2.89
8553,2.81,3.54,3.25,2.69,3.08
8576,2.67,3.13,3.18,3.04,2.92
8577,3.46,2.77,3.24,2.84,3.59
8584,2.98,2.99,3.09,2.92,3.18
8589,3.57,2.02,2.75,2.46,3.93
8599,2.22,3.11,2.99,2.84,2.84
8614,2.72,3.09,3.53,3.24,2.95
8644,2.05,4.72,3.48,3.58,1.68
8658,2.01,4.62,4.39,4.65,1.4
8678,3.74,2.34,3.05,2.75,3.69
8700,2.58,3.12,4.08,3.59,2.95
8774,2.83,3.2,2.85,3.06,2.67
8775,3.34,2.84,2.97,2.48,3.67
8804,2.69,3.14,3.32,3.15,2.94
8879,2.26,3.54,3.56,3.41,2.45
8888,2.18,3.32,3.52,3.42,2.51
8914,1.9,4.88,4.61,5.0,1.0
8917,3.23,2.42,2.58,2.62,3.37
8928,3.78,2.06,2.59,2.4,4.08
8955,1.98,3.0,2.65,2.1,3.21
8966,4.63,1.99,1.74,2.78,3.57
9034,2.76,3.82,2.83,3.2,2.21
9035,3.61,1.86,4.01,3.22,4.13
9042,3.4,2.29,2.57,2.3,3.84
9092,2.65,2.78,2.68,2.52,3.15
9111,3.46,2.87,2.59,2.97,2.99
9122,2.9,3.03,3.2,3.14,2.97
9168,2.13,3.9,4.36,4.13,2.19
9186,3.79,2.96,2.95,3.3,2.94
9193,3.82,2.36,2.84,2.81,3.67
9197,2.36,3.21,5.0,5.0,2.3
9205,2.82,2.67,3.1,2.76,3.38
9210,1.61,4.28,4.36,4.38,1.44
9224,3.6,2.33,2.37,2.32,3.76
9240,3.0,3.11,2.97,2.73,3.16
9242,3.49,2.45,3.14,3.58,3.0
9247,3.58,2.52,2.61,2.75,3.28
9277,2.93,3.31,4.21,3.21,3.47
9298,2.65,3.57,3.51,3.59,2.42
9318,1.9,3.55,2.91,2.76,2.58
9319,3.55,2.74,2.66,3.01,3.09
9335,1.62,4.03,3.7,3.39,2.24
9339,2.94,2.9,3.24,3.26,2.81
9347,3.62,2.64,2.54,2.77,3.29
9361,3.26,2.89,3.38,3.16,3.15
9386,3.9,2.06,2.73,2.6,3.91
9419,3.11,3.06,3.11,2.93,3.23
9433,2.92,2.85,2.68,2.82,2.98
9444,2.79,3.47,3.22,3.6,2.28
9446,1.51,4.24,4.06,3.76,1.99
9461,2.67,2.44,1.95,1.85,3.42
9469,2.88,3.5,3.1,3.44,2.31
9479,3.45,1.47,2.39,1.85,4.53
9481,2.87,2.65,2.59,2.2,3.63
9568,4.03,1.38,2.56,2.23,4.42
9588,3.84,1.93,2.76,2.37,4.18
9598,3.41,1.85,2.44,2.12,4.24
9608,4.72,1.68,1.68,2.46,3.79
9666,3.7,2.68,2.8,3.0,3.21
9717,3.06,1.0,1.92,1.0,5.0
9733,3.4,2.45,2.93,2.69,3.7
9801,3.73,2.68,2.48,2.9,3.17
9814,3.05,3.05,2.8,2.95,2.95
9820,2.01,3.64,3.02,3.19,2.23
9846,1.69,3.36,3.41,3.22,2.37
9850,3.83,2.38,2.87,2.77,3.62
9907,2.49,3.78,3.5,3.76,2.0
9928,2.95,3.34,3.28,3.61,2.44
9938,3.14,4.39,4.51,4.3,2.02
9939,3.0,3.06,3.06,2.93,3.17
9941,3.64,2.98,2.72,3.36,2.71
9965,2.7,2.53,3.11,2.9,3.24
10045,4.43,2.58,3.14,3.43,3.37
10092,3.2,3.34,2.87,3.39,2.43
10108,5.0,1.0,1.0,1.0,5.0
10125,3.5,2.98,2.83,3.06,3.05
10131,2.55,3.44,2.92,3.18,2.34
10153,1.91,4.36,4.31,4.38,1.7
10156,3.51,2.19,2.96,2.9,3.67
10170,2.72,3.62,3.2,2.94,2.79
10183,3.39,2.64,2.58,2.71,3.33
10196,1.69,4.7,4.08,4.33,1.31
10225,2.65,3.3,3.3,3.07,2.86
10233,4.52,2.8,2.74,3.54,2.89
10246,3.57,2.59,1.92,2.32,3.2
10257,2.67,2.63,3.37,2.71,3.57
10263,3.31,2.31,1.81,1.88,3.7
10351,2.47,3.73,4.18,3.53,2.69
10370,1.95,3.56,2.55,2.76,2.25
10407,3.19,2.5,3.29,2.74,3.77
10416,5.0,1.0,1.0,1.0,5.0
10417,2.66,2.87,2.58,2.19,3.39
10465,3.74,2.83,2.77,3.3,2.88
10484,3.36,2.91,2.95,3.09,3.06
10518,2.23,4.34,4.44,4.49,1.81
10524,2.77,4.57,4.23,4.84,1.73
10534,3.11,3.44,3.48,3.91,2.24
10537,2.15,3.39,2.44,2.45,2.68
10543,2.95,2.99,3.02,3.21,2.8
10554,4.18,1.68,1.25,1.88,3.96
10576,4.15,2.49,2.56,3.36,3.04
10605,4.2,2.07,2.19,2.42,3.94
10614,3.11,3.11,2.71,2.94,2.86
10615,2.27,4.1,3.02,3.23,2.14
10640,2.05,3.3,2.91,2.62,2.8
10666,2.18,4.17,3.49,3.6,1.86
10681,3.0,3.11,3.79,3.11,3.41
10749,3.57,2.81,2.62,3.06,3.02
10770,3.59,2.35,2.6,2.61,3.6
10781,3.26,2.46,2.38,2.46,3.43
10803,2.13,3.42,3.0,2.79,2.67
10946,2.47,4.38,5.0,5.0,1.46
10954,2.8,3.67,3.26,3.72,2.12
10981,4.49,3.93,3.39,3.99,2.34
11031,2.67,3.24,3.73,3.13,3.14
11086,3.03,2.99,3.09,3.22,2.85
11088,3.73,3.06,3.34,2.8,3.73
11094,2.9,2.93,3.03,2.98,3.05
11133,3.09,2.75,2.6,2.73,3.01
11159,3.02,2.62,2.49,2.4,3.34
11201,2.7,2.38,2.6,1.66,4.22
11202,2.87,2.88,2.73,2.72,3.16
11205,2.14,3.75,4.03,3.77,2.29
11216,2.89,2.76,3.33,3.08,3.18
11234,3.46,1.94,1.9,1.81,3.98
11238,3.67,2.12,2.41,2.15,3.93
11272,2.63,3.25,2.68,2.79,2.79
11282,3.01,2.52,2.72,2.63,3.29
11298,1.87,3.95,3.01,2.88,2.33
11300,3.18,2.5,2.88,2.72,3.45
11309,3.88,1.27,2.52,1.88,4.71
11343,3.86,2.67,2.04,2.48,3.27
11350,1.67,3.54,2.23,2.2,2.47
11405,3.17,3.86,4.06,4.45,1.91
11423,3.47,2.25,2.4,2.04,4.14
11450,4.38,1.0,1.53,2.04,4.06
11476,2.81,3.49,4.82,3.77,3.1
11487,2.31,4.14,3.34,3.43,2.11
11494,2.95,3.24,3.27,3.34,2.74
11496,2.73,3.31,3.49,3.65,2.57
11502,2.37,2.64,2.67,2.43,3.18
11523,3.58,2.88,2.54,3.06,2.82
11535,3.12,2.44,2.04,2.07,3.5
11540,2.62,3.78,3.78,3.76,2.38
11555,4.02,2.32,1.83,2.12,3.85
11622,2.16,3.33,4.22,3.61,2.74
11643,2.72,2.81,3.01,2.74,3.25
11662,3.2,3.13,2.4,2.53,3.03
11702,2.99,2.78,2.98,2.72,3.36
11713,2.15,4.0,4.39,3.62,2.42
11776,3.53,3.3,3.21,3.65,2.58
11870,2.9,2.78,3.09,2.81,3.28
11928,2.42,3.49,3.3,3.25,2.52
11971,1.68,4.9,4.29,4.58,1.24
11984,3.04,2.59,2.76,2.7,3.35
11985,2.67,2.94,4.0,3.78,2.76
11988,2.83,4.09,4.8,4.92,2.0
12006,3.09,3.19,2.76,3.21,2.61
12030,3.82,1.83,2.67,2.22,4.3
12052,2.92,2.92,2.98,2.78,3.15
12068,3.12,2.92,3.0,3.12,2.98
12093,3.42,3.56,2.02,2.63,2.67
12097,3.05,3.17,2.74,2.73,3.02
12105,3.72,2.67,4.05,4.24,2.79
12129,1.96,3.06,3.28,2.64,3.14
12151,3.3,2.9,2.75,2.94,3.07
12159,4.1,1.7,2.41,2.21,4.27
12163,2.29,4.21,4.42,4.34,1.99
12178,3.49,2.19,2.66,2.72,3.52
12179,3.59,1.85,2.54,2.13,4.15
12180,2.04,3.38,3.82,3.03,2.98
12191,2.39,3.51,3.08,3.1,2.73
12202,3.15,2.85,3.2,2.88,3.37
12226,3.22,2.84,2.42,2.43,3.32
12228,2.71,3.4,2.81,2.8,2.69
12231,3.82,2.25,2.93,2.51,4.07
12266,3.45,2.24,2.74,2.48,3.88
12277,2.3,2.54,3.6,3.62,2.71
12282,2.95,2.89,2.3,2.71,2.92
12283,2.3,3.11,3.42,3.24,2.75
12322,4.04,1.99,1.86,2.13,3.88
12352,3.03,3.6,4.03,3.77,2.76
12355,2.14,3.82,2.8,2.6,2.62
12360,2.48,3.22,4.01,4.11,2.1
12370,2.84,3.19,3.21,3.13,2.84
12381,1.83,3.92,4.52,3.91,2.45
12390,2.86,2.5,3.08,2.89,3.36
12408,2.56,3.17,3.22,3.11,2.75
12411,3.17,2.87,3.44,3.17,3.35
12436,3.73,2.11,2.46,2.46,3.77
12476,4.26,2.97,3.24,3.98,2.73
12482,2.92,2.93,3.08,3.03,3.02
12534,3.11,2.31,2.93,2.67,3.61
12551,2.79,3.21,2.81,3.02,2.72
12601,2.14,3.7,2.86,3.04,2.29
12643,4.29,1.59,1.24,1.47,4.31
12661,1.7,5.0,3.86,3.92,1.17
12674,4.19,2.69,2.47,3.57,2.75
12683,2.58,4.61,4.2,4.21,1.69
12695,2.79,3.45,3.59,3.82,2.19
12710,2.9,3.36,2.79,2.86,2.7
12720,3.44,2.94,3.3,3.31,3.12
12815,2.57,3.4,3.32,3.37,2.58
12816,3.48,3.06,2.66,3.05,2.9
12818,2.59,3.38,3.2,3.15,2.66
12834,3.15,2.72,2.76,2.68,3.31
12848,3.09,2.64,3.18,2.85,3.43
12864,3.43,2.28,2.59,2.47,3.67
12894,3.01,2.84,2.72,2.55,3.25
12904,2.83,2.27,2.95,2.2,4.05
12906,2.55,3.26,3.75,4.05,2.17
12935,3.44,2.52,3.19,2.63,3.9
12950,3.92,2.84,2.37,2.75,3.13
12955,3.11,2.78,3.3,3.29,3.09
12962,2.51,3.77,3.1,3.17,2.48
12981,3.9,1.96,2.8,3.0,3.74
12988,2.68,3.26,3.09,3.21,2.63
12990,4.08,3.71,2.55,3.99,1.98
13036,2.59,3.58,3.05,3.3,2.27
13076,2.83,3.44,2.89,3.44,2.23
13125,3.27,4.97,3.34,3.67,1.61
13222,1.89,4.02,3.26,3.18,2.29
13223,3.26,3.6,3.14,3.67,2.29
13238,2.93,3.18,2.79,3.03,2.79
13249,3.48,2.13,2.27,2.33,3.63
13265,3.54,2.54,2.34,2.9,3.1
13314,2.87,2.67,3.41,2.87,3.47
13339,4.02,2.69,3.07,3.18,3.41
13348,2.27,3.68,3.17,3.23,2.46
13361,3.15,3.2,3.23,3.23,2.93
13379,2.05,4.44,4.35,4.51,1.65
13392,2.76,3.24,3.3,3.16,2.93
13394,3.35,2.89,3.06,3.13,3.12
13414,3.56,3.76,4.08,4.5,2.15
13437,2.95,3.16,3.41,3.2,3.11
13442,2.63,3.06,3.07,2.84,3.04
13443,2.63,3.67,3.24,3.26,2.46
13462,3.35,3.12,2.71,3.16,2.84
13520,4.23,1.54,2.54,2.07,4.66
13540,3.11,3.12,2.92,3.2,2.63
13547,2.0,3.9,2.63,2.87,2.02
13558,2.84,2.59,2.98,2.61,3.52
13573,2.91,2.78,3.0,2.74,3.24
13600,2.73,2.96,2.65,2.53,3.1
13614,3.52,2.45,2.01,2.71,3.22
13616,3.6,2.56,2.87,3.08,3.39
13632,3.85,2.34,2.88,2.78,3.91
13662,3.38,2.17,4.09,4.11,2.98
13711,2.49,3.4,3.19,3.12,2.61
13717,2.82,2.55,3.87,3.4,3.19
13771,2.69,4.08,3.0,3.75,1.78
13790,2.78,2.97,4.98,5.0,2.2
13799,2.49,4.21,4.12,4.51,1.51
13825,2.33,2.91,2.61,2.09,3.43
13857,2.97,2.94,2.77,2.76,3.1
13881,3.17,3.94,3.83,3.91,2.13
13888,4.3,1.75,2.25,2.46,3.93
13954,2.57,2.89,3.25,3.04,2.82
13974,3.92,2.52,3.07,3.26,3.25
13981,2.79,3.04,3.11,2.8,3.16
14040,3.26,3.02,3.25,3.41,2.78
14052,3.79,3.32,3.5,3.54,2.87
14063,1.99,3.86,3.37,3.26,2.2
14066,3.22,2.11,1.99,1.85,4.09
14096,2.85,2.83,2.7,2.42,3.34
14215,2.13,2.48,3.27,2.52,3.48
14219,2.17,3.33,3.26,3.02,2.67
14235,3.92,1.43,1.54,1.47,4.49
14236,2.45,3.29,3.06,2.99,2.7
14244,2.19,3.52,3.03,3.5,2.19
14255,3.36,2.84,2.93,3.08,3.09
14265,2.94,2.5,3.04,3.0,3.24
14295,3.97,3.61,3.71,4.22,2.39
14313,3.26,2.9,2.65,2.99,2.88
14326,3.25,3.06,3.03,3.12,2.93
14333,3.35,3.35,2.94,3.41,2.57
14359,2.74,2.74,2.8,2.64,3.18
14363,4.5,2.24,3.09,3.28,3.64
14377,4.16,1.6,1.43,1.58,4.3
14399,2.85,3.32,3.45,3.4,2.66
14408,3.08,3.17,2.99,3.07,2.83
14418,2.97,3.31,2.8,3.23,2.46
14441,2.49,2.83,3.98,3.14,3.56
14460,2.62,3.26,3.0,2.87,2.89
14485,1.88,4.28,4.19,3.92,2.03
14507,4.0,2.57,3.12,3.33,3.34
14528,3.05,2.92,3.18,2.95,3.24
14549,3.25,2.42,2.78,2.75,3.44
14560,3.28,4.03,3.39,4.05,1.94
14630,2.91,3.04,2.7,2.61,3.31
14637,1.87,3.16,3.1,2.46,3.13
14640,2.61,2.85,2.96,2.73,3.06
14663,2.94,3.15,2.84,2.93,2.92
14668,3.06,2.54,3.05,2.61,3.82
14677,3.29,3.0,2.47,3.1,2.73
14705,1.0,4.06,2.35,1.72,2.08
14734,2.85,2.88,3.1,2.9,3.11
14822,2.94,3.07,2.7,2.84,2.92
14824,2.78,2.68,2.75,2.42,3.51
14847,3.51,4.35,3.99,4.51,1.8
14896,3.13,3.05,2.36,2.66,2.98
14919,3.72,2.46,3.16,3.28,3.42
14937,1.67,4.17,4.36,4.13,1.9
14997,2.96,3.75,3.23,3.73,2.1
15007,3.34,2.83,2.17,2.36,3.31
15027,2.95,3.01,3.01,3.03,2.94
15065,2.23,4.1,4.43,4.36,2.06
15066,3.39,2.65,2.84,2.99,3.17
15104,1.61,3.71,2.84,2.78,2.3
15118,3.68,2.18,4.03,3.11,4.22
15153,2.37,4.01,2.75,3.26,1.9
15175,4.02,1.7,2.86,2.66,4.16
15195,3.24,3.52,3.81,4.04,2.34
15197,2.94,2.58,2.71,2.81,3.09
15200,2.86,3.11,3.36,2.98,3.14
15240,2.03,3.75,4.13,4.37,1.64
15249,3.39,1.89,2.79,2.29,4.19
15257,2.22,3.72,3.42,3.1,2.64
15281,2.8,3.37,4.26,4.33,2.27
15293,1.82,4.26,4.36,3.9,2.04
15307,2.98,3.29,3.3,3.6,2.59
15342,3.53,3.55,2.9,3.63,2.33
15353,3.16,2.63,2.9,2.79,3.36
15355,3.09,2.04,2.51,1.93,4.22
15357,2.07,3.8,3.19,3.17,2.24
15374,2.96,2.53,2.72,2.59,3.35
15393,3.37,3.69,3.44,3.81,2.28
15428,3.08,3.08,3.26,3.33,2.88
15434,3.8,2.5,2.82,3.0,3.44
15463,1.62,3.95,4.29,3.91,2.12
15473,1.87,3.92,4.18,3.6,2.4
15477,3.08,2.79,2.45,2.53,3.2
15496,3.06,2.54,2.95,2.78,3.3
15529,3.52,2.76,2.65,2.82,3.16
15542,1.77,4.43,3.54,3.69,1.7
15561,3.08,3.65,2.61,2.82,2.57
15574,1.19,3.19,3.15,2.25,2.93
15581,3.23,3.21,3.58,3.31,3.19
15583,3.65,2.91,2.67,3.28,2.76
15585,2.16,3.01,2.97,2.74,2.9
15590,2.86,2.74,3.23,3.36,2.85
15591,3.97,1.85,2.58,2.46,4.13
15598,3.31,2.64,2.73,2.37,3.73
15618,3.07,3.49,3.02,3.56,2.32
15628,2.4,4.45,4.16,4.27,1.73
15631,3.4,2.63,2.86,2.69,3.5
15635,3.51,3.27,2.85,3.47,2.58
15649,4.13,2.89,3.32,3.33,3.41
15668,3.17,3.11,3.17,3.56,2.58
15672,3.65,2.54,2.11,2.63,3.23
15695,2.16,3.62,2.74,2.83,2.36
15737,3.16,2.79,3.31,3.29,3.09
15738,3.75,3.49,3.92,4.02,2.68
15809,3.16,3.13,2.63,2.91,2.76
15821,4.28,1.0,1.13,1.0,5.0
15850,2.91,3.24,2.79,2.94,2.86
15883,1.9,3.88,3.64,3.4,2.26
15894,2.44,3.92,3.59,3.82,1.91
15899,2.83,3.13,2.65,2.97,2.74
15916,3.78,2.63,2.18,2.23,3.57
15925,3.65,4.05,3.95,4.78,1.77
15935,2.5,2.57,2.18,1.66,3.86
16003,3.19,2.78,2.8,3.02,3.07
16062,2.92,3.34,3.94,3.72,2.86
16068,2.98,2.92,2.99,2.85,3.15
16086,3.0,2.49,2.57,2.31,3.66
16148,4.68,1.9,1.68,2.22,3.98
16150,3.44,2.95,2.6,3.04,2.86
16193,3.74,2.56,3.04,2.73,3.88
16239,3.24,2.56,2.49,2.17,3.82
16246,3.41,3.18,2.18,2.8,2.7
16247,2.88,3.34,2.64,3.19,2.38
16268,3.27,2.67,2.73,2.62,3.46
16292,2.99,2.26,3.22,2.07,4.57
16318,3.98,1.82,1.95,2.25,3.74
16365,4.03,1.61,1.75,1.63,4.45
16389,2.81,3.68,3.38,3.56,2.37
16428,3.35,2.8,3.13,3.61,2.69
16439,1.54,3.77,4.51,3.73,2.22
16465,3.2,3.0,2.8,2.9,2.98
16484,3.45,2.11,1.99,1.87,3.7
16490,1.29,4.1,3.46,2.34,2.79
16504,1.89,3.4,3.36,2.9,2.8
16514,3.22,3.39,3.13,3.75,2.25
16543,3.03,2.85,2.29,2.38,3.14
16552,3.37,2.86,3.57,3.22,3.39
16569,2.83,2.78,3.01,2.57,3.48
16596,3.09,3.23,3.01,3.09,2.9
16624,2.58,2.95,3.27,2.74,3.32
16665,2.93,2.79,2.7,2.79,3.06
16742,4.13,2.34,1.98,2.28,3.81
16777,2.85,2.87,2.19,2.1,3.3
16786,3.05,2.73,2.43,2.31,3.47
16801,2.11,4.27,5.0,5.0,1.24
16817,2.69,2.68,2.82,2.44,3.4
16859,1.98,3.16,2.92,2.84,2.47
16860,3.11,3.23,2.58,2.8,2.85
16901,2.15,3.63,3.08,2.97,2.45
16923,2.1,4.35,4.39,4.42,1.77
16946,1.59,3.65,2.97,2.78,2.3
16962,2.67,3.79,3.58,3.87,2.06
16970,3.6,2.2,2.42,2.38,3.77
17026,3.51,2.49,2.08,2.44,3.33
17049,3.88,2.63,3.56,3.38,3.4
17074,3.96,2.8,2.64,3.22,2.92
17092,3.15,2.37,2.95,2.83,3.39
17108,3.29,3.36,2.78,2.77,3.18
17125,2.79,3.51,3.06,3.07,2.68
17158,2.46,3.2,2.55,2.76,2.67
17166,2.61,3.33,3.63,3.22,2.87
17173,2.83,3.12,3.08,3.11,2.86
17209,3.27,2.74,3.22,2.95,3.4
17210,2.93,3.03,2.71,2.62,3.18
17213,2.44,2.73,2.88,2.47,3.34
17298,1.38,3.95,3.59,3.34,2.03
17338,2.88,3.75,3.72,4.06,2.05
17356,3.64,1.6,2.39,2.0,4.47
17385,3.07,3.1,2.84,3.05,2.89
17398,3.05,2.32,2.39,1.89,3.92
17416,3.4,2.01,2.63,2.33,4.02
17426,3.16,2.67,2.94,2.84,3.32
17435,2.84,2.98,2.86,2.95,2.92
17455,2.38,2.79,2.99,2.61,3.16
17468,3.45,2.46,1.91,2.3,3.32
17509,2.52,2.82,2.82,2.59,3.31
17533,3.4,3.65,2.46,3.34,2.2
17536,2.9,3.31,3.68,3.73,2.51
17537,3.82,2.66,2.39,2.78,3.23
17548,4.62,1.3,1.56,1.84,4.48
17579,4.08,2.33,2.16,3.08,3.07
17584,3.96,2.51,2.59,2.91,3.27
17590,1.65,4.11,3.65,3.72,1.88
17618,3.12,2.63,2.69,2.63,3.37
17666,2.94,2.63,2.98,3.01,3.11
17702,4.74,2.48,2.06,2.82,3.4
17749,2.56,3.72,3.72,3.71,2.37
17750,3.27,2.85,3.03,2.81,3.44
17768,3.08,3.24,2.76,3.09,2.75
17826,3.84,1.58,1.63,1.68,4.26
17829,3.27,2.55,2.96,2.77,3.47
17838,2.83,3.11,3.09,3.06,2.89
17875,3.66,2.42,2.76,3.04,3.29
17889,2.17,4.07,4.79,4.76,1.7
17901,3.26,2.24,2.43,2.47,3.66
17907,3.02,2.81,3.06,2.87,3.24
17909,2.83,3.1,2.96,2.79,3.05
17912,3.3,2.34,2.68,2.7,3.5
17930,2.46,2.96,2.97,2.64,3.14
17933,4.39,2.53,2.77,2.88,3.57
17943,2.63,3.66,2.91,3.06,2.52
17975,3.78,2.23,1.86,2.02,3.87
17979,2.79,3.09,2.91,2.65,3.18
17983,2.62,2.37,3.12,2.47,3.65
18037,1.0,4.89,4.0,3.81,1.13
18168,2.24,3.42,3.48,3.39,2.49
18184,3.23,2.48,2.95,3.07,3.2
18186,3.41,2.23,2.08,2.09,3.71
18221,2.8,2.73,2.54,2.5,3.14
18242,3.49,4.04,4.47,4.5,2.12
18251,3.18,3.1,3.43,3.52,2.83
18268,3.13,3.44,3.74,3.99,2.32
18289,2.65,3.78,4.02,3.77,2.61
18295,3.05,2.67,2.86,2.85,3.16
18304,3.34,3.89,4.18,4.54,1.94
18326,2.18,4.19,4.55,4.42,1.66
18338,2.97,3.25,2.8,3.17,2.66
18440,3.44,2.46,2.49,2.51,3.5
18458,2.46,3.41,3.48,3.38,2.51
18461,3.53,3.0,2.47,2.55,3.28
18462,2.8,2.87,3.31,2.68,3.59
18473,4.9,1.0,1.0,1.0,5.0
18483,3.46,2.14,3.85,3.73,3.25
18508,1.88,2.96,4.28,3.47,2.94
18514,2.64,2.4,2.83,2.43,3.54
18552,4.36,2.69,2.86,3.26,3.36
18575,3.93,2.24,1.61,2.29,3.4
18612,1.72,4.07,4.91,4.32,2.04
18617,3.09,3.12,3.35,3.33,2.9
18687,3.95,2.56,3.2,2.91,3.62
18693,4.23,1.99,3.11,2.67,4.23
18779,2.65,3.6,4.07,3.23,3.1
18783,2.47,3.23,3.1,2.9,2.81
18802,3.0,2.63,2.96,2.64,3.42
18804,1.94,4.86,4.0,4.34,1.34
18808,3.41,2.44,2.59,2.5,3.58
18809,3.19,2.84,2.97,3.23,2.89
18824,2.88,2.31,3.19,2.63,3.76
18840,3.06,2.99,3.34,3.0,3.13
18888,3.32,3.03,2.66,3.05,2.78
18894,2.98,1.89,2.66,2.13,4.05
18910,3.19,2.68,3.06,3.05,3.14
18940,2.64,2.92,2.94,2.78,3.01
18946,2.13,4.14,4.31,4.07,2.07
18975,2.53,3.28,3.08,3.09,2.73
18982,3.05,2.75,2.92,3.02,3.02
19001,3.36,1.93,2.11,1.93,4.04
19036,3.11,2.99,2.72,2.77,3.09
19055,2.17,3.94,3.73,4.08,1.69
19071,1.26,3.94,4.21,3.51,2.44
19107,3.53,2.98,2.38,2.7,3.24
19112,2.65,3.01,3.37,3.08,3.0
19128,2.93,2.57,2.66,2.75,3.24
19130,3.06,2.57,2.38,2.52,3.21
19138,3.82,2.59,3.84,3.42,3.61
19139,3.02,2.69,2.93,2.82,3.27
19141,1.51,3.78,3.03,2.89,2.17
19156,3.25,3.12,3.16,3.57,2.56
19232,2.11,3.93,3.63,3.94,1.74
19236,5.0,1.0,1.0,1.0,5.0
19262,2.0,2.63,2.31,1.96,3.33
19264,3.04,2.44,2.78,2.44,3.7
19288,3.32,2.99,3.36,3.29,3.12
19304,4.22,1.92,1.84,2.46,3.64
19315,3.0,2.76,3.07,2.92,3.22
19325,3.04,3.24,3.31,3.47,2.71
19330,3.2,1.62,2.61,1.86,4.51
19343,3.3,2.01,1.42,1.46,3.93
19348,2.31,3.11,3.36,3.18,2.71
19391,2.7,3.02,3.15,2.85,3.12
19445,3.14,3.41,2.89,3.22,2.56
19459,3.48,2.95,3.21,3.16,3.28
19464,3.54,3.13,4.01,4.03,2.8
19485,1.79,3.72,3.56,3.47,2.03
19496,4.63,3.57,2.73,3.71,2.53
19513,2.98,2.89,3.79,3.83,2.85
19534,2.47,5.0,4.24,4.82,1.01
19535,3.47,3.0,2.85,3.09,2.89
19560,2.62,2.91,3.22,2.87,3.05
19562,3.08,2.17,2.11,2.26,3.51
19570,1.68,4.0,4.93,4.47,2.0
19572,3.39,2.2,2.14,2.31,3.56
19573,2.17,3.98,3.27,3.5,2.0
19583,3.13,2.84,2.74,2.72,3.2
19584,3.14,3.33,2.98,3.39,2.41
19601,3.28,2.54,2.64,2.56,3.49
19606,2.26,3.67,3.49,3.45,2.34
19635,2.58,3.64,4.14,3.52,2.88
19696,3.14,3.93,3.98,4.4,1.95
19710,3.23,3.09,2.9,3.15,2.8
19731,3.18,2.82,2.75,2.95,3.05
19751,2.83,4.11,3.69,4.03,1.97
19757,3.38,1.78,2.66,1.74,4.57
19789,2.85,3.43,3.06,3.12,2.78
19792,3.2,2.74,3.15,3.07,3.16
19804,2.26,2.52,3.26,2.87,3.21
19892,3.68,2.76,2.52,2.58,3.46
19903,2.47,3.5,3.39,3.59,2.22
19908,2.87,3.06,2.81,2.82,3.05
19936,3.54,2.65,2.18,2.37,3.5
19953,1.0,4.61,3.68,3.23,1.62
19968,3.38,2.81,3.0,2.86,3.37
19973,2.13,3.08,2.97,2.53,3.17
20029,2.6,3.71,3.76,3.78,2.26
20052,4.04,1.93,1.61,1.71,4.23
20057,3.07,3.06,2.5,2.62,3.05
20090,3.14,2.99,2.86,2.78,3.38
20102,3.14,3.35,3.46,3.91,2.3
20140,4.01,1.87,2.48,2.55,3.98
20163,3.1,3.17,2.79,3.07,2.78
20181,3.52,2.6,2.96,2.8,3.51
20226,2.82,2.84,2.92,2.85,3.18
20234,3.0,2.65,3.16,3.02,3.22
20243,2.71,3.4,3.05,3.23,2.63
20253,2.2,4.27,4.52,4.31,1.99
20268,2.61,3.48,3.43,3.87,2.12
20280,2.28,4.06,4.51,4.29,2.2
20291,2.8,3.38,2.71,3.16,2.5
20301,3.38,1.49,1.91,1.37,4.7
20303,3.35,1.92,3.03,2.32,4.09
20313,3.12,2.79,2.39,2.59,3.13
20332,3.29,3.41,3.24,3.41,2.68
20368,2.68,3.17,3.09,2.99,2.84
20372,3.13,2.43,2.93,2.64,3.49
20381,3.7,2.76,2.54,3.01,3.0
20401,3.42,2.6,2.66,2.69,3.4
20413,1.59,3.31,2.63,2.15,2.77
20427,1.5,4.73,4.24,4.24,1.37
20455,3.34,2.38,2.65,2.43,3.74
20459,1.72,3.55,3.1,2.75,2.51
20468,3.95,2.34,2.77,2.93,3.68
20476,3.32,3.29,2.86,3.29,2.58
20477,2.76,3.49,3.24,3.56,2.28
20506,4.26,2.68,3.53,3.89,3.05
20507,2.93,3.1,2.97,3.01,2.92
20520,2.07,3.49,2.66,2.69,2.52
20541,2.91,3.48,3.29,3.69,2.27
20573,3.93,2.37,2.08,2.55,3.38
20587,3.04,2.85,3.03,2.81,3.21
20621,3.15,3.24,3.46,3.12,3.16
20639,3.85,3.47,2.65,3.19,2.56
20658,2.57,3.8,3.22,3.39,2.35
20697,3.49,3.14,3.22,3.24,2.91
20742,3.35,2.67,2.54,2.95,3.05
20777,3.58,2.03,2.2,2.21,3.86
20805,3.01,2.73,2.63,2.67,3.18
20829,3.91,2.55,2.92,3.51,2.94
20856,3.57,3.24,2.71,3.39,2.59
20865,2.51,3.53,3.47,3.35,2.52
20868,2.91,2.96,2.95,2.88,3.05
20912,3.21,2.76,3.04,2.8,3.38
20930,3.89,2.85,2.98,3.67,2.75
20972,2.22,5.0,3.09,3.81,1.1
20979,2.88,3.29,2.93,3.23,2.7
20984,2.02,4.34,4.51,4.45,1.75
20985,1.42,3.9,2.5,2.47,2.08
20996,3.13,3.38,3.51,3.65,2.48
21034,4.74,1.56,1.76,2.31,4.17
21060,3.11,3.04,2.81,2.95,2.94
21074,3.1,2.98,2.56,2.67,3.13
21086,3.16,2.6,2.87,2.86,3.3
21116,3.33,2.75,2.79,2.75,3.24
21132,3.37,3.21,2.87,3.3,2.75
21134,2.19,3.0,2.98,2.39,3.49
21136,2.54,3.26,3.24,3.04,2.75
21151,3.29,3.28,3.44,3.62,2.6
21153,3.19,2.75,2.63,2.71,3.2
21215,3.21,3.25,2.9,3.39,2.57
21236,2.39,3.23,2.9,2.4,3.19
21251,3.33,3.51,3.12,2.71,3.16
21266,2.69,2.94,3.59,3.12,3.24
21275,2.72,1.9,3.21,2.47,4.01
21304,2.48,3.99,4.12,3.64,2.72
21306,2.51,2.88,2.78,2.04,3.71
21316,2.97,3.33,4.03,3.57,2.86
21319,2.73,3.33,2.87,2.81,2.85
21322,2.13,3.83,3.29,3.04,2.51
21334,2.98,2.98,2.91,2.91,3.06
21336,3.06,2.35,2.31,2.22,3.53
21350,3.47,2.64,1.76,2.19,3.28
21371,2.5,3.01,2.9,3.28,2.48
21390,2.29,4.06,3.2,3.27,2.09
21396,4.71,1.34,1.95,2.41,4.3
21426,3.25,3.01,3.79,3.61,3.12
21437,3.56,2.75,2.69,2.99,3.1
21442,3.57,2.06,2.65,2.49,3.87
21443,2.7,3.33,3.16,3.54,2.31
21498,2.75,3.01,3.25,3.14,2.92
21556,3.09,2.58,2.57,2.53,3.43
21606,3.69,4.5,5.0,5.0,1.71
21619,2.52,2.7,3.73,3.4,2.95
21620,4.38,2.34,3.01,3.24,3.57
21668,3.01,3.21,3.14,3.15,2.88
21685,4.1,2.54,2.19,2.6,3.4
21695,2.97,2.53,2.45,2.35,3.52
21699,3.37,3.29,2.89,3.51,2.43
21712,2.31,3.46,3.44,3.26,2.59
21721,3.96,2.15,2.74,3.06,3.65
21724,3.11,2.61,2.49,2.8,2.98
21731,3.11,3.5,3.02,3.34,2.38
21748,3.07,2.7,2.96,2.92,3.22
21765,4.27,1.78,1.52,1.92,3.88
21773,2.45,3.46,3.73,3.2,2.9
21783,2.04,3.37,2.17,2.47,2.44
21800,2.42,2.97,3.59,2.95,3.35
21805,2.53,3.21,3.26,2.97,3.03
21844,2.82,2.98,3.68,3.31,3.09
21855,3.83,1.9,2.18,1.98,4.19
21868,3.45,3.51,2.98,3.52,2.43
21888,2.89,3.19,2.81,2.96,2.76
21921,3.2,3.36,3.76,4.1,2.29
21928,3.51,2.6,2.91,2.57,3.68
21930,2.6,4.32,3.69,4.09,1.62
21945,2.61,3.5,3.43,3.73,2.14
21974,3.33,3.65,2.46,3.39,2.22
21976,3.26,3.28,2.78,3.25,2.49
22038,3.0,2.62,2.9,2.83,3.22
22054,3.28,2.61,2.82,2.98,3.2
22059,3.21,2.2,2.42,2.3,3.69
22080,3.52,2.97,2.6,2.41,3.4
22092,4.11,2.59,3.36,3.58,3.37
22144,2.75,2.99,3.07,3.12,2.87
22147,2.12,3.16,3.47,2.88,2.87
22202,2.0,4.58,3.76,4.08,1.37
22217,2.46,3.72,3.56,3.39,2.45
22235,2.29,3.41,1.9,2.45,2.37
22237,2.5,3.04,3.22,3.12,2.9
22250,1.0,4.58,4.31,4.18,1.25
22264,3.54,3.12,2.53,2.86,2.99
22292,2.66,3.1,3.01,2.95,2.85
22296,4.42,2.14,1.6,2.12,3.72
22297,2.77,4.2,3.2,3.81,1.73
22302,3.9,2.73,2.53,2.9,3.25
22333,2.97,2.82,3.11,2.82,3.28
22355,3.51,2.78,2.19,2.75,2.96
22370,1.1,4.37,4.53,4.19,1.41
22376,3.38,2.81,2.31,2.76,3.04
22388,2.11,4.71,4.48,4.83,1.27
22393,3.36,3.0,2.8,2.97,3.05
22396,2.42,3.56,2.86,2.84,2.72
22409,2.24,4.92,4.6,5.0,1.02
22443,3.06,3.15,2.97,3.55,2.42
22468,2.65,3.05,2.92,2.8,3.06
22474,2.25,2.93,4.86,3.73,3.36
22476,2.57,3.03,2.99,2.75,3.01
22485,3.14,2.85,2.38,2.32,3.23
22486,3.05,2.5,3.58,2.71,3.96
22500,3.35,3.26,3.4,3.73,2.5
22511,3.86,3.09,2.44,2.68,3.14
22535,4.15,1.99,1.57,1.85,3.82
22543,2.95,3.14,3.32,3.31,2.81
22544,3.29,2.67,3.09,2.89,3.39
22554,2.85,2.94,3.35,3.35,2.81
22620,3.88,2.47,1.79,1.72,4.03
22657,3.6,2.56,2.23,2.51,3.27
22660,4.13,2.22,1.51,1.9,3.78
22685,3.14,2.61,2.19,2.85,2.89
22686,3.04,2.28,2.4,2.13,3.71
22719,2.14,3.5,2.97,3.11,2.26
22731,3.54,2.63,2.57,2.86,3.16
22747,2.1,3.39,3.28,3.06,2.69
22755,3.48,2.75,2.31,2.91,2.97
22756,3.68,2.1,2.53,2.51,3.69
22774,3.4,2.33,2.37,2.5,3.47
22779,1.0,4.19,4.27,3.63,1.75
22809,3.28,2.55,2.48,2.37,3.5
22848,1.88,4.07,2.72,2.97,1.9
22851,4.1,1.17,1.0,1.0,4.62
22857,3.08,3.11,2.91,3.09,2.74
22876,3.37,2.58,2.88,2.8,3.37
22900,4.99,1.96,1.0,2.32,3.55
22925,1.0,5.0,2.84,2.5,1.36
22951,3.79,2.24,2.72,2.8,3.51
22960,3.15,2.22,2.73,2.38,3.92
22970,3.37,3.21,3.12,3.26,2.92
22976,3.08,3.02,2.68,2.81,3.05
22977,2.43,3.49,3.56,3.53,2.47
23008,4.3,2.93,2.27,3.14,2.86
23042,2.84,3.65,3.1,3.64,2.11
23065,2.95,2.89,3.27,3.07,3.23
23074,2.29,3.38,3.57,3.26,2.69
23104,1.52,4.08,3.28,3.17,2.03
23107,1.56,4.05,4.25,4.13,1.88
23154,2.73,3.47,3.33,3.24,2.79
23204,2.72,2.74,2.76,2.54,3.31
23214,3.79,2.51,2.66,2.92,3.26
23274,2.46,3.3,3.21,2.96,2.82
23284,2.84,3.18,3.12,2.93,2.94
23292,1.0,3.55,3.87,3.17,2.08
23329,3.93,2.61,3.28,3.58,3.15
23347,3.26,2.42,2.09,2.18,3.53
23366,2.41,4.46,4.07,4.51,1.45
23407,3.21,3.18,3.15,3.54,2.63
23412,3.03,3.1,2.27,2.5,3.07
23423,2.89,2.81,2.4,2.5,3.14
23436,3.43,2.57,2.11,1.94,3.74
23441,2.96,4.05,4.42,4.32,2.38
23493,2.73,3.72,3.49,4.2,1.85
23555,2.66,2.32,2.87,2.45,3.64
23562,3.22,2.46,2.66,2.71,3.33
23586,2.8,3.07,2.67,2.81,2.87
23624,3.68,2.04,2.5,2.37,3.93
23683,1.0,4.57,3.85,3.19,1.61
23721,3.28,2.54,2.02,2.29,3.33
23736,2.68,3.49,2.74,3.03,2.56
23744,3.52,3.24,3.58,4.15,2.41
23784,2.82,2.99,2.65,2.68,3.01
23815,3.04,3.05,1.93,2.49,2.72
23845,3.63,2.68,2.74,3.64,2.83
23846,3.51,3.09,2.43,3.2,2.64
23854,2.06,3.52,3.91,3.68,2.31
23856,3.03,2.66,2.85,2.24,3.96
23858,2.51,3.3,2.93,3.31,2.39
23881,3.15,2.95,2.97,3.07,3.05
23897,2.11,3.69,3.25,3.62,2.13
23908,1.0,4.3,4.46,4.05,1.54
23920,2.89,2.81,2.83,2.8,3.16
23921,4.09,2.17,2.48,2.43,3.87
23922,2.85,2.87,2.71,2.52,3.27
23930,2.91,2.23,2.59,2.2,3.96
24005,3.76,4.5,3.88,4.48,1.84
24052,3.28,3.41,3.13,3.5,2.63
24071,3.58,3.38,2.98,3.47,2.63
24075,2.86,3.15,3.03,3.04,3.01
24091,1.92,4.92,4.1,4.22,1.39
24095,3.25,2.23,2.88,2.86,3.41
24096,3.25,2.99,2.72,2.87,3.02
24106,2.13,2.98,4.13,3.51,2.95
24132,3.92,2.14,2.64,2.96,3.53
24156,2.64,2.91,3.27,2.92,3.17
24166,3.16,2.87,2.81,3.08,2.96
24174,5.0,1.27,1.0,1.0,5.0
24204,3.53,2.78,2.24,2.6,3.14
24257,2.91,2.85,2.37,2.75,2.81
24262,2.98,3.18,2.91,3.09,2.76
24267,4.0,2.66,3.04,3.47,3.14
24268,3.47,2.22,2.37,2.53,3.55
24281,3.7,1.82,1.96,2.08,3.92
24295,3.19,2.89,2.8,2.81,3.14
24306,2.76,3.36,3.28,3.12,2.77
24307,2.91,2.74,2.47,2.45,3.3
24315,3.0,3.07,2.92,2.59,3.32
24324,2.63,2.55,2.73,2.0,3.87
24334,2.64,2.73,2.64,2.32,3.39
24350,3.14,2.89,3.12,3.21,2.94
24418,1.58,4.19,4.26,4.1,1.77
24461,3.08,3.11,2.8,3.3,2.51
24501,2.65,2.84,2.98,2.71,3.23
24542,1.42,4.32,3.74,3.76,1.46
24553,3.51,2.31,2.08,2.11,3.72
24577,3.68,3.26,2.71,3.11,2.87
24588,2.86,2.44,3.08,2.91,3.38
24598,3.17,2.8,2.74,2.91,3.08
24623,3.44,2.5,2.53,2.85,3.2
24644,2.61,3.51,2.72,2.97,2.45
24655,3.37,3.09,3.4,3.4,2.99
24682,1.96,2.85,4.29,2.94,3.66
24685,3.1,2.57,2.14,2.38,3.07
24708,2.47,3.37,3.19,3.09,2.73
24746,2.55,2.69,4.08,3.0,3.62
24764,3.04,2.88,2.69,2.64,3.26
24776,2.76,3.03,2.57,2.65,2.96
24779,2.17,3.74,3.32,3.41,2.25
24889,3.46,2.28,2.13,2.14,3.68
24916,3.31,4.34,3.34,4.02,2.02
24931,3.17,3.22,3.07,3.21,2.84
24938,1.79,3.13,2.33,1.99,3.04
25000,3.51,3.38,2.87,3.5,2.49
25081,2.53,2.88,3.4,2.69,3.44
25095,3.26,2.56,2.13,2.11,3.52
25097,1.61,3.36,3.58,2.89,2.77
25112,2.76,2.66,3.18,2.77,3.44
25135,3.0,3.12,2.75,2.99,2.85
25204,2.87,3.03,2.94,2.85,3.07
25217,2.79,2.86,3.55,3.39,2.94
25222,3.46,2.63,3.07,3.53,2.89
25240,3.38,2.95,2.16,2.58,3.11
25243,2.78,2.74,2.85,2.71,3.27
25247,2.98,3.49,3.29,3.56,2.41
25249,2.94,2.85,3.17,2.98,3.2
25264,2.83,3.31,2.93,3.24,2.45
25270,3.69,2.06,2.66,2.35,4.06
25283,3.02,3.22,3.52,3.21,2.99
25289,2.62,3.22,2.77,2.73,2.75
25325,3.4,3.32,3.14,3.7,2.46
25330,2.73,2.98,2.64,2.46,3.17
25340,4.83,1.53,2.19,2.75,3.95
25356,4.06,1.95,2.19,2.21,3.97
25373,3.54,1.99,1.68,1.65,4.1
25409,1.68,3.74,3.53,2.75,2.96
25436,1.75,2.78,1.89,1.68,3.13
25437,3.56,3.1,3.32,3.6,2.74
25455,3.68,2.08,2.5,2.48,3.74
25497,3.5,1.98,3.08,2.97,3.58
25508,3.34,2.84,3.02,2.76,3.4
25528,3.27,2.99,2.66,2.76,3.13
25529,1.79,3.67,2.84,2.74,2.33
25541,2.83,4.48,3.41,4.16,1.47
25559,3.59,2.31,2.92,2.8,3.61
25560,3.48,2.85,2.6,2.88,3.07
25573,3.53,3.61,3.2,4.22,2.02
25600,3.37,2.55,2.74,2.35,3.78
25605,2.91,3.35,3.21,3.36,2.65
25622,2.45,3.32,3.17,3.01,2.72
25643,4.5,1.96,1.71,2.48,3.67
25652,4.36,2.28,1.83,2.3,3.73
25724,3.38,2.9,3.12,3.13,3.1
25735,3.15,2.57,2.06,2.27,3.2
25786,2.71,4.39,3.3,4.11,1.46
25820,3.45,2.28,2.64,2.81,3.45
25839,2.58,3.04,2.67,2.91,2.66
25855,3.3,3.66,2.82,3.68,2.16
25897,2.59,3.24,3.26,3.05,2.92
25922,3.23,2.96,2.72,2.66,3.32
25925,2.42,3.27,3.51,3.23,2.71
25953,2.96,3.55,3.34,3.52,2.47
25975,3.21,2.45,2.48,2.4,3.52
25998,3.76,2.27,2.39,2.65,3.59
26023,2.77,2.98,2.92,2.93,2.93
26033,4.38,2.64,2.87,3.22,3.33
26051,2.51,3.1,3.26,3.13,2.82
26059,3.26,2.59,2.98,2.82,3.39
26066,2.69,3.6,4.44,3.99,2.48
26069,3.33,2.69,3.09,2.98,3.36
26098,2.56,3.21,3.22,3.16,2.76
26099,2.85,2.92,2.89,2.24,3.64
26105,2.82,2.83,2.98,2.87,3.14
26120,1.79,3.08,3.55,2.75,3.13
26131,2.79,2.89,2.37,2.26,3.24
26189,2.89,3.37,3.11,3.18,2.67
26209,4.36,1.96,2.57,2.81,3.91
26218,3.92,2.09,2.3,3.26,3.05
26273,2.87,2.51,1.9,1.74,3.65
26312,1.19,4.75,4.15,3.92,1.42
26328,2.76,3.35,3.41,3.44,2.66
26352,2.56,3.33,3.35,3.34,2.6
26397,1.23,4.43,4.18,3.98,1.44
26414,4.24,1.65,1.22,1.73,3.94
26424,1.28,3.78,2.69,2.75,1.98
26482,3.89,2.89,3.1,3.31,3.24
26518,2.36,3.39,2.63,2.62,2.77
26524,2.97,2.72,2.97,2.75,3.32
26552,1.81,3.57,2.7,2.65,2.48
26562,3.04,2.63,2.7,2.48,3.53
26563,3.05,2.24,2.55,2.21,3.76
26582,2.11,4.46,3.87,4.17,1.45
26596,2.48,3.58,3.67,3.68,2.28
26599,2.88,2.16,2.36,1.77,4.15
26639,1.89,3.54,1.57,1.18,3.05
26644,2.58,2.89,2.66,2.45,3.2
26653,3.71,2.2,1.29,1.8,3.61
26660,2.89,3.03,3.47,3.12,3.07
26694,2.91,3.34,3.06,3.42,2.45
26717,2.79,3.65,2.99,3.58,2.11
26720,3.24,2.77,2.89,2.99,3.08
26744,2.78,3.54,3.2,3.52,2.26
26797,2.27,3.13,3.28,3.76,2.2
26801,3.59,2.38,2.85,3.05,3.4
26805,2.7,2.99,3.25,3.05,2.99
26817,2.46,3.23,3.26,3.15,2.79
26845,3.18,2.34,2.28,2.3,3.58
26846,3.25,3.16,2.74,2.76,3.06
26874,3.79,2.4,2.28,2.29,3.66
26913,3.13,1.62,3.46,2.06,4.95
26922,4.86,1.0,1.46,1.42,4.97
26943,3.53,3.1,2.87,3.55,2.63
27001,2.86,3.12,3.27,3.19,2.84
27029,4.68,1.92,2.07,2.64,3.75
27035,3.06,2.96,2.93,2.93,3.07
27043,3.63,3.06,3.06,3.56,2.65
27081,3.55,3.22,3.51,3.86,2.54
27098,2.39,4.49,4.4,4.43,1.82
27115,3.36,2.16,2.07,1.88,3.85
27137,3.72,1.97,2.01,1.78,4.13
27168,2.73,3.52,3.34,3.26,2.67
27190,2.44,3.0,3.45,2.82,3.35
27232,3.1,1.0,1.44,1.0,5.0
27233,4.28,2.72,3.06,3.26,3.49
27260,2.25,2.67,3.28,1.81,4.35
27283,2.71,4.28,3.55,4.23,1.62
27295,3.35,2.92,3.0,3.17,2.99
27307,3.44,3.08,3.0,3.28,2.88
27310,2.52,3.97,3.7,3.89,2.02
27322,3.87,1.81,2.38,2.5,3.75
27355,1.24,5.0,3.53,3.86,1.0
27370,3.65,3.01,2.8,3.42,2.67
27380,1.62,3.77,3.34,2.69,2.57
27409,4.53,2.72,3.27,3.62,3.11
27517,2.42,4.0,2.64,3.01,2.14
27525,1.91,3.93,2.57,2.84,2.15
27531,2.75,3.87,3.11,3.6,2.06
27533,2.94,3.23,2.86,3.16,2.63
27538,4.07,1.32,1.78,1.1,5.0
27544,3.19,3.15,2.87,3.22,2.73
27560,2.52,3.61,3.38,3.44,2.39
27583,2.76,3.19,2.78,2.95,2.66
27607,2.81,2.48,2.75,2.24,3.88
27629,3.37,2.63,2.62,2.66,3.42
27645,3.07,3.17,3.02,3.21,2.74
27647,3.21,1.0,1.45,1.45,4.24
27697,2.95,2.24,1.23,1.25,3.76
27752,3.16,2.88,2.62,2.78,3.12
27756,4.3,3.14,2.63,3.67,2.66
27766,2.51,3.35,4.07,4.28,1.9
27770,2.83,2.4,2.74,2.51,3.46
27786,2.62,2.97,2.28,2.47,2.98
27810,5.0,1.0,1.0,1.36,5.0
27831,2.69,3.99,4.1,3.9,2.3
27899,3.05,2.7,2.88,2.71,3.35
27902,2.06,2.67,3.09,2.27,3.45
27914,2.08,4.33,3.96,4.11,1.65
27941,2.93,3.26,3.06,3.21,2.72
27979,2.52,3.13,2.33,2.47,2.86
27992,2.95,2.92,2.6,2.73,2.97
28054,3.63,2.43,2.69,2.89,3.36
28055,2.38,4.64,3.38,3.62,1.75
28067,3.01,2.37,2.93,2.34,3.81
28085,2.04,3.39,2.54,2.33,2.79
28113,3.74,2.2,1.26,1.43,3.9
28156,2.71,3.62,3.73,3.86,2.27
28159,2.22,4.09,3.21,3.63,1.8
28178,2.81,3.32,3.41,3.35,2.69
28185,3.49,2.82,3.09,3.04,3.28
28186,2.58,3.07,3.79,3.67,2.57
28196,1.66,3.39,2.69,2.24,2.83
28223,3.04,2.7,2.89,2.67,3.42
28317,2.45,3.04,2.83,2.82,2.83
28336,2.87,3.09,2.98,3.09,2.83
28361,2.95,2.62,2.27,2.51,3.05
28362,2.89,2.71,2.76,2.57,3.34
28402,2.74,3.21,3.45,3.28,2.95
28406,3.19,2.42,2.96,2.5,3.88
28411,3.24,1.43,1.68,1.37,4.44
28440,3.36,3.01,2.49,2.97,2.86
28448,2.95,2.85,2.88,2.94,2.98
28463,2.55,3.42,3.29,3.16,2.65
28472,3.16,3.19,3.2,3.14,3.02
28500,2.73,2.73,2.6,2.6,3.16
28508,3.02,2.65,2.97,2.66,3.46
28527,2.91,2.85,2.29,2.48,3.04
28554,3.9,1.0,1.36,1.0,5.0
28590,3.94,2.33,2.98,3.13,3.48
28605,2.64,2.99,3.15,2.84,3.13
28606,3.06,3.22,3.21,3.66,2.39
28611,4.09,4.12,3.37,3.72,2.37
28640,4.16,3.14,3.44,3.68,2.96
28664,2.6,3.29,3.17,3.09,2.84
28732,2.82,3.01,3.55,3.38,2.89
28759,2.96,2.98,2.96,3.0,2.96
28794,3.49,2.8,2.72,3.38,2.68
28796,3.06,3.01,2.93,3.16,2.82
28845,3.06,2.8,2.83,2.87,3.16
28849,1.97,3.62,3.04,2.74,2.52
28850,2.56,2.69,2.71,2.4,3.35
28857,3.99,3.17,1.92,2.67,2.87
28860,3.26,3.29,2.36,3.15,2.44
28876,3.07,2.78,3.31,3.05,3.29
28900,4.01,2.63,3.09,3.28,3.38
28966,3.2,2.82,2.9,3.09,2.99
29026,2.95,2.48,2.85,1.98,4.08
29031,2.32,3.53,3.46,3.28,2.47
29038,2.97,2.85,3.19,2.89,3.27
29055,2.11,5.0,4.49,5.0,1.0
29071,2.76,3.42,2.91,2.97,2.69
29078,4.02,1.86,1.62,2.03,3.95
29129,2.76,3.19,3.32,3.13,2.88
29135,2.89,3.25,2.97,3.05,2.81
29149,3.17,1.72,2.88,1.58,5.0
29152,2.99,2.77,3.21,2.87,3.34
29162,3.63,2.31,2.28,2.3,3.7
29163,3.45,3.5,3.55,4.05,2.31
29164,3.33,2.64,2.78,2.98,3.16
29201,2.72,3.87,2.95,3.47,2.04
29202,3.13,3.51,2.63,2.86,2.76
29207,2.71,3.17,4.41,4.17,2.67
29210,2.29,3.0,3.27,2.75,3.24
29215,2.46,3.1,3.13,2.83,3.02
29238,3.29,2.8,2.98,3.03,3.12
29243,2.99,2.85,2.67,2.77,3.03
29247,3.21,2.93,3.17,3.46,2.75
29256,3.84,2.49,2.46,2.55,3.57
29302,3.29,2.02,2.47,2.25,3.91
29316,1.45,3.56,3.78,3.38,2.27
29361,3.96,2.79,3.56,3.24,3.67
29372,2.82,3.42,3.24,3.25,2.69
29413,4.52,2.73,2.66,3.34,3.32
29439,3.98,2.76,3.2,3.85,2.73
29440,2.86,3.15,3.19,3.01,2.98
29456,2.72,3.12,3.19,3.45,2.58
29457,2.61,2.44,2.8,2.42,3.5
29461,3.0,2.99,3.2,3.14,3.01
29481,1.0,4.46,2.93,2.67,1.76
29501,4.21,2.13,2.76,2.78,3.86
29535,2.9,3.07,3.08,3.21,2.81
29548,3.42,3.19,3.2,3.59,2.64
29553,3.57,3.24,3.16,3.63,2.6
29586,3.41,3.71,3.13,3.55,2.46
29595,4.72,2.62,2.69,3.06,3.28
29659,3.71,2.32,2.08,2.16,3.69
29671,2.92,3.0,2.73,2.74,3.11
29728,2.94,2.9,3.02,2.92,3.15
29755,2.85,2.78,3.06,2.85,3.15
29792,2.95,2.84,2.77,2.79,3.09
29871,3.97,2.29,2.03,2.26,3.77
29910,3.63,3.21,4.37,3.61,3.4
29915,1.25,3.55,4.52,3.73,2.4
29923,2.64,2.86,2.62,2.38,3.22
29942,2.82,3.66,3.39,3.55,2.39
29943,1.08,3.49,2.92,2.17,2.89
29958,2.04,3.6,3.31,3.09,2.53
29984,4.28,2.69,2.03,3.42,2.77
30025,1.62,4.05,3.28,3.12,2.15
30029,3.43,3.12,2.65,3.25,2.64
30030,2.86,2.86,2.93,2.68,3.21
30046,3.65,3.04,3.08,3.2,3.1
30068,2.41,3.87,3.5,3.87,2.0
30089,1.96,3.37,4.27,3.79,2.5
30093,3.46,2.11,2.11,2.1,3.94
30099,3.24,2.82,3.1,3.23,2.98
30103,3.2,3.54,3.19,3.62,2.36
30166,2.75,2.89,3.01,2.89,3.11
30173,2.75,2.75,2.32,2.12,3.4
30194,1.79,5.0,4.18,4.74,1.0
30205,2.28,3.39,2.87,2.83,2.65
30210,3.13,2.82,2.67,2.55,3.36
30219,2.64,2.67,2.46,2.14,3.45
30264,2.16,4.01,4.43,4.07,2.29
30268,2.56,2.77,4.15,3.19,3.46
30273,3.12,2.84,2.71,2.81,3.09
30286,3.28,2.72,3.0,3.08,3.23
30321,3.19,2.93,2.72,2.75,3.2
30338,4.18,1.91,1.63,2.85,3.31
30372,1.98,3.91,4.22,4.01,2.11
30398,1.68,4.28,4.32,4.22,1.76
30482,3.89,1.92,1.38,1.6,4.02
30504,3.17,3.03,3.1,3.14,2.99
30530,1.39,2.99,2.76,2.06,3.12
30531,3.11,2.75,3.14,2.99,3.25
30541,3.0,2.64,2.57,2.38,3.5
30551,3.65,2.72,2.9,3.0,3.28
30568,3.1,3.32,3.0,3.11,2.8
30591,1.33,3.89,3.56,3.41,1.83
30600,3.72,3.1,3.37,3.13,3.12
30651,3.19,2.23,2.92,2.4,3.88
30669,2.64,2.87,3.03,2.95,2.87
30677,3.01,2.34,2.28,2.0,3.73
30710,2.66,3.4,2.82,3.02,2.49
30816,1.96,4.48,4.28,4.77,1.04
30819,3.21,2.39,2.75,2.16,3.88
30837,3.14,2.76,2.79,2.74,3.29
30843,3.33,2.16,2.42,2.42,3.61
30881,3.38,2.57,2.6,2.6,3.45
30888,2.47,3.22,3.68,3.08,3.07
30893,3.51,1.36,2.56,1.85,4.66
30912,2.45,3.31,3.31,3.34,2.57
30927,2.4,3.26,3.7,3.4,2.68
30935,3.88,1.45,2.26,2.07,4.25
30948,3.83,1.8,1.89,1.84,4.13
30949,2.17,3.06,3.77,2.95,3.13
30955,3.47,2.86,3.6,3.36,3.35
30984,2.96,3.89,3.89,4.17,2.08
31017,1.65,4.51,3.66,2.37,2.72
31045,3.31,2.5,2.9,2.36,3.86
31059,3.44,2.6,2.39,2.91,2.97
31081,2.83,3.11,3.17,2.98,3.01
31092,2.77,4.2,4.19,3.92,2.47
31093,4.02,2.14,2.48,2.9,3.57
31120,3.13,2.12,2.36,2.43,3.43
31137,2.12,3.54,3.97,3.88,2.24
31148,2.38,3.25,3.74,3.11,3.09
31215,2.56,2.85,2.62,2.68,3.04
31226,3.22,2.4,3.02,3.04,3.37
31241,3.78,2.64,2.87,3.04,3.24
31278,2.79,2.97,2.87,2.97,2.91
31295,2.44,3.74,2.45,2.58,2.49
31322,1.86,4.39,3.08,3.39,1.62
31339,3.83,1.91,1.88,1.99,3.94
31357,2.98,2.38,2.97,2.06,4.11
31375,3.16,2.71,2.81,2.88,3.18
31399,1.7,4.09,3.59,3.32,2.17
31409,3.33,2.67,2.51,2.82,3.12
31429,1.51,3.86,3.47,3.17,2.14
31448,3.14,2.54,2.74,2.98,2.98
31477,2.95,2.28,1.83,1.69,3.65
31479,2.42,3.75,3.27,3.48,2.1
31492,2.45,3.27,4.27,3.51,2.89
31509,3.09,2.72,2.68,2.2,3.81
31524,2.96,2.96,2.76,2.72,3.1
31528,2.65,2.82,3.46,3.07,3.17
31568,3.02,2.75,3.26,2.87,3.4
31614,1.59,3.1,3.51,2.6,3.19
31619,2.92,2.6,2.72,2.58,3.39
31622,2.2,3.76,3.2,3.42,2.1
31639,3.57,2.3,2.36,2.3,3.77
31644,3.79,1.0,1.8,1.02,5.0
31663,3.44,2.58,2.52,2.17,3.98
31691,2.52,3.12,2.84,2.71,2.93
31692,3.29,2.62,2.53,2.57,3.37
31727,2.84,1.0,2.74,1.13,5.0
31744,2.08,2.7,3.01,1.93,3.87
31750,3.02,3.01,2.79,2.6,3.24
31760,3.01,2.53,3.49,3.21,3.13
31783,2.9,3.08,2.74,2.64,3.16
31810,3.01,3.2,3.46,3.88,2.27
31823,2.75,3.32,3.35,3.3,2.72
31838,3.81,1.27,2.44,2.17,4.4
31877,3.51,2.72,2.6,2.99,3.01
31878,3.81,2.84,1.71,1.7,3.68
31892,3.99,2.3,2.15,2.44,3.72
31895,3.21,1.88,2.34,1.84,4.23
31900,3.25,2.41,2.99,2.73,3.63
31909,4.44,1.46,1.22,1.45,4.45
31913,2.38,3.64,3.29,3.2,2.46
31971,2.96,3.11,2.88,2.99,2.85
31980,3.41,2.46,2.55,2.51,3.59
31985,2.23,4.41,4.58,4.64,1.66
32019,2.78,2.69,3.27,2.43,3.79
32037,2.46,3.33,3.49,3.03,3.05
32054,3.13,3.02,3.72,3.79,2.58
32060,2.75,2.64,2.92,2.41,3.54
32087,4.05,2.15,2.43,2.49,3.94
32088,2.99,3.07,3.7,3.57,2.9
32109,2.66,3.27,3.19,3.14,2.74
32162,3.59,3.21,2.61,3.37,2.59
32200,4.98,2.24,2.28,3.06,3.66
32206,2.81,3.03,3.82,3.41,3.06
32210,2.61,2.94,2.99,2.34,3.37
32233,2.81,2.79,2.8,2.68,3.16
32246,2.45,3.44,3.28,3.69,2.16
32268,2.73,4.63,3.72,4.18,1.57
32278,1.39,3.58,2.31,2.31,2.25
32287,2.72,3.46,3.31,3.24,2.7
32309,2.84,2.87,3.05,2.76,3.27
32322,3.22,2.67,2.7,2.76,3.25
32414,2.69,3.3,3.36,3.4,2.6
32426,3.51,1.92,2.63,1.97,4.33
32429,3.01,2.88,3.05,2.91,3.31
32547,3.49,2.22,2.34,2.32,3.71
32549,2.96,3.09,2.85,2.86,3.01
32586,2.9,2.38,2.5,2.64,3.29
32590,1.33,4.33,3.96,3.75,1.81
32639,2.74,3.88,3.08,3.54,2.05
32641,2.57,3.23,2.71,2.77,2.8
32655,2.61,3.84,3.35,3.4,2.47
32660,3.68,2.41,1.96,1.86,3.9
32687,1.59,3.77,4.32,3.82,2.37
32701,3.95,2.45,2.42,2.72,3.45
32711,1.0,4.29,4.07,3.59,1.71
32713,4.2,3.03,3.65,4.12,2.78
32737,2.86,2.96,3.96,3.92,2.67
32754,3.13,2.69,2.51,2.53,3.36
32755,3.64,2.43,3.04,2.89,3.61
32766,3.6,2.5,2.83,2.8,3.48
32778,3.04,2.68,2.93,2.89,3.17
32804,2.6,2.82,4.02,3.19,3.59
32836,2.18,1.79,2.63,1.43,4.4
32855,3.11,1.0,1.46,1.0,5.0
32858,2.69,3.28,2.96,2.92,2.79
32860,3.38,2.05,3.04,2.88,3.75
32862,2.29,3.57,3.24,3.1,2.54
32864,1.0,3.67,3.05,2.76,2.11
32876,1.96,3.75,2.93,3.13,2.02
32880,3.7,2.55,3.61,2.89,4.0
32923,2.65,2.74,1.86,1.92,3.15
32942,1.54,4.1,4.34,4.15,1.85
32998,3.34,2.0,2.56,2.39,3.74
33005,3.15,3.6,2.79,3.54,2.2
33032,4.07,2.34,2.34,2.34,3.79
33048,2.44,3.35,3.64,3.31,2.7
33073,2.33,3.61,2.84,2.78,2.61
33124,3.06,2.64,2.81,2.58,3.53
33139,4.22,2.03,2.22,2.56,3.63
33147,2.86,2.42,2.54,2.25,3.59
33173,2.96,2.98,2.77,3.03,2.89
33182,3.56,2.38,2.62,2.95,3.31
33185,2.61,2.82,3.17,2.59,3.47
33198,2.63,3.15,3.34,3.21,2.79
33212,2.35,4.74,3.93,3.67,1.79
33213,3.84,2.71,2.91,3.17,3.32
33225,3.13,3.3,3.21,3.7,2.34
33237,3.21,2.71,2.93,2.77,3.38
33250,3.53,2.58,2.81,2.73,3.41
33252,3.37,2.61,2.72,2.68,3.43
33309,3.14,2.82,2.9,3.02,3.04
33310,2.98,3.24,3.05,3.37,2.47
33335,2.33,3.61,3.57,3.92,1.93
33371,3.18,2.75,3.03,3.2,3.03
33418,2.33,3.2,2.53,2.71,2.54
33465,4.0,3.22,3.0,3.99,2.37
33471,2.44,3.59,4.39,4.18,2.24
33499,3.04,3.07,2.91,2.92,3.0
33503,1.57,4.68,4.39,4.54,1.27
33524,2.71,2.61,2.8,2.49,3.36
33533,2.87,2.88,2.35,2.38,3.19
33545,3.56,2.79,2.74,3.12,3.04
33574,2.77,3.86,4.52,4.11,2.56
33585,2.58,2.64,3.65,2.64,3.81
33608,2.16,4.66,4.44,5.0,1.26
33684,2.76,3.04,2.87,3.1,2.65
33751,2.88,2.47,3.0,2.38,3.77
33814,2.2,3.25,3.55,3.25,2.68
33818,4.53,2.22,1.77,2.32,3.59
33819,2.73,3.15,3.15,3.1,2.82
33871,3.02,2.65,2.62,2.72,3.29
33885,3.53,2.39,2.69,2.52,3.69
33934,3.22,3.01,2.83,3.14,2.73
33938,3.32,1.0,2.8,1.54,5.0
33946,2.72,3.49,3.39,3.35,2.59
33948,3.75,2.7,2.31,2.49,3.43
33952,3.14,3.42,2.72,3.38,2.34
33970,2.23,3.28,3.55,3.44,2.47
33977,4.17,2.18,3.29,3.56,3.47
34013,1.37,3.95,2.88,2.74,2.03
34016,2.21,3.25,3.67,4.08,1.84
34099,2.41,3.16,3.15,3.1,2.78
34114,2.48,3.76,3.45,3.19,2.66
34135,3.23,2.92,2.93,3.32,2.72
34174,4.3,3.09,2.05,3.13,2.71
34237,2.57,2.93,2.84,2.76,3.01
34258,2.72,3.21,3.2,2.97,2.96
34263,4.13,1.97,2.39,2.18,4.46
34289,3.23,2.69,2.38,2.54,3.17
34297,2.75,3.21,3.01,3.14,2.6
34322,3.67,2.7,2.13,2.89,2.93
34379,4.01,1.97,2.05,2.43,3.67
34421,3.3,2.26,2.28,2.43,3.5
34424,3.36,2.0,1.9,1.76,3.96
34451,3.57,2.68,3.25,3.26,3.21
34460,3.24,2.61,2.84,2.7,3.43
34473,3.23,3.88,3.57,4.07,2.05
34475,2.9,2.84,2.84,2.89,3.03
34487,3.64,2.54,1.63,1.91,3.53
34496,3.36,2.53,2.75,2.71,3.47
34502,2.36,3.4,3.19,3.29,2.41
34508,4.03,1.0,1.53,1.0,5.0
34521,2.96,2.95,3.18,3.15,2.97
34522,2.98,2.27,3.29,2.53,4.03
34523,2.94,3.35,3.22,3.16,2.76
34533,4.27,2.0,1.66,1.87,3.98
34552,2.96,3.02,4.48,4.21,2.87
34565,2.62,3.83,2.95,2.94,2.49
34570,3.16,3.47,3.12,3.55,2.39
34579,3.14,2.95,2.06,2.48,3.05
34581,3.63,2.78,2.6,3.04,3.07
34593,2.62,3.2,3.87,3.92,2.42
34619,3.42,2.68,3.17,3.45,2.85
34646,3.1,3.53,2.89,3.31,2.45
34648,3.87,2.84,3.12,3.75,2.74
34669,3.14,3.23,2.28,2.81,2.64
34721,2.77,3.12,3.3,3.24,2.82
34724,3.49,2.16,1.74,1.77,3.98
34725,4.98,2.38,1.23,2.61,3.3
34771,3.33,2.51,3.62,3.69,3.08
34819,2.61,3.05,2.55,2.79,2.75
34825,2.89,4.05,3.91,4.09,1.98
34841,2.9,3.13,3.02,3.16,2.77
34844,4.09,2.33,2.42,2.47,3.77
34846,2.09,3.62,3.66,3.27,2.62
34891,1.58,3.81,4.13,3.39,2.51
34902,2.12,1.95,4.12,2.3,4.68
34932,4.31,2.36,2.57,2.88,3.61
34942,1.78,3.98,3.92,3.72,2.1
35002,3.14,2.91,2.81,3.16,2.79
35014,2.37,4.0,3.81,3.48,2.48
35048,3.09,3.17,3.14,3.11,2.98
35049,2.74,3.2,3.53,3.03,2.97
35096,2.69,3.04,2.9,2.67,3.16
35155,2.78,3.06,3.18,2.84,3.14
35239,2.59,3.18,3.17,3.14,2.84
35293,2.64,3.67,4.42,3.67,2.77
35296,3.22,2.88,2.84,3.02,2.97
35309,3.06,2.29,2.84,2.36,3.85
35352,3.03,2.51,2.53,2.17,3.75
35353,3.29,1.13,1.0,1.0,4.48
35355,2.38,3.01,3.07,2.65,3.1
35356,2.6,3.35,2.74,3.22,2.28
35363,2.86,3.81,3.71,3.9,2.23
35367,2.97,2.69,2.96,2.38,3.68
35427,2.54,3.25,2.24,2.37,2.97
35436,1.79,4.67,4.23,4.52,1.36
35485,2.95,4.18,3.41,4.13,1.75
35491,3.66,2.14,2.33,2.43,3.67
35555,3.11,2.3,2.51,2.25,3.77
35617,2.21,3.62,3.06,2.9,2.53
35618,2.86,2.57,2.51,2.28,3.54
35633,1.36,4.48,3.06,3.19,1.71
35642,2.85,3.85,3.67,4.07,2.04
35648,4.1,1.93,1.54,1.51,4.22
35653,2.85,2.83,2.77,2.87,2.95
35667,2.51,3.34,3.37,3.29,2.61
35682,3.01,4.63,3.41,3.9,1.77
35693,3.22,2.64,2.81,2.77,3.35
35719,2.84,3.34,3.82,3.71,2.6
35740,2.96,3.13,3.02,3.12,2.83
35752,2.99,3.12,3.15,3.12,2.91
35765,3.53,3.48,3.18,3.66,2.39
35766,3.56,1.74,2.38,2.2,4.04
35773,3.43,2.04,3.09,2.03,4.72
35779,3.33,2.02,2.66,2.17,4.12
35793,2.11,4.25,4.21,4.25,1.67
35794,3.28,2.51,2.49,2.53,3.46
35813,3.2,2.7,2.96,2.74,3.51
35818,4.5,1.72,1.98,2.01,4.34
35826,2.74,3.29,3.46,3.38,2.82
35833,2.4,3.44,3.9,3.39,2.78
35893,3.2,3.25,2.79,3.17,2.63
35903,3.22,2.45,2.28,2.5,3.4
35919,2.67,3.02,2.94,2.47,3.43
35927,2.94,3.26,2.92,2.91,2.96
35971,3.42,2.9,3.01,3.23,2.89
35977,3.22,2.9,2.5,2.6,3.21
35994,2.96,2.3,2.6,2.21,3.88
36015,2.29,3.44,2.3,2.54,2.66
36020,2.3,3.88,3.16,3.54,1.79
36032,4.71,2.12,2.67,2.93,3.78
36044,3.04,2.32,2.97,2.76,3.43
36053,3.71,2.67,2.79,3.2,3.14
36094,3.03,2.64,2.73,2.83,3.1
36095,3.73,2.19,2.93,2.79,3.69
36152,3.5,3.11,2.54,3.2,2.68
36158,3.01,3.33,2.98,3.25,2.63
36174,2.47,3.69,2.24,2.76,2.14
36185,2.82,3.65,3.96,4.24,2.05
36225,2.73,2.93,3.1,2.8,3.21
36248,1.47,3.61,3.56,2.88,2.57
36253,2.61,3.26,3.44,3.27,2.8
36291,3.34,3.23,3.41,3.45,2.95
36311,4.33,1.65,2.2,2.16,4.23
36342,3.2,2.91,2.85,2.63,3.43
36345,2.54,4.29,3.92,4.24,1.66
36346,3.66,2.63,2.34,2.79,3.09
36356,3.21,2.64,2.79,2.53,3.56
36359,2.55,3.53,3.09,3.37,2.32
36406,2.67,2.99,2.93,2.34,3.47
36416,3.08,3.45,3.09,3.5,2.39
36437,3.19,3.65,3.33,3.8,2.22
36442,2.31,3.79,3.08,3.44,2.05
36470,2.61,3.45,2.92,3.22,2.38
36473,3.87,2.31,2.85,2.65,3.89
36481,2.8,2.7,2.29,2.03,3.52
36491,3.21,2.26,4.41,3.44,4.1
36500,1.97,3.76,4.0,3.42,2.49
36539,2.85,3.05,3.14,2.86,3.2
36547,3.09,2.56,2.84,2.54,3.53
36560,3.28,2.66,2.73,3.15,2.86
36564,3.63,3.33,2.6,3.51,2.39
36590,3.06,4.23,3.98,4.21,1.86
36618,3.46,2.47,2.92,2.76,3.52
36623,3.13,2.4,2.27,2.34,3.53
36629,2.25,3.59,2.65,2.52,2.71
36679,1.68,3.84,4.07,3.2,2.51
36685,3.45,2.15,2.89,2.93,3.52
36689,1.91,3.9,4.04,3.94,2.0
36728,3.06,2.69,2.61,2.71,3.21
36730,2.43,3.32,3.43,3.4,2.63
36750,3.66,2.14,2.98,2.98,3.57
36755,2.37,3.25,2.72,2.9,2.54
36782,3.3,2.93,2.92,3.32,2.72
36810,3.13,2.34,2.79,2.88,3.26
36812,3.13,2.93,2.56,2.91,2.91
36816,2.97,2.97,3.02,3.25,2.77
36829,3.11,3.24,2.76,2.9,2.83
36830,1.78,3.7,3.43,3.34,2.21
36855,3.89,2.82,2.45,3.19,2.88
36865,1.97,4.56,4.47,4.2,1.66
36997,3.15,3.26,3.13,3.5,2.57
37000,3.85,2.53,2.89,2.87,3.71
37012,3.97,1.98,2.28,2.26,4.0
37024,2.49,3.36,2.83,2.77,2.73
37089,3.15,3.26,2.93,3.06,2.71
37095,1.78,3.96,2.79,2.75,2.2
37163,3.27,2.86,2.7,2.83,3.17
37191,3.25,3.25,2.58,2.75,3.11
37197,1.83,3.4,2.2,2.36,2.54
37212,2.79,2.58,3.17,2.89,3.32
37238,2.26,2.77,3.06,2.68,3.17
37316,2.6,3.03,2.75,2.54,3.1
37330,2.21,3.91,2.76,3.11,1.96
37334,3.24,2.17,2.39,2.27,3.79
37352,3.35,2.98,2.56,2.43,3.39
37357,1.13,4.04,4.59,3.95,1.87
37423,3.87,2.58,2.65,2.84,3.48
37432,3.21,2.57,2.63,2.5,3.52
37443,3.07,3.18,3.11,3.23,2.8
37453,2.83,2.72,2.61,2.62,3.18
37467,2.94,3.21,2.63,2.66,2.9
37478,3.91,3.02,3.31,4.1,2.51
37481,3.91,2.54,2.09,2.72,3.15
37503,4.07,2.15,2.38,2.53,3.83
37504,4.08,3.14,3.64,4.18,2.58
37514,3.16,3.1,2.96,3.26,2.68
37518,2.04,3.92,3.99,3.7,2.23
37519,2.55,2.89,3.54,2.86,3.31
37531,2.73,3.35,3.29,3.29,2.69
37547,1.45,4.8,4.03,3.92,1.47
37561,3.01,3.04,2.87,2.91,3.01
37579,2.33,3.2,2.83,2.53,3.05
37585,3.19,4.33,3.3,3.97,1.87
37630,3.28,2.2,2.2,2.35,3.55
37636,2.8,2.23,2.51,2.48,3.5
37652,3.41,3.21,3.14,3.61,2.52
37683,2.35,3.16,3.86,3.53,2.87
37692,2.31,3.73,4.0,3.75,2.36
37702,2.77,3.56,3.54,3.82,2.28
37727,3.83,2.95,3.24,3.7,2.85
37730,3.28,2.9,3.43,4.16,2.39
37735,3.96,1.8,1.4,1.59,4.09
37754,3.36,3.21,3.1,3.55,2.76
37758,3.22,2.38,2.24,2.25,3.6
37782,3.01,2.76,2.82,2.91,3.06
37789,3.55,1.9,1.87,1.68,4.11
37799,3.09,2.17,2.24,2.18,3.53
37808,3.25,2.32,1.89,1.97,3.61
37820,3.69,3.28,2.82,3.4,2.61
37841,3.36,3.2,2.77,3.22,2.68
37884,2.78,3.48,3.23,3.13,2.74
37887,2.84,2.68,2.72,2.53,3.35
37897,3.38,3.31,3.47,3.4,2.81
37906,3.39,1.8,2.51,1.91,4.32
37914,3.19,2.93,2.85,2.9,3.1
37920,3.0,3.41,3.14,3.19,2.7
37940,3.39,3.2,2.55,3.21,2.53
37966,2.41,3.08,2.99,2.84,2.87
37975,2.19,3.8,3.38,3.05,2.48
38008,3.92,3.06,2.69,3.35,2.8
38018,3.24,2.85,2.82,3.06,2.86
38039,3.72,2.64,2.55,2.52,3.52
38040,3.39,2.97,2.85,3.18,2.91
38043,2.96,3.2,2.9,2.97,2.89
38070,4.43,2.82,2.79,3.62,2.86
38108,2.22,3.2,3.01,2.79,2.82
38176,2.59,3.2,3.28,3.04,2.91
38215,3.82,2.15,3.54,2.87,4.07
38221,2.87,3.41,3.25,3.62,2.27
38274,3.55,2.21,2.36,2.22,3.82
38294,2.74,3.3,4.98,4.56,2.44
38309,2.69,2.91,3.43,3.04,3.22
38340,3.48,2.35,2.36,2.4,3.58
38354,3.74,2.43,2.74,2.95,3.39
38383,3.5,2.83,2.67,3.17,2.76
38385,2.57,2.43,4.88,3.13,4.1
38414,2.68,2.61,3.34,2.97,3.37
38479,2.56,3.19,3.12,2.97,2.84
38507,3.33,2.17,2.94,2.59,3.82
38538,3.69,2.58,2.66,2.93,3.11
38572,4.35,2.4,2.75,3.43,3.22
38577,2.97,3.29,3.78,3.45,2.96
38624,3.95,3.68,3.78,4.27,2.23
38638,3.51,2.76,4.09,3.78,3.28
38640,3.49,2.41,2.26,1.95,3.94
38655,2.72,3.34,3.16,3.49,2.31
38665,1.82,3.8,5.0,4.88,1.76
38669,2.53,3.43,4.1,3.41,2.96
38747,2.86,3.43,4.11,4.36,2.21
38754,2.65,3.19,3.62,3.33,2.99
38757,4.01,2.22,2.27,2.42,3.72
38767,3.57,2.81,3.39,3.65,2.85
38797,2.51,3.09,3.02,2.78,3.04
38826,2.91,3.02,3.01,2.96,3.0
38842,2.41,4.2,4.49,4.35,2.07
38862,2.15,3.57,3.18,3.02,2.49
38877,3.56,2.36,1.96,2.12,3.67
38909,2.22,3.29,3.52,2.57,3.38
38950,1.98,4.68,4.44,4.77,1.12
38959,3.3,2.82,2.77,2.83,3.23
38968,2.64,3.48,3.37,3.37,2.58
38986,3.59,2.39,2.58,2.53,3.66
39006,3.15,3.31,2.54,2.87,2.61
39034,4.0,1.98,1.55,1.67,4.06
39042,1.62,3.92,4.15,3.47,2.44
39071,2.4,3.82,3.53,3.67,2.16
39075,3.63,2.9,4.11,4.47,2.56
39089,4.73,1.0,1.0,1.0,5.0
39090,2.01,4.28,4.41,4.24,1.89
39151,2.73,3.23,3.01,3.04,2.8
39197,1.81,2.93,3.27,2.23,3.64
39229,3.36,3.23,2.66,3.29,2.57
39283,2.85,3.52,3.28,3.52,2.39
39326,2.86,3.03,2.52,2.74,2.83
39343,3.42,2.52,2.28,2.42,3.4
39360,2.67,4.23,3.43,3.82,1.9
39420,2.58,3.98,3.27,3.65,1.86
39422,2.54,3.9,3.98,4.21,1.79
39429,2.56,3.12,3.74,3.33,3.03
39437,2.75,2.85,2.9,2.63,3.26
39462,1.64,4.14,4.59,4.23,1.83
39471,1.0,4.39,2.63,2.56,1.72
39483,3.31,3.14,2.87,3.17,2.8
39500,2.59,3.92,4.77,4.68,1.8
39546,2.34,4.07,3.55,3.69,1.9
39553,4.4,2.15,2.08,2.37,3.83
39556,1.54,3.41,2.51,1.98,2.86
39577,3.03,3.18,3.02,3.16,2.87
39607,4.48,2.19,2.69,3.33,3.32
39629,3.74,2.99,2.78,3.36,2.76
39635,3.36,2.79,2.24,2.41,3.31
39641,2.17,4.39,4.14,3.89,2.07
39666,2.94,3.13,2.99,3.01,2.88
39670,3.09,2.98,3.1,2.84,3.2
39672,2.94,3.08,3.01,3.36,2.59
39679,2.62,3.21,3.67,3.12,3.06
39687,4.08,2.34,2.03,2.56,3.45
39699,2.87,3.2,3.35,3.36,2.64
39706,3.52,3.21,2.16,3.04,2.46
39721,3.17,3.33,3.23,3.68,2.31
39734,4.07,2.19,2.26,2.18,3.9
39743,3.04,3.04,2.97,2.99,3.01
39765,3.33,2.76,2.61,2.61,3.33
39795,2.97,2.05,4.65,3.47,4.11
39856,2.54,3.71,3.55,3.86,2.11
39867,2.85,2.21,3.38,2.91,3.78
39974,3.43,2.54,2.35,2.35,3.46
40019,3.13,2.78,3.61,3.66,2.8
40025,2.36,2.74,4.04,3.15,3.33
40086,2.98,2.65,2.32,2.33,3.29
40100,2.26,3.88,4.62,4.38,1.95
40120,2.22,4.44,2.85,2.65,2.31
40136,1.63,3.09,2.53,2.33,2.75
40162,3.08,2.68,2.75,2.67,3.31
40221,1.82,3.39,3.17,2.8,2.62
40251,2.97,2.58,3.21,2.65,3.6
40268,2.73,3.06,3.02,2.89,3.02
40273,2.71,3.27,2.92,2.82,2.96
40301,1.36,4.37,4.84,4.84,1.05
40303,3.03,3.5,2.69,2.97,2.59
40306,2.97,3.28,3.07,3.24,2.71
40323,4.27,2.08,1.35,1.75,4.0
40346,3.48,1.97,1.85,1.73,4.01
40354,2.71,2.73,3.29,2.88,3.28
40355,2.37,2.64,3.41,2.91,3.31
40358,3.41,1.67,3.01,2.11,4.62
40388,3.26,2.1,2.78,2.59,3.66
40395,3.54,2.07,2.71,2.84,3.82
40400,3.67,2.01,2.76,2.77,3.64
40405,2.44,3.27,2.9,2.47,3.2
40426,4.08,2.86,2.29,2.84,3.12
40433,4.15,1.01,1.54,1.11,5.0
40452,2.95,3.0,3.67,2.98,3.29
40485,3.09,2.95,2.67,2.7,3.14
40489,3.58,2.55,2.46,2.63,3.44
40514,3.09,2.67,2.74,2.57,3.38
40519,2.84,2.54,3.13,2.36,3.87
40530,2.03,3.15,2.83,2.72,2.81
40539,2.67,2.94,3.13,3.27,2.71
40555,3.45,2.77,2.61,3.3,2.78
40627,3.93,2.17,2.33,2.34,3.85
40636,2.7,3.36,2.82,2.96,2.72
40654,3.04,3.04,2.72,2.88,2.97
40662,2.75,3.25,2.95,3.06,2.74
40680,1.0,3.79,3.85,2.83,2.42
40691,4.08,1.96,2.31,2.33,4.08
40724,3.31,2.71,2.9,2.88,3.27
40751,1.87,4.62,4.63,4.87,1.24
40763,4.47,2.15,1.31,2.51,3.43
40764,1.76,4.8,3.12,3.27,1.57
40766,3.16,2.8,2.98,3.04,3.13
40779,3.54,3.66,2.22,3.04,2.35
40780,3.34,2.86,3.35,3.49,2.97
40883,3.1,3.14,2.7,3.14,2.67
40885,2.66,3.11,3.3,3.13,2.9
40936,3.27,2.46,2.53,2.31,3.75
40947,3.1,2.88,3.13,2.89,3.3
40951,3.45,2.69,2.67,2.67,3.45
40968,3.39,2.73,2.55,2.49,3.49
40990,2.7,3.08,2.21,2.34,2.78
41010,4.84,1.87,2.74,3.06,3.83
41021,3.23,2.84,2.66,2.88,3.1
41081,2.34,3.46,3.6,3.69,2.21
41099,2.77,3.17,3.13,3.12,2.81
41119,2.15,4.15,3.06,3.06,2.18
41122,3.92,3.75,5.0,4.25,3.02
41127,3.65,2.3,2.0,2.11,3.75
41128,2.61,3.28,2.62,2.48,3.0
41143,3.58,2.5,2.53,2.98,3.04
41179,2.72,3.02,2.76,2.63,2.99
41185,2.94,3.1,2.84,3.05,2.88
41210,3.92,3.15,2.97,3.57,2.63
41212,3.07,3.0,2.2,2.56,2.93
41223,1.93,4.47,5.0,5.0,1.08
41269,4.82,1.54,1.83,2.22,4.26
41277,3.06,3.17,3.0,2.57,3.36
41285,3.24,2.56,2.51,2.44,3.48
41307,1.84,3.29,3.14,2.98,2.53
41348,3.42,2.1,3.15,2.85,3.69
41388,2.19,4.16,3.34,3.12,2.33
41392,3.42,2.77,2.94,3.13,3.14
41396,2.98,3.06,2.91,3.04,2.87
41406,3.21,2.97,2.8,2.87,3.11
41407,2.88,2.83,2.79,2.62,3.25
41411,3.15,2.78,3.09,3.58,2.67
41433,2.65,3.54,3.46,3.51,2.56
41470,2.33,3.75,4.06,4.1,1.98
41502,1.45,3.81,3.95,3.1,2.7
41536,1.7,3.22,4.23,2.75,3.44
41558,4.48,1.18,1.53,1.19,4.98
41591,3.22,2.8,3.19,3.17,3.14
41601,1.53,3.1,3.7,2.33,3.62
41658,4.39,2.7,3.0,3.68,3.01
41674,1.85,3.97,4.39,3.75,2.33
41698,2.91,2.96,2.76,2.75,2.94
41755,3.28,3.66,3.6,3.71,2.58
41783,2.43,3.2,3.79,3.7,2.62
41810,2.87,3.81,3.32,3.97,1.96
41820,3.05,2.62,2.69,2.7,3.33
41848,3.18,2.68,2.28,2.73,2.87
41854,2.46,3.85,4.22,4.0,2.21
41859,2.83,2.47,4.16,3.7,3.17
41866,4.52,1.75,2.16,2.32,4.27
41888,2.91,2.16,2.64,1.64,4.6
41897,3.28,2.9,2.8,2.37,3.63
41973,3.28,2.95,3.06,3.07,3.06
42003,3.88,2.11,2.36,2.84,3.57
42017,2.75,3.43,4.34,4.45,2.1
42018,2.5,3.45,3.75,3.14,2.84
42019,2.98,2.94,2.68,2.67,3.14
42048,1.16,4.44,3.36,3.46,1.54
42060,2.05,3.08,2.07,1.97,3.02
42087,3.24,3.07,4.18,3.74,3.07
42094,4.33,2.5,2.52,2.75,3.63
42118,3.01,1.88,2.45,2.44,3.67
42155,1.79,3.79,3.77,3.46,2.42
42165,3.63,2.38,2.01,2.23,3.56
42183,3.02,2.92,3.03,2.65,3.36
42199,3.02,2.53,2.01,2.32,3.31
42221,4.08,2.12,2.42,2.17,4.36
42240,3.12,2.68,3.22,3.05,3.27
42291,3.12,3.18,2.59,3.12,2.58
42325,4.22,2.9,3.07,3.84,2.74
42336,3.38,1.92,2.4,2.06,4.01
42355,3.47,2.42,3.21,2.88,3.79
42369,2.69,3.48,3.86,3.69,2.53
42462,2.56,3.2,3.64,3.37,2.79
42466,3.06,3.04,3.62,3.52,2.86
42486,1.97,4.58,3.55,4.24,1.13
42505,3.25,3.43,3.02,3.05,2.89
42513,2.83,3.26,2.77,2.9,2.77
42541,3.08,2.94,3.11,3.21,2.93
42544,2.44,4.41,3.91,4.03,1.69
42565,2.95,2.61,2.54,2.33,3.55
42602,2.7,3.13,2.96,3.15,2.65
42613,1.0,4.04,3.8,2.71,2.6
42628,2.37,3.3,2.48,2.53,2.75
42630,2.85,3.27,4.1,3.07,3.42
42638,2.92,2.7,3.77,2.9,3.72
42653,2.13,4.18,3.6,4.07,1.6
42663,2.9,2.94,3.41,3.17,3.07
42674,2.93,2.75,2.98,2.66,3.49
42680,2.62,3.58,3.3,3.21,2.6
42685,2.72,3.2,3.23,3.1,2.76
42717,2.23,3.83,3.29,3.45,2.17
42722,3.6,3.47,3.14,3.5,2.5
42727,3.07,2.66,2.57,2.36,3.21
42741,2.79,3.11,3.13,3.03,2.9
42742,3.35,2.91,2.56,2.8,3.14
42768,3.47,2.49,2.13,2.15,3.59
42771,1.98,3.28,2.66,2.14,3.06
42779,1.52,4.21,4.08,3.56,2.09
42786,2.95,2.7,2.89,2.75,3.29
42850,1.74,4.13,4.29,3.6,2.25
42862,3.33,2.9,3.39,3.27,3.06
42881,1.75,4.33,4.42,4.62,1.54
42893,3.25,2.77,2.63,2.86,3.11
42944,3.37,1.49,1.89,1.47,4.48
43023,2.87,2.28,3.09,2.57,3.76
43029,2.67,3.7,3.48,3.32,2.39
43030,4.27,1.77,2.04,2.26,4.06
43043,3.9,2.86,2.55,3.15,3.07
43056,2.88,2.8,2.64,2.6,3.22
43088,2.47,3.36,3.06,3.29,2.34
43114,3.05,2.59,2.9,2.77,3.31
43119,3.27,2.62,2.75,2.79,3.4
43154,4.32,2.91,3.33,3.67,3.05
43170,4.08,1.97,1.83,2.14,3.88
43182,2.65,3.04,2.93,2.93,2.94
43184,3.24,2.7,2.15,2.51,3.08
43204,3.41,2.92,3.08,3.04,3.23
43224,2.02,3.37,3.78,3.09,2.86
43232,2.93,2.77,2.78,2.71,3.19
43270,3.68,3.06,3.52,4.3,2.41
43299,2.48,3.37,3.37,3.31,2.44
43326,4.2,2.3,2.88,3.26,3.39
43360,1.8,4.5,4.4,4.59,1.49
43362,2.14,3.09,2.33,2.3,2.9
43363,1.16,3.84,4.06,3.61,1.93
43365,2.24,3.76,3.66,3.74,2.26
43388,3.6,2.51,1.95,2.21,3.45
43399,3.71,2.81,2.89,3.1,2.99
43401,2.37,2.92,2.72,2.29,3.3
43408,2.41,3.06,2.69,2.67,2.84
43410,2.01,2.1,3.25,1.59,4.68
43423,2.96,3.13,2.7,2.63,3.17
43428,2.74,3.62,2.95,3.2,2.31
43434,3.0,2.71,2.57,2.4,3.39
43436,2.76,4.21,2.82,3.21,1.93
43445,3.29,1.49,2.67,2.51,3.96
43452,3.42,3.48,3.36,3.7,2.43
43473,3.37,1.95,3.29,2.69,4.13
43487,2.84,3.44,3.0,3.32,2.43
43498,3.01,3.01,3.02,2.95,3.08
43516,3.44,2.28,2.55,2.39,3.76
43520,3.94,3.04,3.25,3.96,2.56
43525,2.71,3.46,3.19,3.07,2.8
43592,3.52,3.88,4.28,3.74,2.88
43613,3.14,3.38,4.46,4.46,2.41
43622,4.55,1.0,1.6,1.5,4.98
43633,3.47,2.44,2.7,2.83,3.43
43657,2.88,3.01,3.37,3.27,2.94
43676,2.62,3.48,3.57,3.42,2.7
43679,3.38,2.57,2.51,2.67,3.19
43680,2.98,3.16,2.87,3.38,2.53
43691,1.97,3.34,2.62,2.37,2.87
43693,2.7,2.87,3.13,3.1,2.8
43709,1.95,3.06,3.49,2.73,3.13
43711,3.12,3.06,2.6,2.68,3.04
43716,3.14,3.17,2.91,3.23,2.7
43717,3.87,2.17,2.06,2.15,3.98
43731,2.95,3.04,3.05,2.97,3.03
43742,3.97,3.31,3.45,4.36,2.34
43746,2.51,3.69,2.86,3.17,2.16
43761,2.16,4.28,3.53,3.78,1.82
43792,2.64,3.96,3.07,3.64,1.86
43796,3.13,2.34,2.52,2.39,3.69
43815,3.92,2.66,2.03,2.37,3.48
43832,1.43,4.35,3.99,3.62,1.97
43843,3.73,1.9,1.8,2.22,3.64
43890,3.79,2.47,3.61,3.4,3.6
43914,3.89,2.77,3.07,3.42,3.16
43923,2.75,3.82,3.73,3.92,2.08
43937,3.09,2.69,3.47,3.06,3.36
43941,3.2,2.89,3.26,3.16,3.14
43955,2.86,2.73,2.66,3.06,2.71
43959,1.0,4.48,3.27,2.43,1.95
43969,2.88,1.95,2.28,1.62,4.17
43986,3.67,2.07,1.85,1.85,4.05
43998,1.66,3.29,3.68,2.51,3.27
44009,2.93,2.8,2.98,2.63,3.4
44016,3.1,2.99,2.89,3.21,2.78
44027,2.73,3.33,2.86,2.99,2.67
44061,3.15,2.87,2.28,2.26,3.32
44080,2.96,2.83,3.15,2.85,3.29
44091,3.21,2.99,2.93,3.14,2.94
44115,3.05,2.84,2.72,2.56,3.32
44131,3.17,2.72,3.07,2.81,3.56
44133,1.02,3.57,2.7,1.85,2.95
44146,3.02,3.08,2.88,2.78,3.05
44148,3.46,2.61,2.54,2.54,3.52
44152,2.36,4.59,3.39,4.74,1.0
44162,1.66,3.73,2.11,2.41,2.11
44195,3.59,3.71,3.47,3.62,2.58
44210,2.97,3.01,3.21,3.52,2.61
44213,1.66,3.83,3.11,3.07,2.09
44245,2.8,3.09,3.66,3.66,2.7
44268,3.1,2.47,2.41,2.28,3.58
44270,2.96,2.79,3.2,2.93,3.19
44271,2.58,3.03,3.33,2.87,3.16
44336,3.43,2.94,2.07,2.45,3.05
44452,2.18,3.45,2.56,2.81,2.34
44459,3.65,2.7,2.35,3.03,2.9
44466,2.31,3.99,3.66,3.65,2.22
44470,3.24,3.31,2.84,3.28,2.64
44483,3.46,2.3,2.11,2.29,3.52
44513,1.8,4.26,4.47,4.3,1.79
44516,1.87,4.42,4.54,4.58,1.49
44551,3.34,3.35,2.75,3.32,2.39
44570,3.3,2.55,2.86,2.7,3.48
44632,2.89,3.71,3.05,3.43,2.36
44644,3.3,2.31,2.47,2.48,3.58
44666,2.54,3.76,3.27,3.3,2.38
44680,2.41,3.0,3.42,3.33,2.74
44681,2.75,3.23,3.22,3.16,2.84
44720,3.95,2.46,2.28,3.14,3.08
44731,3.21,3.01,3.02,3.46,2.59
44742,1.97,3.88,4.26,3.96,2.17
44743,3.66,2.61,3.51,3.06,3.7
44756,2.96,2.91,3.18,2.8,3.35
44803,5.0,1.0,1.0,1.0,5.0
44806,2.32,2.54,3.98,2.8,4.03
44815,3.72,1.92,2.22,2.18,4.04
44889,2.67,3.6,3.38,3.49,2.34
44959,3.47,2.93,2.46,2.9,2.96
44969,3.11,2.75,2.47,2.57,3.26
44992,3.54,2.14,1.89,2.07,3.77
45001,2.76,3.35,4.02,3.6,2.97
45010,3.39,2.86,2.28,2.47,3.23
45026,2.78,3.5,2.9,3.04,2.59
45059,3.44,2.72,2.57,2.72,3.33
45079,4.29,2.51,1.63,3.11,2.8
45114,2.92,3.23,3.08,3.1,2.79
45118,3.03,2.67,2.8,2.61,3.44
45152,3.03,3.01,3.24,3.43,2.67
45156,3.07,3.02,2.95,2.97,3.02
45199,3.13,3.13,3.15,3.23,2.92
45220,3.47,3.03,3.03,3.08,3.1
45257,3.17,2.82,2.84,2.9,3.15
45278,1.95,2.85,4.11,3.38,3.15
45297,3.26,3.04,3.04,3.34,2.79
45356,3.57,3.18,4.05,3.93,2.9
45390,3.64,1.84,2.55,2.39,3.91
45511,3.51,2.54,2.33,2.49,3.42
45541,4.09,2.75,3.57,3.88,2.93
45578,3.1,3.42,2.88,2.84,3.04
45597,2.77,4.22,4.29,4.58,1.7
45609,3.97,3.49,3.36,3.96,2.43
45635,3.32,2.4,3.46,2.94,3.73
45655,2.14,4.11,3.74,3.4,2.22
45658,3.05,3.04,3.09,3.16,2.89
45690,2.72,2.72,4.4,3.36,3.57
45704,2.05,4.47,4.47,4.65,1.51
45705,2.21,4.26,3.92,3.92,1.82
45714,2.01,3.29,2.74,2.39,2.95
45715,2.92,3.06,2.5,2.87,2.72
45731,4.0,2.45,3.17,3.35,3.39
45736,2.4,3.22,3.31,3.22,2.7
45749,2.49,2.97,2.38,2.51,2.86
45754,4.69,1.0,1.0,1.0,5.0
45768,3.35,2.4,2.32,2.38,3.65
45772,3.86,2.82,2.37,2.84,3.09
45788,2.09,3.62,2.64,2.61,2.65
45799,2.93,3.11,2.43,2.51,3.17
45839,3.15,3.07,2.96,2.9,3.14
45876,4.8,1.11,1.24,1.64,4.48
45886,2.41,3.4,3.9,3.7,2.42
45924,2.38,4.02,4.14,3.26,2.76
45949,4.54,1.41,1.3,1.44,4.57
45962,3.46,2.08,2.4,2.32,3.8
45976,3.85,2.99,2.95,3.26,3.02
45989,3.3,3.37,3.01,3.47,2.49
46034,3.32,2.06,2.45,2.33,3.78
46073,3.73,1.98,3.81,3.47,3.8
46080,2.96,2.96,3.02,3.25,2.72
46100,2.71,3.54,3.32,3.22,2.68
46106,3.01,3.4,4.64,3.67,3.22
46149,3.35,3.1,2.17,2.59,3.04
46177,3.33,2.76,3.56,3.51,3.16
46195,3.21,3.07,2.5,2.79,2.92
46202,2.38,2.93,4.28,3.38,3.16
46212,1.86,3.23,3.77,2.97,3.04
46223,3.35,2.74,2.33,2.5,3.24
46226,3.22,2.7,2.49,2.47,3.41
46259,3.42,2.46,2.48,2.13,3.92
46276,3.74,2.97,2.99,3.81,2.64
46286,3.2,2.92,2.64,2.71,3.17
46305,2.76,2.57,2.58,2.32,3.5
46306,2.31,4.64,4.41,4.7,1.25
46312,3.71,2.32,2.46,2.26,3.88
46316,4.07,1.33,1.0,1.0,4.58
46329,3.19,2.7,2.99,2.89,3.35
46330,1.03,4.88,3.29,2.81,1.69
46332,3.3,2.83,2.76,2.74,3.27
46388,3.48,2.26,2.46,2.46,3.58
46413,2.88,3.3,3.3,3.11,2.94
46425,3.16,2.97,2.73,2.85,3.07
46460,1.0,4.71,3.59,3.12,1.5
46473,2.92,3.81,3.47,3.75,2.18
46478,2.89,3.19,3.21,3.02,3.02
46497,3.17,3.43,3.08,3.19,2.77
46511,1.0,5.0,4.0,4.13,1.0
46512,1.44,3.32,2.96,2.14,2.98
46524,1.97,3.06,3.01,2.43,3.23
46539,4.42,1.72,2.45,2.95,3.69
46579,3.03,2.88,2.78,2.72,3.23
46600,3.51,2.91,2.52,2.85,3.07
46613,3.35,2.83,2.83,3.23,2.91
46617,2.46,3.31,4.59,3.23,3.49
46622,3.03,2.78,3.03,2.77,3.39
46625,2.95,3.02,2.96,2.68,3.34
46659,3.28,2.56,3.0,3.11,3.3
46662,2.83,3.02,3.54,3.8,2.4
46675,4.26,2.81,2.99,3.42,3.19
46717,3.21,2.68,2.68,2.78,3.23
46725,2.33,3.04,2.51,2.09,3.17
46733,2.59,3.8,3.3,3.16,2.48
46754,4.04,2.69,3.28,3.27,3.49
46765,3.98,2.12,2.71,2.9,3.7
46803,3.24,3.09,2.63,2.97,2.91
46809,2.69,3.24,2.8,2.88,2.7
46821,3.93,2.37,2.01,2.32,3.57
46838,3.23,2.47,2.31,2.48,3.39
46843,2.48,2.92,2.52,2.13,3.32
46846,2.13,4.71,4.37,4.8,1.3
46907,3.55,2.34,2.07,2.12,3.73
46929,4.54,1.0,1.0,1.0,5.0
46974,3.24,2.66,2.87,2.65,3.51
46980,2.61,3.49,3.34,3.39,2.41
46981,4.22,1.36,1.0,1.49,4.24
47004,2.86,3.39,2.65,2.66,2.88
47027,2.2,3.02,2.74,2.56,2.94
47035,2.97,3.59,3.36,4.0,2.0
47038,2.69,4.0,3.28,3.63,1.99
47061,2.88,3.45,2.62,2.96,2.49
47151,3.26,2.28,2.24,2.21,3.62
47183,2.01,4.46,4.36,4.57,1.56
47206,2.93,2.51,2.48,2.36,3.47
47242,2.93,2.48,3.27,3.05,3.45
47243,2.91,2.74,2.57,2.7,3.13
47247,3.47,1.84,2.32,1.9,4.27
47268,2.61,3.08,2.31,2.47,2.74
47269,2.95,1.95,3.09,1.87,4.71
47280,4.26,1.77,2.64,2.86,3.93
47291,3.45,2.73,2.84,2.95,3.2
47300,3.32,2.98,3.09,3.54,2.78
47318,2.17,4.57,4.58,4.28,1.78
47322,3.35,2.72,3.18,3.41,2.84
47359,3.23,2.84,2.91,2.94,3.16
47360,2.82,2.77,2.85,2.68,3.2
47362,2.6,3.4,3.51,3.51,2.5
47374,3.07,3.0,2.71,2.89,2.97
47402,3.28,2.32,3.28,2.86,3.75
47415,1.46,3.85,4.54,4.05,2.07
47439,1.96,3.87,3.99,3.67,2.21
47448,3.54,2.33,2.09,2.36,3.46
47486,2.69,2.75,2.67,2.29,3.47
47512,2.87,2.82,2.33,2.53,3.03
47596,2.98,2.71,3.13,2.76,3.51
47600,3.29,2.81,2.87,2.59,3.45
47615,3.36,3.21,2.81,3.32,2.55
47623,3.57,2.32,2.61,2.56,3.71
47631,3.11,2.86,2.98,2.86,3.2
47632,3.91,2.29,2.46,2.65,3.82
47683,3.12,2.16,2.89,2.5,3.88
47693,2.92,3.53,3.06,3.29,2.53
47694,3.04,3.51,3.07,3.25,2.52
47696,2.68,3.6,4.2,4.03,2.32
47704,2.21,2.98,3.31,2.69,3.3
47713,3.93,3.16,2.28,3.06,2.81
47726,3.2,2.66,2.6,2.82,3.19
47734,2.0,4.05,3.77,3.89,1.78
47753,3.38,2.28,2.82,2.37,3.96
47780,2.52,3.69,4.05,3.95,2.3
47802,2.41,3.32,3.35,3.23,2.61
47820,4.04,2.86,2.7,3.28,3.05
47869,2.96,3.32,3.1,3.37,2.58
47878,2.85,2.95,3.01,2.93,3.07
47886,3.21,3.89,3.7,3.78,2.44
47906,2.98,2.98,3.11,3.03,3.09
47910,3.0,2.39,2.57,2.21,3.76
47945,2.67,3.27,2.86,2.89,2.84
47957,3.56,4.56,5.0,5.0,1.61
47980,2.81,3.1,3.13,3.01,2.94
47981,3.58,2.27,2.33,2.76,3.35
47995,3.02,3.14,2.82,3.41,2.39
48005,2.54,3.14,2.95,2.79,2.96
48060,3.2,2.33,2.58,2.56,3.39
48074,3.35,4.08,3.95,4.69,1.79
48119,3.02,3.13,3.08,3.19,2.78
48127,2.07,3.05,3.68,3.11,3.0
48161,3.07,3.2,3.08,3.38,2.64
48176,2.18,3.34,4.69,4.25,2.42
48202,3.31,2.54,3.11,2.83,3.61
48223,2.29,4.14,3.83,4.02,1.76
48224,2.48,2.66,3.36,3.18,3.07
48235,2.91,3.01,1.16,1.57,3.05
48268,3.19,2.15,2.71,2.38,3.75
48276,3.11,3.31,4.06,3.85,2.73
48300,3.05,3.22,3.41,3.56,2.64
48323,2.43,3.07,4.52,3.37,3.54
48352,2.88,2.68,2.86,2.6,3.42
48353,2.57,3.41,3.06,3.42,2.28
48354,2.3,3.52,3.13,3.19,2.34
48360,2.56,3.53,3.79,3.53,2.71
48364,3.09,2.97,3.13,3.53,2.57
48376,3.05,3.12,3.15,3.26,2.88
48380,2.92,2.89,3.0,2.97,3.04
48388,1.19,3.37,4.36,3.34,2.69
48410,2.49,4.32,3.87,4.34,1.55
48420,3.17,2.41,2.7,2.37,3.71
48424,3.74,3.89,2.71,3.81,1.99
48468,2.85,1.96,1.77,1.54,3.82
48482,4.66,1.79,1.2,1.74,4.04
48507,3.12,2.4,2.22,2.14,3.62
48513,3.61,2.67,3.52,3.89,2.87
48521,3.54,2.32,2.18,2.31,3.66
48530,2.82,2.63,2.92,2.58,3.5
48581,2.83,2.86,4.24,3.88,2.86
48590,2.67,3.08,3.44,3.43,2.72
48602,3.81,2.36,3.75,3.69,3.34
48637,2.65,2.11,4.18,3.1,4.04
48654,3.09,2.9,3.34,3.0,3.3
48662,3.8,2.27,2.11,2.37,3.71
48679,2.91,2.93,3.17,2.79,3.37
48687,4.18,1.64,1.6,1.55,4.47
48694,3.23,2.5,2.61,2.65,3.4
48727,3.23,2.7,1.97,2.3,3.2
48771,4.29,3.36,3.29,4.06,2.58
48805,2.48,3.16,3.01,3.12,2.52
48827,2.76,3.45,3.24,3.64,2.24
48837,3.21,2.73,2.8,2.56,3.47
48867,1.56,4.2,4.17,3.95,1.95
48879,3.87,2.22,2.09,2.6,3.33
48913,2.05,3.95,2.99,3.12,2.03
48914,3.17,3.09,2.81,3.26,2.62
48929,3.19,3.33,2.8,3.33,2.45
48959,3.14,2.61,3.23,3.11,3.26
48982,3.14,4.05,4.33,4.45,1.9
48991,3.63,2.52,2.57,3.0,3.13
49009,2.92,3.26,3.27,3.19,2.76
49064,2.49,3.29,4.15,3.78,2.69
49083,2.91,2.8,3.16,3.1,3.07
49091,2.25,3.07,2.23,1.88,3.22
49097,3.16,2.81,2.62,2.8,3.1
49130,3.6,2.81,2.73,2.87,3.27
49131,2.83,1.82,2.83,2.11,4.1
49159,2.01,4.15,5.0,5.0,1.5
49168,3.67,2.57,2.88,2.84,3.5
49184,3.02,2.6,3.23,2.91,3.35
49187,2.0,3.81,3.13,3.23,2.09
49215,3.53,2.72,2.81,2.99,3.22
49233,2.38,3.08,2.47,2.39,2.96
49237,2.38,3.25,3.46,3.09,2.91
49256,2.1,2.9,3.03,2.48,3.28
49259,3.17,2.88,3.29,3.32,2.99
49266,4.31,3.19,3.2,3.96,2.6
49274,2.63,3.32,2.96,2.85,2.84
49276,3.51,3.41,4.95,4.79,2.4
49280,3.22,2.64,2.86,2.59,3.57
49291,3.39,2.78,3.48,2.89,3.62
49307,2.94,3.02,2.86,2.95,2.91
49317,4.33,1.48,1.79,1.83,4.37
49321,3.06,2.77,2.94,2.79,3.29
49344,1.1,4.41,3.83,3.52,1.84
49375,2.65,3.08,2.47,2.26,3.21
49397,3.52,1.91,2.56,2.38,3.87
49401,3.65,2.84,2.72,3.16,2.94
49417,2.77,2.66,3.12,2.61,3.59
49430,2.67,3.47,3.17,3.21,2.6
49437,1.0,4.79,2.67,2.4,1.3
49444,2.55,3.51,2.63,2.62,2.72
49470,1.62,4.3,4.82,4.85,1.36
49519,3.33,2.09,2.38,2.69,3.3
49520,3.76,3.43,4.63,4.88,2.35
49533,3.16,3.23,2.79,2.93,2.87
49551,3.45,2.57,3.28,3.05,3.45
49577,2.7,3.18,3.36,3.12,3.0
49641,2.6,3.31,3.1,3.52,2.33
49644,1.81,3.8,4.71,4.68,1.51
49652,3.49,3.52,2.9,3.64,2.33
49657,2.94,2.98,3.21,3.08,3.1
49663,3.62,2.72,2.94,2.58,3.78
49687,3.13,3.23,3.15,3.69,2.37
49693,3.26,2.66,2.62,2.84,3.19
49701,2.95,2.87,2.99,2.7,3.24
49711,2.66,2.61,2.5,2.33,3.37
49729,1.63,4.0,4.04,3.44,2.19
49768,3.02,2.98,3.82,3.85,2.72
49790,1.83,3.55,2.74,2.49,2.6
49792,2.86,2.99,2.42,2.73,2.77
49811,2.89,3.37,2.36,2.78,2.53
49817,3.26,2.48,2.58,2.91,3.24
49851,2.81,3.3,3.18,3.08,2.9
49868,3.03,2.71,1.66,2.16,3.01
49909,3.58,1.76,2.22,1.79,4.4
49927,4.16,2.68,3.19,3.37,3.19
49968,2.56,3.19,3.51,3.18,2.92
49969,3.59,2.36,2.3,2.18,3.83
49972,3.94,4.27,3.66,3.27,3.14
49973,3.29,3.42,3.43,3.86,2.43
49982,2.47,3.16,3.98,3.64,2.79
49988,2.6,2.82,3.28,2.12,3.93
49995,2.99,2.67,2.42,2.66,3.16
50011,2.68,3.24,3.83,3.63,2.64
50027,2.49,3.03,2.98,2.87,2.91
50047,3.9,2.3,2.17,2.53,3.56
50053,1.7,3.96,4.43,4.16,1.97
50068,2.57,2.78,2.94,2.36,3.5
50074,3.21,2.77,3.29,3.1,3.27
50076,2.1,3.44,3.39,3.17,2.56
50082,2.93,2.85,2.57,2.67,3.08
50090,3.14,2.82,3.07,2.95,3.25
50101,2.64,3.24,3.45,3.58,2.67
50113,2.23,2.74,3.51,2.7,3.49
50132,3.28,2.89,2.77,3.37,2.67
50157,3.12,2.81,2.94,3.08,3.01
50199,2.26,3.83,4.22,3.52,2.71
50215,2.67,3.15,3.3,2.98,3.07
50216,3.95,2.63,3.11,3.26,3.39
50217,2.64,2.93,2.96,2.88,2.94
50251,3.3,2.98,3.27,3.18,3.14
50253,3.4,2.73,2.45,2.88,2.95
50257,3.01,2.79,2.87,2.94,3.1
50268,1.81,4.26,4.51,4.24,1.81
50353,2.61,3.46,3.13,3.31,2.42
50361,2.94,2.86,2.9,3.03,2.95
50387,2.78,4.07,3.94,4.28,1.94
50443,2.8,2.99,2.89,2.87,3.0
50444,2.66,3.21,3.11,3.11,2.84
50458,2.37,3.96,3.41,3.49,2.22
50466,3.0,2.83,2.91,2.77,3.2
50490,2.0,4.39,4.06,4.19,1.54
50503,3.14,2.98,3.01,3.0,3.02
50517,2.45,3.42,2.92,2.93,2.62
50548,2.94,2.76,2.72,2.59,3.3
50570,3.25,2.16,2.08,1.9,3.9
50577,2.91,3.18,2.84,2.91,2.97
50588,2.67,3.88,3.79,3.13,2.87
50592,3.02,3.13,2.54,2.65,3.08
50594,3.47,1.63,2.53,2.24,4.27
50596,2.04,3.39,2.8,2.77,2.51
50602,2.41,2.88,3.28,2.53,3.48
50638,3.06,2.93,3.44,3.39,2.96
50648,2.92,3.28,2.68,3.08,2.49
50671,3.25,2.59,2.53,2.51,3.42
50689,3.44,4.57,3.66,4.38,1.64
50691,1.22,3.64,2.76,2.64,2.18
50696,1.52,3.84,3.33,3.05,2.42
50739,4.1,1.59,1.71,1.93,4.03
50770,2.58,3.48,3.47,3.31,2.65
50790,2.39,2.96,3.17,2.64,3.26
50794,2.77,3.55,2.55,3.24,2.18
50822,3.64,2.06,1.69,1.93,3.77
50834,4.13,2.19,2.15,2.16,4.03
50837,2.97,3.32,3.37,3.43,2.75
50864,2.18,4.4,4.68,4.92,1.49
50930,2.92,2.13,2.58,2.29,3.67
50958,3.67,2.94,4.36,4.3,2.9
50980,2.46,3.68,3.15,3.23,2.39
50999,1.66,4.0,2.8,2.78,2.12
51012,2.74,2.93,3.01,2.81,3.13
51035,2.47,3.57,3.43,3.34,2.53
51050,2.04,3.41,2.77,2.44,2.85
51070,3.83,2.93,3.54,3.86,2.87
51108,4.07,2.39,2.93,3.36,3.35
51115,2.26,3.1,2.74,2.44,3.04
51130,2.68,3.27,3.48,3.16,3.08
51166,3.56,3.78,3.77,4.09,2.28
51176,3.4,3.04,2.66,3.06,2.86
51178,3.07,2.76,2.41,2.63,3.05
51244,2.96,3.27,3.11,3.14,2.82
51253,3.39,5.0,3.27,5.0,1.0
51257,2.55,2.8,2.31,2.04,3.28
51258,3.88,2.23,1.99,2.09,3.87
51267,3.0,3.04,3.05,3.19,2.83
51349,4.04,3.51,3.05,3.18,2.86
51350,3.2,3.11,2.99,3.15,2.93
51380,4.01,2.64,2.3,2.59,3.3
51416,3.0,2.81,2.23,2.51,3.05
51422,2.79,2.79,2.47,2.24,3.42
51499,2.09,2.84,3.27,2.54,3.46
51504,2.55,3.41,3.52,3.15,2.85
51524,4.06,2.18,3.11,2.32,4.4
51548,3.37,2.12,3.06,2.58,3.89
51567,3.07,2.76,3.77,4.11,2.41
51580,3.81,2.2,2.26,2.2,3.88
51586,1.92,3.38,3.56,2.92,2.93
51592,3.28,3.04,3.09,3.23,2.95
51603,3.11,3.82,3.47,4.1,1.92
51609,4.32,4.28,4.2,4.87,2.08
51610,3.36,2.56,2.78,2.68,3.45
51638,4.22,1.28,1.28,1.41,4.58
51650,1.0,4.54,2.19,1.84,1.83
51677,1.91,3.71,3.17,3.03,2.23
51683,4.24,2.57,3.27,3.3,3.47
51691,2.76,3.74,3.66,3.95,2.05
51721,3.59,2.57,2.75,2.53,3.6
51803,3.27,2.81,2.95,3.01,3.23
51813,1.86,4.31,4.55,4.42,1.64
51819,3.33,2.83,2.67,2.93,3.01
51839,1.5,3.64,4.11,3.29,2.85
51855,3.0,1.73,3.13,2.05,4.66
51859,2.89,3.31,2.76,3.35,2.32
51878,1.04,4.9,2.21,2.97,1.09
51911,2.52,3.16,3.82,3.85,2.56
51921,2.67,2.78,2.47,2.36,3.26
51937,2.83,2.79,3.27,3.2,2.94
51981,2.23,3.6,3.16,3.17,2.41
52035,1.96,3.69,4.61,3.91,2.54
52037,3.08,2.69,2.99,2.82,3.28
52052,4.35,2.84,3.45,3.95,2.92
52092,2.88,3.09,3.8,3.48,2.93
52106,1.18,4.25,3.42,2.98,2.07
52107,3.12,2.8,3.09,2.73,3.5
52116,1.77,3.66,2.49,2.45,2.4
52129,3.61,2.63,3.27,3.23,3.45
52139,2.65,3.42,3.01,3.13,2.47
52184,3.07,2.99,3.03,2.57,3.64
52203,3.2,3.02,3.25,3.08,3.18
52238,3.13,3.15,2.99,3.03,2.86
52242,3.19,2.92,2.89,3.04,2.88
52246,3.46,2.92,2.86,3.01,3.15
52261,3.79,2.55,2.45,2.54,3.52
52270,3.36,2.64,2.48,2.8,3.15
52280,2.23,4.37,3.53,3.8,1.66
52329,2.3,3.92,2.95,3.29,2.05
52351,3.0,2.66,2.35,2.48,3.16
52358,3.57,2.36,2.93,2.65,3.7
52413,3.05,2.69,2.55,2.63,3.08
52480,3.72,2.32,3.6,3.35,3.55
52523,2.73,2.88,2.97,2.96,3.12
52541,4.05,2.55,1.88,2.26,3.62
52547,1.0,4.05,2.73,2.22,2.28
52558,3.29,2.58,2.96,2.91,3.4
52606,3.33,2.79,2.44,2.59,3.22
52621,2.51,3.3,2.86,2.8,2.79
52634,3.72,3.08,2.73,3.2,2.76
52639,4.33,2.51,3.04,2.99,3.76
52655,2.99,2.52,2.87,2.42,3.76
52694,2.76,4.28,3.52,3.98,1.8
52698,3.15,3.02,2.68,2.96,2.87
52703,3.15,3.07,3.23,3.01,3.27
52716,3.92,1.77,1.88,1.75,4.31
52719,3.04,2.33,2.87,2.32,3.84
52732,1.29,3.79,5.0,4.4,1.73
52737,3.1,2.73,2.3,2.27,3.32
52751,1.39,3.98,2.52,2.54,2.06
52776,2.65,2.83,3.03,2.78,3.11
52795,2.26,3.55,2.66,3.04,2.17
52798,1.85,3.78,4.77,3.96,2.41
52821,3.72,2.61,3.44,3.24,3.51
52871,3.42,2.91,2.35,2.85,2.84
52885,2.76,3.24,2.85,2.86,2.91
52901,3.5,2.88,3.3,3.0,3.39
52910,3.55,2.41,1.45,1.89,3.39
52936,3.52,2.65,2.62,2.96,3.06
52952,3.06,3.31,2.95,3.09,2.76
52968,3.26,2.85,2.9,2.9,3.2
52975,3.2,2.42,3.07,3.15,3.17
52981,4.03,2.39,2.76,2.84,3.73
52982,3.3,3.09,2.92,3.19,2.91
52995,2.34,2.47,1.97,1.46,3.68
53043,2.33,3.96,3.14,3.29,2.26
53058,3.44,3.18,2.73,3.43,2.5
53074,2.8,2.83,2.46,2.46,3.21
53083,2.93,2.41,2.81,2.17,3.91
53086,2.95,3.16,2.83,2.89,2.91
53103,3.21,2.59,2.72,2.66,3.37
53104,3.53,3.62,3.41,3.08,3.03
53178,3.17,2.99,2.44,2.37,3.29
53199,3.19,2.73,3.52,3.09,3.47
53215,4.04,1.0,2.12,1.67,4.81
53226,2.69,3.02,3.14,2.81,3.18
53262,2.55,3.26,3.85,3.42,2.97
53298,2.79,3.1,3.22,3.12,2.99
53311,3.04,2.86,2.73,2.85,3.04
53317,3.59,1.62,2.53,1.97,4.58
53322,4.95,1.39,1.26,2.04,4.32
53351,3.02,3.09,3.12,2.87,3.08
53362,2.91,3.24,2.77,2.82,2.83
53402,2.97,3.35,3.35,2.9,3.06
53403,3.35,2.23,2.98,2.62,3.73
53405,2.64,4.07,4.68,4.55,2.14
53407,2.29,2.92,3.53,2.4,3.72
53415,3.53,2.67,2.87,3.02,3.25
53425,3.14,2.16,2.54,2.22,3.95
53437,2.73,2.06,2.96,2.22,3.96
53439,3.1,3.03,2.92,3.02,3.02
53460,1.5,4.95,4.32,4.66,1.0
53493,3.2,2.93,2.3,2.46,3.19
53500,2.6,3.62,3.44,3.94,1.97
53521,3.74,2.49,2.72,2.94,3.4
53544,3.55,2.1,2.23,2.16,3.91
53548,3.19,3.08,2.7,3.08,2.74
53549,2.82,2.9,3.08,2.8,3.2
53585,2.33,3.32,2.85,2.85,2.71
53597,3.23,3.17,2.95,3.19,2.78
53610,3.36,2.12,1.01,1.07,3.94
53613,3.37,2.55,2.1,2.25,3.4
53623,3.54,3.02,2.37,3.0,2.77
53650,2.97,2.84,3.02,2.95,3.09
53656,1.0,4.28,2.63,2.15,2.07
53660,2.18,5.0,4.52,5.0,1.0
53667,2.07,3.53,4.46,3.84,2.55
53678,2.14,3.93,3.73,3.12,2.64
53705,3.1,2.9,2.95,3.17,2.77
53768,3.56,2.92,2.78,2.61,3.54
53804,2.38,3.38,2.73,2.39,2.96
53805,3.1,2.85,3.17,2.95,3.24
53807,2.48,3.6,3.61,3.52,2.48
53808,3.53,2.75,2.55,2.85,3.11
53859,3.47,3.49,3.28,4.07,2.24
53873,2.87,3.01,3.37,3.17,3.09
53895,2.08,3.29,2.54,2.43,2.77
53928,2.84,2.95,3.12,2.97,3.03
53986,2.43,4.02,3.41,4.07,1.66
54018,1.15,4.55,4.04,3.94,1.45
54019,3.88,2.67,1.92,2.24,3.59
54094,2.85,3.62,3.78,3.2,2.99
54096,4.21,1.87,1.92,2.09,4.13
54110,2.88,2.16,3.26,2.65,3.95
54122,3.65,2.96,2.67,3.33,2.72
54136,3.06,3.41,3.73,3.43,2.75
54143,3.18,2.66,2.86,2.63,3.46
54182,3.26,2.56,2.83,2.7,3.53
54207,2.44,3.19,2.97,2.89,2.73
54240,1.0,4.14,3.53,2.38,2.54
54285,2.85,3.06,3.01,2.99,2.95
54289,2.41,3.21,2.51,2.63,2.67
54301,2.56,3.02,2.98,2.88,2.91
54311,2.63,3.49,4.37,4.07,2.56
54409,3.32,2.79,2.53,2.9,3.01
54424,2.6,3.56,2.8,3.15,2.41
54428,2.68,3.83,5.0,5.0,2.04
54454,3.46,3.25,3.03,3.65,2.45
54517,3.42,2.53,2.68,2.86,3.26
54527,3.19,3.2,2.7,2.36,3.45
54579,4.53,3.06,2.6,3.59,2.76
54595,2.69,3.4,3.84,4.04,2.29
54644,3.73,2.68,2.53,2.93,3.17
54671,2.86,3.11,2.87,2.84,3.03
54681,1.87,4.02,3.85,3.84,1.8
54690,2.59,3.4,3.08,3.35,2.39
54693,1.05,4.07,3.04,2.63,2.14
54705,1.65,3.43,3.05,2.55,2.64
54727,3.38,2.5,2.71,2.81,3.37
54734,3.21,2.45,2.06,2.28,3.46
54749,3.91,3.08,2.99,3.75,2.63
54817,2.38,3.22,3.06,2.89,2.76
54840,2.2,2.88,3.67,2.5,3.74
54882,3.36,2.23,2.43,2.37,3.78
54889,3.35,3.06,2.77,3.01,2.86
54916,3.23,2.88,2.83,3.08,2.91
54950,3.41,3.11,2.81,3.34,2.63
54971,2.94,2.97,2.96,2.96,2.99
54981,2.83,2.89,3.5,3.46,2.83
54991,1.54,3.35,2.77,2.26,2.78
55004,3.11,2.67,2.97,2.67,3.48
55033,3.31,3.38,3.01,3.49,2.44
55045,3.58,2.77,2.26,2.82,2.98
55046,2.65,3.08,3.26,2.9,3.1
55063,2.69,3.67,3.33,3.3,2.51
55100,3.27,2.79,2.76,2.7,3.45
55124,3.29,2.59,2.48,2.48,3.46
55151,3.49,3.2,2.46,2.83,3.0
55187,2.2,4.01,3.65,3.99,1.78
55193,3.22,3.99,3.54,4.24,1.77
55208,4.03,1.0,2.52,2.46,4.22
55234,3.49,2.61,2.62,2.82,3.27
55278,3.05,2.17,3.06,2.56,3.76
55330,3.22,2.59,2.78,2.79,3.23
55345,1.67,4.22,4.51,4.1,1.95
55356,2.27,3.79,3.84,3.89,2.09
55357,3.25,3.88,3.01,3.88,1.94
55363,3.45,2.98,2.54,2.57,3.21
55383,4.32,1.14,1.24,1.58,4.4
55403,2.91,3.52,3.68,3.32,2.99
55405,3.08,2.74,2.57,3.06,2.8
55425,2.6,3.21,3.33,2.96,3.04
55455,2.79,3.71,2.57,3.15,2.26
55459,3.01,2.08,2.17,1.82,3.97
55492,3.46,3.01,2.73,3.05,3.0
55511,2.78,2.6,2.82,2.46,3.47
55517,1.99,3.75,3.2,3.61,2.01
55527,3.25,3.17,2.46,2.81,2.87
55547,2.69,3.47,3.17,3.01,2.96
55577,3.12,3.23,2.17,2.66,2.78
55584,2.64,3.19,3.45,3.31,2.83
55610,3.0,3.01,2.78,3.04,2.86
55674,1.17,3.84,4.4,4.02,2.07
55676,2.08,3.27,2.25,2.4,2.48
55679,2.9,3.63,3.5,3.47,2.56
55680,3.14,2.34,2.85,2.31,3.86
55685,1.55,3.33,2.33,2.03,2.77
55714,2.94,2.96,3.15,3.15,2.9
55719,2.87,2.71,3.0,2.79,3.34
55722,2.98,4.21,2.98,3.79,1.76
55769,3.76,2.86,2.83,3.78,2.59
55796,2.21,2.48,2.96,2.33,3.55
55798,2.1,4.35,3.0,3.4,1.65
55814,3.4,2.35,2.06,2.08,3.58
55823,3.16,2.13,3.33,2.19,4.59
55827,2.69,3.51,3.11,3.45,2.25
55833,2.37,3.04,3.9,3.32,2.97
55868,1.89,2.95,3.64,3.28,2.57
55904,4.23,2.51,1.72,2.8,3.04
55936,3.93,2.26,1.82,2.08,3.84
55950,3.8,3.19,2.41,3.17,2.66
55971,3.15,3.18,3.1,3.34,2.97
55992,3.26,2.61,2.96,2.66,3.62
56002,2.88,3.1,2.64,3.21,2.58
56004,3.16,2.73,2.67,2.56,3.47
56049,2.71,2.65,2.66,2.19,3.66
56060,3.62,2.62,2.99,2.86,3.52
56063,2.53,3.24,3.02,2.78,2.92
56087,3.1,3.29,3.08,3.56,2.46
56105,3.02,2.86,2.95,2.91,3.11
56111,2.52,2.15,2.06,1.56,4.0
56144,2.5,2.63,2.77,1.91,4.01
56184,2.07,4.45,4.4,4.41,1.67
56276,3.5,2.81,2.85,3.1,3.0
56290,4.11,2.03,1.92,2.36,3.81
56337,2.91,2.71,3.19,3.04,3.19
56340,3.16,2.68,2.89,2.99,3.19
56354,3.22,3.21,2.89,3.17,2.81
56383,2.75,2.55,2.78,2.8,3.13
56391,3.7,2.47,3.49,2.98,3.81
56401,1.72,4.17,4.0,3.65,2.26
56426,2.72,5.0,3.93,4.59,1.3
56432,3.26,2.35,2.51,2.38,3.64
56448,1.82,3.73,3.5,3.22,2.32
56455,1.73,3.97,3.27,3.23,2.03
56460,2.71,2.7,2.81,2.07,4.01
56470,3.42,1.0,1.72,1.0,5.0
56480,3.19,2.52,2.03,2.22,3.42
56501,2.48,3.15,3.79,3.51,2.92
56515,2.25,3.03,2.59,2.49,2.77
56519,3.43,2.39,2.22,2.35,3.46
56532,2.07,4.14,4.2,3.99,2.16
56535,2.04,3.61,1.87,1.91,2.57
56555,3.7,2.41,1.56,2.1,3.45
56577,3.59,3.5,3.21,3.72,2.43
56583,3.41,2.63,2.61,2.63,3.4
56588,3.1,2.29,2.41,2.27,3.61
56597,3.36,3.04,2.86,3.11,2.96
56635,2.4,3.74,3.2,3.38,2.21
56636,4.22,2.69,2.15,2.77,3.22
56639,2.76,2.87,2.6,2.49,3.22
56673,2.74,2.83,2.5,2.86,2.73
56701,3.12,3.19,3.58,3.53,2.82
56705,1.71,4.2,4.74,4.64,1.59
56706,4.22,3.11,2.68,2.9,3.36
56762,2.99,3.04,2.51,3.04,2.69
56795,3.07,3.04,2.77,2.85,3.0
56831,2.82,2.54,3.18,2.49,3.67
56837,2.7,3.53,3.49,3.61,2.47
56862,3.04,3.48,3.86,4.12,2.3
56902,1.58,3.65,3.46,2.46,2.86
56905,3.85,3.66,3.75,4.07,2.49
56916,2.78,3.43,3.33,3.27,2.74
56938,2.9,2.72,2.41,2.61,3.11
56958,2.56,2.18,3.35,2.37,4.02
56980,1.6,3.55,3.71,3.22,2.38
56985,1.57,3.77,4.52,4.05,2.01
57038,3.42,3.55,2.46,3.19,2.41
57052,2.8,2.77,2.93,2.85,3.1
57057,3.35,3.2,2.98,3.2,2.8
57058,2.35,3.0,2.4,2.15,3.15
57066,2.6,4.11,3.06,3.67,1.87
57088,3.65,2.45,2.9,3.15,3.37
57097,2.94,2.93,3.38,3.52,2.67
57112,3.75,1.05,1.87,1.85,4.46
57145,3.71,2.5,2.24,2.34,3.57
57162,3.89,2.53,3.19,3.55,3.13
57163,2.89,3.59,3.76,3.98,2.37
57180,3.06,2.75,2.62,2.86,2.94
57187,2.47,3.62,3.65,3.58,2.4
57212,2.49,3.39,2.75,2.88,2.62
57232,3.21,2.14,1.82,1.74,3.79
57258,3.07,4.59,5.0,5.0,1.28
57271,2.53,4.12,4.07,4.36,1.77
57285,3.49,2.68,2.95,3.1,3.15
57297,3.42,1.96,2.24,2.1,3.95
57306,3.19,3.39,3.0,3.55,2.34
57323,3.36,2.52,2.35,2.62,3.31
57328,3.36,2.89,2.94,3.07,3.17
57336,3.84,1.69,2.46,2.63,3.89
57345,3.46,2.43,2.7,2.56,3.65
57348,2.46,3.4,3.2,2.63,3.07
57402,3.25,2.22,2.88,2.52,3.88
57405,2.72,3.08,3.71,3.46,2.92
57411,3.3,3.15,2.55,3.03,2.68
57414,3.05,3.32,3.59,3.77,2.49
57450,3.23,2.25,2.58,2.35,3.83
57469,2.53,4.56,4.58,4.92,1.46
57543,3.12,2.78,2.95,2.68,3.49
57584,2.45,2.78,3.51,3.39,2.72
57585,3.9,3.15,3.01,3.56,2.75
57589,3.28,2.84,2.76,3.26,2.83
57605,1.69,3.98,3.79,3.13,2.49
57651,3.22,2.49,2.03,1.81,3.71
57655,2.91,3.7,2.92,3.48,2.14
57675,3.04,2.99,2.87,2.91,3.02
57696,4.03,2.63,2.95,3.27,3.29
57720,3.17,3.45,4.15,3.81,2.92
57729,2.86,3.39,2.84,2.89,2.81
57738,3.75,2.54,3.42,3.87,2.94
57754,3.31,3.47,3.95,3.61,2.95
57757,2.75,3.36,3.1,2.71,3.15
57814,2.49,3.02,3.0,2.79,3.02
57859,3.17,2.01,3.61,2.99,3.93
57880,2.19,3.01,3.42,2.67,3.29
57899,3.45,3.03,2.66,2.87,3.05
57919,3.06,2.53,2.92,2.65,3.52
57921,2.58,4.33,3.3,3.88,1.64
57976,2.97,3.08,2.71,2.48,3.28
58002,3.35,4.46,3.56,4.61,1.48
58018,2.83,4.3,3.61,4.06,1.79
58025,2.98,2.46,3.98,3.09,3.81
58032,2.74,3.24,2.05,2.61,2.65
58036,2.88,3.39,3.16,3.45,2.51
58039,2.77,3.22,2.85,3.08,2.67
58041,2.66,3.59,3.13,3.95,1.91
58050,3.12,2.75,2.74,2.72,3.28
58099,3.22,2.98,3.14,3.23,3.0
58106,3.18,3.39,2.86,3.28,2.55
58145,2.9,2.72,2.52,2.26,3.45
58266,3.17,2.77,2.87,2.88,3.2
58289,2.71,3.28,3.12,3.1,2.72
58302,3.08,2.26,2.36,1.91,3.93
58342,2.85,3.17,3.15,3.07,2.92
58354,3.13,2.68,2.16,2.28,3.3
58393,3.13,2.94,3.01,2.88,3.17
58405,1.93,3.21,3.39,2.66,3.08
58418,2.87,2.47,2.02,1.82,3.55
58430,3.33,2.39,3.17,2.39,4.15
58440,3.84,2.79,2.74,2.74,3.55
58442,2.67,3.1,2.85,2.79,2.93
58460,3.28,2.66,2.71,2.7,3.36
58472,3.21,2.33,2.97,2.51,3.82
58481,1.95,3.27,2.95,2.68,2.77
58516,3.0,3.41,3.51,3.77,2.4
58539,2.55,2.94,2.93,2.75,2.88
58550,3.06,3.17,3.17,3.33,2.75
58592,4.46,2.72,2.39,2.82,3.46
58593,2.83,2.96,2.64,2.5,3.22
58605,3.0,3.28,3.39,3.62,2.45
58612,3.24,3.51,2.49,2.9,2.74
58620,3.03,2.74,3.49,3.8,2.52
58630,3.47,3.18,2.48,2.76,2.99
58637,2.38,3.89,3.6,3.86,1.95
58644,4.21,1.59,2.44,2.31,4.4
58661,2.53,3.12,3.02,2.67,3.1
58693,2.19,4.14,3.5,4.09,1.42
58702,2.13,3.07,3.12,3.03,2.71
58745,2.64,3.54,3.42,3.72,2.17
58752,2.59,3.74,4.04,4.13,2.17
58774,2.72,2.83,2.39,2.34,3.2
58787,1.79,4.41,4.73,4.93,1.2
58796,1.0,4.23,3.01,2.58,2.16
58809,3.2,2.54,2.7,2.7,3.4
58831,3.26,3.11,3.16,3.58,2.47
58885,3.41,2.28,3.08,2.5,3.97
58896,3.08,2.88,3.09,3.04,3.13
58902,3.13,2.91,2.72,3.0,2.94
58905,3.69,3.08,3.4,3.77,2.74
58920,2.69,3.19,3.09,2.94,2.96
59005,2.73,3.01,3.0,2.86,3.01
59020,2.42,3.77,3.5,3.27,2.62
59026,2.81,2.83,2.89,2.6,3.3
59035,3.93,2.35,2.51,2.81,3.51
59070,3.07,2.7,2.98,2.92,3.2
59096,3.44,2.54,2.75,2.75,3.34
59103,3.76,2.28,2.8,2.74,3.66
59179,2.04,3.39,3.12,2.88,2.65
59213,2.86,3.3,2.86,3.04,2.64
59216,3.14,2.9,3.06,3.18,2.97
59260,4.42,1.26,1.0,1.0,4.91
59276,2.81,3.06,3.07,2.82,3.11
59302,2.26,3.73,4.4,3.96,2.47
59319,3.17,2.6,2.72,2.31,3.67
59325,2.82,3.26,3.47,3.49,2.68
59327,3.03,2.22,2.15,1.89,3.78
59333,2.75,1.89,3.23,1.95,4.68
59359,3.85,2.72,2.85,3.28,2.96
59365,3.29,2.33,2.37,1.87,3.98
59371,3.09,3.06,3.54,3.51,2.92
59396,3.12,3.77,3.51,3.89,2.13
59398,3.61,2.5,2.24,2.66,3.3
59403,2.88,3.44,2.81,2.91,2.82
59418,2.73,2.74,2.74,2.46,3.38
59438,2.88,3.76,3.19,3.55,2.42
59473,3.65,1.95,2.43,2.0,4.4
59478,3.27,2.92,3.31,3.08,3.29
59497,3.41,2.26,2.52,1.97,4.14
59503,2.7,3.31,3.02,3.06,2.69
59506,2.8,2.94,2.72,2.79,2.92
59510,2.71,3.11,2.93,2.91,2.9
59542,2.75,3.2,3.01,2.64,3.15
59543,3.49,2.74,2.89,2.66,3.68
59544,2.54,3.51,3.03,3.06,2.57
59564,3.24,2.14,1.1,1.13,3.94
59565,2.95,2.96,3.19,3.19,2.85
59576,3.73,2.33,2.41,2.83,3.36
59581,3.5,2.62,3.03,2.94,3.47
59598,2.11,3.97,3.56,3.46,2.23
59601,2.02,3.46,2.24,2.52,2.34
59608,3.21,2.57,2.78,2.62,3.55
59613,2.07,4.37,3.62,3.61,1.83
59615,2.22,4.18,4.08,4.15,2.05
59634,3.33,1.99,2.22,1.58,4.36
59639,3.08,2.97,2.47,2.53,3.12
59672,3.08,2.83,2.72,2.77,3.13
59679,3.03,3.8,4.81,3.93,2.71
59693,2.62,2.7,2.63,2.55,3.16
59767,2.88,3.04,3.18,3.55,2.52
59786,3.12,1.67,1.87,1.28,4.58
59792,2.76,2.47,2.76,2.53,3.35
59795,3.44,2.0,2.5,2.22,4.0
59832,3.55,3.35,3.62,3.41,2.97
59837,2.94,2.96,3.12,3.05,3.13
59878,2.28,3.55,2.72,2.99,2.28
59893,4.24,2.37,3.0,3.66,3.09
59901,2.82,2.79,2.95,2.74,3.23
59943,3.13,3.26,3.09,3.49,2.54
59956,1.0,3.35,3.85,2.53,3.22
59964,3.62,2.44,2.96,2.89,3.62
59993,5.0,1.0,2.15,1.98,5.0
60044,2.91,3.03,2.68,2.69,3.09
60058,3.33,2.63,2.39,2.21,3.71
60072,2.2,3.96,3.72,3.54,2.21
60088,2.98,3.12,3.29,3.06,2.98
60090,3.17,3.09,2.91,3.01,3.02
60120,3.26,3.34,3.5,3.98,2.28
60132,2.09,3.61,3.77,3.52,2.32
60188,3.63,2.36,2.83,2.8,3.44
60208,2.87,3.11,3.27,3.08,3.03
60216,1.76,3.76,2.98,2.79,2.38
60260,1.49,3.72,3.19,2.87,2.37
60291,3.11,2.69,2.55,2.42,3.41
60295,3.54,1.63,1.3,1.21,4.37
60312,2.74,2.41,3.22,2.48,3.88
60322,2.29,3.29,2.87,2.84,2.66
60334,3.43,3.05,2.69,3.08,2.88
60343,1.46,4.01,3.19,2.98,2.04
60357,3.48,4.91,4.05,4.52,1.63
60383,3.92,2.0,1.73,2.21,3.69
60394,4.0,2.69,2.23,2.72,3.21
60416,2.77,3.23,2.29,2.77,2.5
60420,2.76,3.29,2.27,2.59,2.7
60423,2.94,3.51,2.97,3.62,2.16
60427,3.03,3.37,3.37,3.71,2.36
60431,3.87,1.98,2.41,2.33,4.09
60433,1.99,3.79,3.16,3.19,2.34
60435,2.82,2.44,2.7,2.56,3.34
60472,2.89,3.1,3.02,3.09,2.75
60485,2.87,3.44,3.67,3.51,2.66
60510,3.05,2.79,2.68,2.96,2.96
60538,3.38,3.02,2.72,3.0,2.91
60545,2.44,4.18,3.61,3.34,2.38
60578,3.05,2.43,1.9,1.75,3.63
60599,3.45,2.84,3.07,2.99,3.35
60621,2.04,2.95,3.17,2.75,3.06
60623,2.62,3.08,3.3,3.04,2.97
60640,2.87,2.9,3.39,2.97,3.27
60643,3.09,2.77,3.32,3.27,3.09
60662,3.04,2.82,2.75,3.06,2.79
60697,2.68,4.08,5.0,5.0,1.37
60743,2.79,2.98,3.05,2.98,2.98
60804,3.42,2.5,3.05,3.06,3.3
60812,2.18,3.75,3.11,3.1,2.39
60857,4.04,2.84,2.7,3.14,3.01
60859,3.67,2.74,2.27,3.03,2.91
60862,2.54,4.3,4.3,4.71,1.45
60865,3.88,2.4,2.95,2.99,3.68
60881,2.56,3.8,3.46,4.01,1.9
60886,4.0,2.11,1.83,2.27,3.58
60901,2.37,4.08,4.62,4.4,2.08
60903,2.22,3.87,3.86,3.35,2.36
60941,3.13,2.87,3.87,3.59,3.13
60959,2.88,2.73,2.84,2.76,3.18
60995,3.04,2.23,2.75,2.33,3.77
61023,2.98,2.43,2.82,2.41,3.72
61052,2.82,3.08,2.97,3.01,2.87
61053,2.11,3.07,2.66,2.28,3.11
61105,2.94,3.2,3.13,3.2,2.82
61151,3.21,2.6,2.91,2.58,3.6
61157,3.31,3.35,2.9,3.34,2.5
61177,3.04,3.36,2.64,3.17,2.42
61198,3.35,2.94,2.4,2.47,3.29
61309,2.75,2.76,3.3,3.2,3.07
61325,3.61,2.15,2.89,2.62,3.84
61352,3.07,2.24,2.61,2.49,3.57
61360,3.29,2.63,3.08,3.07,3.23
61363,2.77,2.41,3.04,2.3,3.97
61365,2.93,2.87,2.84,2.76,3.27
61406,2.82,3.82,4.33,3.99,2.57
61444,1.75,4.08,2.81,3.06,1.88
61450,2.87,2.82,3.0,2.76,3.26
61454,2.93,3.39,2.73,2.96,2.65
61458,2.51,2.3,1.99,1.67,3.74
61466,2.8,2.67,2.52,1.73,4.06
61483,2.88,3.71,3.16,3.59,2.2
61493,2.63,3.16,2.99,2.95,2.81
61504,4.82,1.06,1.58,1.7,4.92
61516,1.83,4.24,4.02,3.69,2.23
61547,3.62,2.37,2.47,2.48,3.53
61584,1.82,4.36,4.2,3.96,1.96
61598,2.8,3.17,3.03,2.92,2.91
61610,3.6,2.3,2.71,2.89,3.36
61655,2.61,3.25,3.29,3.15,2.83
61688,2.88,3.61,2.86,3.36,2.26
61720,2.27,3.24,2.55,2.54,2.75
61721,2.65,3.58,3.2,3.24,2.47
61736,3.04,2.61,2.7,2.5,3.45
61801,2.97,3.9,3.7,3.93,2.2
61802,2.99,3.68,3.13,3.25,2.52
61824,2.19,3.74,3.22,3.13,2.32
61840,2.83,2.45,2.83,2.5,3.58
61858,3.42,2.61,3.82,4.04,2.92
61910,3.03,3.07,2.57,2.84,2.78
61912,2.49,4.0,4.22,4.28,2.05
61926,2.53,3.3,2.93,2.93,2.61
61935,2.85,2.38,2.89,2.36,3.67
61937,3.13,3.27,2.68,3.14,2.54
61965,2.82,3.1,3.1,3.16,2.8
61968,3.65,3.04,3.6,3.56,3.08
61976,4.01,2.65,3.04,3.65,2.86
61982,2.73,3.53,3.15,3.49,2.29
62009,3.64,2.81,3.12,2.99,3.33
62014,3.53,3.03,3.35,3.43,2.97
62051,3.44,3.28,2.55,3.08,2.71
62080,4.6,1.0,1.26,1.0,5.0
62126,2.4,3.07,2.86,2.56,3.05
62141,2.62,3.52,3.6,3.65,2.4
62163,2.88,2.56,2.83,2.61,3.33
62170,3.14,3.2,2.27,2.81,2.69
62251,2.9,3.11,2.84,2.94,2.85
62264,2.99,3.16,2.96,2.99,2.97
62275,2.16,4.94,4.49,4.96,1.03
62291,3.24,2.59,2.55,2.56,3.41
62292,4.37,2.93,3.46,3.96,2.88
62322,3.11,3.43,3.23,3.7,2.28
62353,3.41,2.68,2.05,2.37,3.25
62396,2.23,3.31,2.58,2.47,2.81
62398,2.84,2.94,3.05,2.69,3.38
62413,3.09,2.1,2.44,2.26,3.67
62448,3.0,3.07,3.2,3.34,2.79
62470,1.91,3.85,3.73,3.64,2.14
62478,3.24,3.09,4.09,3.97,2.93
62481,3.86,2.54,1.9,2.7,3.07
62506,1.86,3.87,4.18,4.13,1.76
62525,2.96,2.89,3.13,3.44,2.63
62537,3.2,2.3,1.98,2.16,3.45
62550,3.07,3.47,3.63,3.83,2.37
62600,3.12,3.27,3.01,3.14,2.71
62613,3.07,2.75,3.5,3.0,3.4
62616,2.72,3.44,3.13,3.11,2.72
62671,3.07,2.83,2.65,2.84,2.98
62719,2.81,2.91,3.6,3.24,3.18
62732,3.87,3.25,2.19,2.97,2.79
62769,3.17,3.41,3.13,3.63,2.34
62832,2.73,3.1,3.34,3.72,2.29
62848,3.71,2.2,2.36,2.21,3.96
62876,2.61,4.72,4.3,4.73,1.33
62880,2.66,3.03,2.82,2.58,3.1
62891,3.23,2.52,2.74,2.35,3.79
62922,3.18,2.38,3.05,2.66,3.67
62936,2.86,2.83,3.54,3.23,3.23
62971,2.57,3.17,2.91,2.95,2.8
63017,2.71,2.92,2.24,2.19,3.17
63040,2.86,3.68,3.5,3.45,2.64
63077,3.09,2.88,3.3,3.27,2.97
63088,3.4,3.14,2.75,3.17,2.78
63119,3.58,2.55,2.67,3.24,3.03
63185,2.91,4.07,2.78,3.58,1.87
63201,3.11,3.05,2.87,2.83,3.05
63236,2.78,3.23,3.49,3.19,2.96
63271,2.96,3.05,2.88,3.01,2.85
63278,3.24,3.12,3.29,3.43,2.86
63288,3.39,2.69,2.12,2.26,3.48
63326,2.01,3.83,2.92,3.1,2.06
63332,3.49,2.2,1.69,1.75,3.83
63372,2.8,2.75,2.76,2.62,3.25
63413,2.31,3.48,2.93,3.14,2.29
63451,2.76,2.48,3.21,2.35,4.08
63488,2.62,3.17,3.14,2.83,2.99
63508,2.18,3.32,3.62,3.05,2.98
63510,1.78,3.62,2.65,2.42,2.55
63513,2.12,3.91,4.64,4.4,2.07
63516,2.14,3.39,3.72,3.48,2.52
63517,3.16,3.65,3.36,3.93,2.11
63526,2.96,2.57,3.04,2.68,3.54
63581,2.63,3.47,3.71,3.43,2.65
63597,2.96,2.98,4.42,4.56,2.17
63667,3.41,2.59,2.34,2.82,3.15
63675,3.13,2.91,2.62,3.17,2.68
63677,3.03,3.45,3.73,3.91,2.48
63682,3.42,2.0,2.05,2.16,3.85
63691,2.74,3.36,3.12,3.11,2.76
63719,2.14,3.41,3.3,3.08,2.57
63722,3.22,2.83,2.41,2.39,3.36
63726,3.64,3.0,3.28,3.51,3.06
63763,3.51,1.9,2.18,1.87,4.09
63813,2.88,1.76,2.57,2.46,3.6
63824,2.11,3.7,2.59,2.7,2.29
63849,2.33,4.18,3.87,3.58,2.21
63853,2.99,2.97,2.99,2.93,3.1
63887,2.08,3.71,4.32,3.75,2.7
63911,2.78,3.31,3.37,3.97,2.09
63932,3.29,2.94,2.81,3.24,2.78
63939,1.55,4.47,4.2,4.22,1.59
63946,3.9,2.2,2.35,2.82,3.32
63949,1.34,3.85,2.95,2.94,2.0
63976,2.55,4.55,4.63,5.0,1.24
64002,2.88,2.77,2.69,2.42,3.44
64023,3.88,1.0,1.66,1.09,5.0
64041,3.47,2.45,2.27,2.11,3.7
64079,2.52,3.33,3.12,3.18,2.6
64081,2.78,3.21,3.41,3.3,2.81
64099,2.25,3.6,3.15,3.54,1.98
64105,1.92,4.62,4.8,5.0,1.09
64114,2.61,2.7,3.68,2.76,3.57
64115,2.9,2.74,2.94,2.77,3.22
64117,3.69,3.04,2.83,3.23,2.82
64238,1.75,3.4,2.43,2.13,2.76
64250,3.14,2.96,2.77,3.07,2.88
64295,1.8,3.8,3.81,3.4,2.36
64316,3.42,2.56,2.6,2.73,3.33
64318,2.06,3.42,3.02,2.79,2.7
64325,2.98,4.13,4.01,4.13,2.05
64337,3.22,2.08,2.18,2.47,3.33
64361,2.48,3.16,2.59,3.06,2.44
64387,5.0,1.0,1.0,1.0,4.94
64393,2.86,2.61,2.16,2.16,3.45
64398,2.87,3.22,2.95,2.96,2.87
64399,1.93,3.54,4.05,3.37,2.9
64411,3.1,2.87,2.77,3.01,2.86
64416,3.67,3.41,3.39,4.02,2.34
64428,4.22,1.59,1.89,1.97,4.29
64434,2.85,3.25,2.27,2.49,2.86
64446,2.92,3.08,3.22,3.17,2.92
64456,3.03,2.67,2.22,2.22,3.2
64478,2.94,3.5,3.05,3.64,2.26
64530,3.98,2.24,3.01,2.86,3.76
64580,2.82,3.98,3.32,3.75,2.07
64612,2.86,2.98,3.05,3.05,2.9
64614,2.47,3.66,2.97,2.76,2.7
64617,3.37,2.53,2.79,2.6,3.42
64629,4.23,1.84,2.38,2.57,4.02
64641,3.28,1.68,2.34,1.44,4.54
64646,2.83,2.91,2.43,2.62,2.95
64712,1.79,3.64,3.32,3.01,2.43
64717,3.53,2.9,2.74,2.95,2.99
64733,4.0,2.4,2.32,2.76,3.64
64735,3.23,3.07,3.04,3.31,2.82
64740,2.3,3.98,3.59,3.75,2.04
64741,2.25,3.01,3.56,3.6,2.32
64752,3.24,2.81,2.62,2.9,3.05
64763,2.9,3.15,2.97,3.3,2.73
64770,3.35,2.55,2.97,2.69,3.68
64781,2.5,4.04,4.32,3.98,2.31
64786,3.39,2.33,2.51,2.47,3.58
64820,1.39,3.93,4.14,3.51,2.35
64847,3.9,1.32,1.77,1.57,4.5
64848,2.51,2.99,3.74,3.06,3.26
64902,2.67,3.86,3.29,3.5,2.22
64979,3.25,2.46,2.65,2.6,3.45
65005,2.55,3.35,3.06,3.39,2.49
65007,2.57,2.25,2.61,1.89,3.84
65016,1.48,4.45,3.43,2.92,1.99
65032,2.56,3.02,3.2,2.66,3.33
65073,3.32,2.41,1.92,2.18,3.41
65128,2.76,3.46,2.59,2.64,2.7
65157,3.02,3.08,3.24,3.02,3.08
65161,2.75,3.41,3.09,3.22,2.51
65259,3.79,2.94,2.99,3.3,3.01
65283,3.25,3.16,3.0,3.31,2.7
65293,3.29,3.08,2.55,3.25,2.59
65298,4.66,2.34,2.44,2.44,4.23
65304,3.38,2.92,3.04,3.13,3.22
65305,2.66,3.18,2.05,2.26,2.82
65306,2.49,3.12,2.01,2.18,2.79
65365,3.13,2.84,2.31,2.25,3.37
65369,3.32,2.48,2.97,2.68,3.63
65375,2.83,3.11,2.79,2.78,3.04
65427,3.21,2.03,3.31,2.47,4.21
65429,2.99,3.92,3.86,4.32,1.87
65439,2.76,2.02,2.4,1.95,3.99
65470,3.51,3.0,2.16,2.32,3.14
65483,3.82,3.46,2.68,3.53,2.44
65492,3.32,2.41,2.0,2.17,3.37
65501,4.67,1.47,1.46,2.04,4.37
65525,1.67,3.41,2.32,2.19,2.65
65558,2.54,2.86,3.27,2.77,3.26
65581,3.08,3.05,2.66,3.14,2.74
65582,2.92,3.32,2.83,3.19,2.56
65585,3.35,2.41,3.2,3.09,3.43
65607,3.46,2.27,2.39,2.24,3.84
65624,3.28,2.9,3.09,2.91,3.3
65638,2.19,3.32,3.22,3.01,2.65
65729,3.51,2.65,3.01,2.86,3.49
65777,3.55,2.77,2.3,2.67,3.16
65787,3.86,2.62,1.37,2.04,3.3
65790,3.28,2.6,3.03,3.0,3.32
65814,4.25,2.0,2.63,3.03,3.63
65815,2.06,3.27,2.64,2.44,2.81
65836,1.94,3.37,3.07,2.7,2.84
65885,3.34,3.16,3.26,3.15,3.15
65924,1.0,4.17,3.39,2.57,2.1
65942,3.6,3.21,3.98,3.9,2.85
65953,3.49,3.22,3.52,3.83,2.6
65958,3.14,2.59,2.28,2.38,3.36
66084,3.38,2.77,2.73,3.05,3.02
66107,3.78,2.57,2.47,2.82,3.31
66134,3.35,3.3,3.06,3.38,2.65
66142,2.94,2.86,3.21,2.93,3.22
66175,3.22,2.95,3.14,3.18,3.03
66178,3.17,2.84,2.62,2.66,3.23
66242,4.2,2.33,2.84,2.83,3.71
66253,3.79,1.84,1.34,2.11,3.68
66272,1.0,4.04,2.08,1.65,2.15
66276,3.66,2.6,2.7,2.63,3.64
66295,2.78,2.69,2.21,2.38,3.15
66296,3.2,2.33,2.5,2.42,3.58
66324,2.02,4.03,4.61,4.14,2.15
66337,3.84,2.31,2.34,2.31,3.76
66342,3.25,3.2,3.08,3.79,2.34
66359,3.1,2.89,2.87,2.97,3.08
66483,3.36,2.3,3.17,2.79,3.75
66489,2.02,4.16,4.32,4.05,2.13
66554,3.85,2.31,1.83,2.34,3.42
66573,2.54,4.03,3.71,4.0,1.97
66575,3.05,2.82,2.84,2.69,3.27
66577,3.08,2.86,2.59,2.5,3.32
66616,3.01,3.32,3.2,3.16,2.85
66633,3.51,2.14,3.01,2.45,4.01
66694,2.8,2.82,2.82,2.4,3.38
66697,5.0,2.84,2.69,3.32,3.24
66699,3.64,2.93,2.6,2.92,3.1
66713,3.03,3.32,2.84,3.46,2.36
66725,2.53,3.07,3.49,3.36,2.94
66739,1.4,3.95,4.3,4.33,1.56
66761,2.69,2.64,2.49,2.34,3.23
66771,1.68,4.05,3.31,3.15,2.16
66792,3.51,2.53,2.7,2.99,3.22
66797,2.98,2.71,2.73,2.58,3.33
66883,1.83,5.0,4.17,4.73,1.0
66892,2.9,2.72,2.81,2.62,3.28
66895,2.26,3.86,2.66,3.09,2.03
66901,4.21,2.19,2.28,2.49,3.89
66906,1.95,2.77,2.04,1.61,3.34
66913,2.41,2.91,2.46,2.53,2.83
66914,2.5,3.42,3.15,2.97,2.72
66925,3.09,2.89,1.96,2.45,2.9
66931,2.93,2.81,2.93,2.68,3.24
66937,3.35,3.03,2.97,3.22,3.0
66948,3.73,2.39,2.76,2.42,3.89
66953,1.95,3.57,3.53,2.99,2.66
66996,2.85,2.78,3.23,3.02,3.15
67034,2.81,2.93,2.76,2.54,3.28
67046,2.29,4.03,3.61,3.7,2.06
67051,2.48,3.47,3.37,3.39,2.47
67107,2.92,2.87,2.87,2.6,3.27
67126,2.74,3.29,3.28,3.24,2.78
67133,3.87,3.82,3.01,3.81,2.2
67137,2.79,3.52,3.48,3.69,2.33
67140,2.87,2.41,2.76,2.59,3.32
67146,2.41,2.97,3.45,3.05,2.99
67190,3.0,2.99,2.99,3.02,2.95
67193,3.09,2.79,2.73,2.92,3.13
67198,4.06,2.36,2.77,3.38,3.02
67223,4.22,1.45,1.06,1.13,4.51
67242,2.98,2.81,2.19,2.34,3.09
67252,3.17,2.86,3.02,2.86,3.39
67255,3.1,2.69,3.12,3.1,3.24
67323,3.34,3.17,2.48,3.16,2.53
67330,3.03,3.41,3.96,3.75,2.71
67354,1.96,3.63,3.93,3.67,2.24
67355,1.8,3.99,2.94,2.76,2.27
67368,3.0,3.22,2.93,3.29,2.5
67374,2.3,3.14,3.77,3.35,2.96
67385,2.23,3.26,3.67,3.2,2.92
67400,1.33,4.06,4.08,3.15,2.33
67424,3.26,3.18,3.24,3.15,3.04
67426,3.12,2.46,2.86,2.71,3.49
67437,3.21,2.28,2.82,2.49,3.73
67444,2.91,2.64,3.63,3.23,3.32
67456,2.38,3.1,2.58,2.47,2.93
67458,3.85,2.56,2.25,2.54,3.45
67473,3.99,2.6,3.36,3.59,3.15
67555,3.11,3.05,2.94,3.38,2.51
67609,4.47,1.0,1.0,1.0,5.0
67640,2.55,3.37,3.06,2.85,2.89
67649,3.18,3.16,2.83,3.1,2.68
67661,2.88,2.74,3.18,2.85,3.3
67745,2.85,3.44,3.3,3.26,2.66
67777,4.0,1.73,2.25,2.27,4.02
67800,3.28,2.91,2.94,3.03,3.09
67820,2.76,3.1,2.39,2.42,2.93
67827,3.4,2.85,2.82,3.15,2.82
67834,2.81,4.06,2.96,3.57,1.89
67848,3.16,2.85,2.83,2.92,3.11
67875,3.33,2.65,2.4,2.31,3.64
67877,2.87,2.78,2.52,2.41,3.38
67919,2.23,4.54,3.97,3.84,2.08
67926,2.67,3.11,2.83,2.75,2.97
67939,4.18,2.45,2.23,3.31,3.09
67945,3.01,2.89,3.2,3.13,3.07
67956,1.44,3.74,3.92,3.46,2.26
67958,3.31,2.44,2.09,2.13,3.51
67966,3.45,2.57,2.67,2.94,3.19
67967,2.67,3.47,2.77,2.91,2.55
67974,2.93,3.65,3.32,3.39,2.6
67985,4.14,2.98,3.07,3.41,3.02
67991,4.22,1.5,1.0,1.2,4.78
68007,1.57,3.89,2.71,2.74,2.07
68020,1.92,3.45,2.6,2.38,2.66
68051,2.83,3.12,3.07,3.23,2.73
68145,3.15,3.76,3.13,3.52,2.34
68176,3.15,2.83,2.85,3.07,3.01
68187,3.7,1.95,2.11,2.26,3.82
68194,1.3,4.43,4.25,4.0,1.54
68204,2.7,3.08,3.05,3.0,2.93
68210,3.83,2.37,3.22,3.15,3.62
68231,2.81,1.96,2.64,2.66,3.47
68234,3.19,1.73,2.61,2.01,4.34
68239,3.02,2.8,3.08,2.91,3.24
68284,2.95,3.06,2.88,2.8,3.12
68302,2.24,4.64,4.3,5.0,1.0
68377,2.56,2.93,2.57,2.52,3.02
68395,2.64,3.05,2.95,2.87,2.98
68413,2.59,3.06,3.33,3.18,2.76
68414,3.38,2.66,2.8,3.16,2.98
68425,3.3,2.58,2.91,2.97,3.32
68437,3.36,2.82,4.21,3.71,3.36
68450,3.8,2.28,2.76,2.67,3.86
68453,2.1,3.88,4.06,3.79,2.2
68491,2.38,3.61,3.4,3.6,2.2
68556,2.42,3.23,3.1,3.05,2.73
68572,3.69,2.14,2.29,2.96,3.26
68578,4.08,2.67,3.25,3.74,2.99
68599,3.91,2.65,2.47,3.2,2.93
68626,5.0,1.0,1.0,1.47,4.82
68632,2.28,3.02,2.61,2.45,2.9
68646,3.46,2.81,2.19,2.64,3.02
68656,3.18,1.91,2.13,2.1,3.71
68673,3.29,2.81,2.97,3.15,3.05
68716,3.7,1.0,2.06,1.11,5.0
68720,3.47,2.76,2.3,2.83,3.02
68765,2.53,3.06,2.45,2.45,2.86
68766,2.88,3.14,2.7,3.02,2.58
68774,2.61,3.3,3.2,3.26,2.64
68778,3.43,2.69,2.94,2.93,3.27
68795,2.54,3.99,4.56,3.76,2.6
68810,2.97,3.42,3.02,3.41,2.39
68836,2.76,3.44,3.21,3.12,2.82
68846,4.24,2.67,3.19,3.33,3.41
68854,3.21,2.57,1.97,1.88,3.63
68863,3.0,2.87,2.59,2.49,3.29
68865,2.65,2.8,2.52,2.22,3.37
68898,2.9,3.07,3.1,2.97,3.01
68900,3.96,3.05,3.03,3.78,2.59
68902,2.21,3.45,3.04,3.07,2.4
68918,2.91,3.62,3.92,3.62,2.82
68935,3.35,2.63,2.47,2.63,3.19
68945,3.05,3.53,3.47,3.71,2.34
68950,2.15,4.0,3.34,3.41,2.03
68951,2.57,3.42,2.28,2.75,2.44
68964,3.28,2.53,2.88,2.89,3.32
68999,2.72,3.17,3.04,2.78,3.04
69000,2.93,2.62,3.02,2.71,3.45
69066,2.56,4.58,4.88,5.0,1.25
69113,3.11,2.86,2.72,2.8,3.16
69116,2.46,3.26,2.86,2.71,2.85
69149,3.76,2.91,2.86,3.23,3.12
69152,2.4,3.11,3.29,2.86,3.05
69200,3.16,2.96,2.79,3.01,2.8
69222,5.0,2.13,1.3,2.2,3.97
69231,2.97,2.89,2.56,2.45,3.27
69310,3.28,1.93,1.95,1.81,3.96
69319,2.24,3.44,3.75,2.78,3.52
69330,1.75,3.29,2.78,2.55,2.76
69347,2.67,3.18,2.99,3.05,3.07
69391,3.03,3.23,3.05,3.17,2.78
69423,3.3,3.85,3.58,3.95,2.18
69432,3.35,2.81,4.02,3.69,3.27
69442,1.0,4.87,3.92,3.43,1.34
69465,2.87,2.95,2.37,2.5,3.0
69476,3.01,3.21,3.16,3.26,2.78
69483,2.83,3.0,2.92,3.0,2.88
69493,3.7,3.66,2.71,3.11,2.68
69518,2.89,3.48,2.78,3.36,2.17
69520,2.76,2.67,3.02,2.59,3.46
69535,4.32,1.03,2.38,2.57,4.24
69549,3.84,2.82,2.86,2.84,3.46
69577,2.27,3.96,5.0,5.0,1.82
69650,3.82,2.36,1.97,2.27,3.64
69653,3.06,2.24,2.82,2.75,3.4
69656,3.26,2.6,2.03,2.07,3.47
69658,2.46,3.43,3.68,3.3,2.85
69712,3.35,3.6,3.26,3.55,2.53
69717,2.99,2.72,2.87,2.52,3.43
69738,3.99,2.49,3.13,3.75,2.95
69745,3.69,2.61,2.82,2.95,3.47
69749,2.71,4.13,3.9,3.86,2.18
69774,3.01,3.03,2.7,2.72,3.12
69791,3.22,2.35,1.99,1.74,3.96
69824,2.8,3.01,3.02,2.83,3.19
69849,2.09,2.87,3.27,2.33,3.56
69896,3.13,3.08,2.81,3.21,2.67
69913,3.29,2.83,2.85,3.05,3.08
69968,3.72,2.59,2.49,2.76,3.32
69987,3.76,2.49,1.87,2.22,3.37
70002,3.28,3.02,3.2,3.25,2.94
70003,3.22,2.63,2.79,2.93,3.06
70093,3.23,3.58,3.17,3.59,2.34
70099,2.77,3.42,2.71,2.95,2.6
70165,3.2,3.06,2.7,2.88,3.04
70209,2.8,2.81,3.35,3.11,3.17
70223,2.95,3.28,2.96,3.26,2.53
70258,3.81,2.8,1.91,2.25,3.29
70273,2.6,3.87,3.05,3.42,2.03
70293,2.34,3.32,2.81,2.74,2.71
70296,2.69,3.0,2.86,2.65,3.16
70306,3.24,3.02,3.0,3.06,3.16
70359,3.82,1.7,1.0,1.0,4.06
70368,3.38,2.66,2.54,2.39,3.48
70380,2.69,3.29,2.99,3.05,2.7
70437,2.0,3.6,3.23,3.07,2.48
70452,2.97,3.15,3.82,3.36,3.18
70470,3.34,2.59,2.41,2.51,3.42
70485,1.99,3.05,4.69,3.3,3.39
70506,2.91,2.73,2.36,2.29,3.33
70508,3.76,2.65,2.78,3.25,3.13
70513,2.76,2.93,3.55,3.24,3.02
70563,2.82,2.62,2.75,2.3,3.63
70581,1.8,4.31,3.17,3.01,2.23
70583,3.63,2.65,2.7,2.97,3.16
70657,3.41,2.76,3.54,3.6,3.05
70665,4.15,2.73,2.51,2.83,3.3
70682,3.04,2.89,2.96,3.0,3.11
70719,3.1,3.07,3.01,3.23,2.87
70763,2.86,3.04,2.75,3.02,2.69
70778,4.14,2.91,3.37,3.89,2.78
70781,4.06,3.26,2.18,2.67,3.08
70788,3.33,2.6,2.65,2.57,3.52
70803,2.97,2.8,3.3,2.9,3.31
70815,3.38,3.09,2.92,3.2,2.88
70822,3.23,3.08,3.09,3.31,2.8
70830,1.6,4.12,3.92,3.03,2.42
70833,3.56,2.98,2.87,3.66,2.55
70850,2.2,3.78,3.87,3.42,2.48
70874,4.36,2.2,1.82,2.5,3.58
70883,4.52,2.25,2.69,3.06,3.61
70941,2.25,3.11,2.45,2.12,3.17
70975,1.59,4.36,3.46,3.64,1.62
71062,4.31,1.49,1.78,1.99,4.25
71081,2.16,3.57,3.1,2.59,2.87
71100,2.13,4.01,4.03,3.79,2.22
71104,3.16,3.16,2.69,2.89,2.94
71109,3.02,3.71,2.7,3.27,2.34
71204,2.67,3.21,3.97,3.57,2.74
71214,3.93,3.08,2.57,3.57,2.57
71215,3.08,2.21,2.6,2.41,3.62
71251,3.16,2.66,2.67,2.58,3.46
71266,2.9,3.1,3.57,3.34,3.07
71274,1.93,4.67,4.83,5.0,1.0
71322,2.26,3.53,4.37,3.96,2.41
71353,2.79,3.33,3.3,2.99,2.95
71360,2.71,3.21,3.3,3.64,2.37
71363,2.17,3.42,2.72,2.77,2.47
71379,3.4,3.61,2.74,3.57,2.23
71407,2.84,3.03,2.85,2.83,2.96
71437,2.91,2.79,2.7,2.71,3.1
71440,3.3,2.44,3.04,2.62,3.76
71522,2.74,2.9,3.35,3.09,3.03
71614,2.76,3.21,3.38,3.27,2.79
71630,2.85,2.44,4.07,3.01,3.96
71635,3.13,2.06,2.43,2.0,4.04
71637,3.26,2.43,2.61,2.6,3.44
71640,3.7,2.16,2.69,2.68,3.74
71647,2.97,3.02,2.69,2.66,3.09
71648,3.72,2.38,2.6,2.55,3.69
71662,2.72,3.43,2.84,3.13,2.43
71682,2.81,3.74,3.67,3.18,2.81
71727,2.72,2.84,2.8,2.6,3.21
71733,4.71,2.04,2.37,3.03,3.63
71753,3.42,1.93,2.27,2.06,4.03
71755,3.27,2.87,2.91,3.18,2.98
71780,3.71,2.53,2.91,3.14,3.18
71794,2.36,2.92,4.02,3.31,3.15
71795,1.0,4.46,2.86,2.37,1.41
71805,2.83,3.0,2.84,2.86,2.95
71819,2.37,2.8,2.74,1.78,3.87
71851,1.61,3.68,2.72,2.52,2.39
71853,2.63,3.24,2.97,3.01,2.74
71882,4.01,2.78,2.77,3.16,3.13
71897,2.96,3.04,2.66,2.6,3.18
71920,3.4,2.63,2.09,2.28,3.38
71940,2.79,2.52,3.11,2.67,3.55
71968,3.15,3.42,2.96,3.31,2.62
71975,1.93,3.71,4.72,4.14,2.38
71987,3.63,2.57,2.41,2.49,3.52
72004,3.33,1.79,2.76,2.5,3.88
72009,3.26,3.43,3.22,3.47,2.55
72021,3.22,3.21,2.87,3.15,2.75
72026,2.7,3.49,3.01,3.01,2.73
72053,2.75,2.73,3.05,2.81,3.12
72060,2.88,2.39,2.97,2.68,3.44
72063,2.54,3.35,3.81,3.75,2.36
72067,2.89,3.86,3.1,2.9,2.74
72069,2.92,3.0,2.91,3.1,2.84
72123,4.31,1.58,1.63,2.03,4.17
72127,3.81,2.19,2.46,2.69,3.58
72137,3.47,2.61,2.51,2.87,3.12
72167,2.35,3.51,3.18,3.49,2.15
72172,3.46,2.43,2.78,2.7,3.56
72179,2.55,3.83,3.59,3.74,2.18
72180,2.84,3.28,4.05,3.12,3.55
72189,2.78,3.42,3.99,3.57,2.91
72222,2.89,3.02,2.96,2.91,3.09
72229,2.79,2.77,2.61,2.83,2.77
72235,3.56,2.58,2.49,2.65,3.37
72240,2.59,5.0,4.35,4.63,1.35
72260,3.56,2.32,1.48,1.56,3.9
72280,3.08,2.91,3.09,3.09,2.97
72313,3.49,2.44,2.19,2.28,3.57
72349,2.82,3.08,3.21,3.43,2.61
72354,3.1,3.48,3.01,3.54,2.39
72358,2.56,3.43,3.09,3.26,2.46
72393,3.13,3.06,3.07,3.35,2.77
72397,1.72,4.01,4.32,3.95,2.11
72407,2.75,2.45,2.46,2.03,3.65
72410,2.7,3.29,2.97,2.95,2.82
72422,2.65,2.86,3.13,3.09,2.87
72440,3.08,2.68,2.53,2.25,3.64
72443,2.88,2.94,2.99,2.95,3.01
72459,3.29,3.02,2.94,2.99,3.11
72522,2.85,3.15,2.8,2.78,2.99
72531,2.84,2.61,2.31,2.17,3.52
72545,2.36,3.32,2.55,2.62,2.69
72574,3.02,2.83,2.76,3.1,2.69
72586,2.86,3.03,2.75,2.78,3.03
72587,3.13,2.69,2.83,2.79,3.31
72589,3.18,2.76,2.89,3.15,2.96
72593,2.47,4.17,2.88,3.7,1.58
72596,2.87,2.69,3.02,2.72,3.46
72623,3.03,3.07,3.06,2.93,3.15
72625,2.47,3.64,4.71,3.99,2.7
72634,2.19,3.54,3.66,3.38,2.48
72638,3.71,2.48,3.23,2.95,3.82
72654,3.35,2.42,2.64,2.65,3.46
72659,4.12,2.0,2.22,2.74,3.65
72688,3.14,3.06,2.2,2.41,2.92
72691,4.36,1.94,1.6,2.09,3.87
72698,3.85,1.85,2.31,2.78,3.47
72746,3.61,2.43,2.58,2.78,3.39
72775,3.88,2.74,3.36,3.7,3.03
72783,3.36,4.82,4.18,4.27,1.82
72824,1.83,4.32,4.14,3.83,2.06
72827,3.03,2.69,2.88,2.67,3.35
72832,2.32,4.46,4.6,4.81,1.59
72914,1.67,4.14,3.19,3.25,1.84
72921,3.14,2.64,2.97,2.85,3.34
72928,2.7,3.96,3.88,4.07,1.99
72952,3.28,2.84,2.39,2.69,3.1
73000,3.31,3.08,2.63,2.91,3.07
73005,3.24,3.11,2.95,3.26,2.82
73035,4.3,1.0,1.19,1.0,5.0
73042,2.87,3.23,2.96,2.85,2.99
73061,2.48,2.37,2.63,1.76,4.05
73064,3.29,2.79,2.35,2.84,2.92
73161,3.41,2.53,3.17,2.74,3.68
73192,2.22,3.91,3.84,3.74,2.04
73202,3.66,3.42,2.78,3.64,2.36
73205,3.25,2.96,2.78,3.51,2.56
73211,2.17,4.21,4.53,4.51,1.87
73226,2.42,3.68,3.52,3.54,2.34
73247,2.6,3.36,3.6,3.38,2.74
73252,2.84,2.22,2.7,2.39,3.53
73256,3.14,2.53,2.89,3.05,3.25
73264,2.41,3.1,2.21,2.21,2.99
73305,3.12,2.53,3.81,2.77,4.08
73324,3.48,2.64,4.7,3.8,3.51
73331,2.41,3.3,3.31,3.05,2.82
73340,3.14,3.32,2.58,3.04,2.62
73360,2.97,3.0,2.63,2.87,2.9
73383,2.34,3.65,3.33,3.32,2.4
73393,3.14,3.01,2.89,3.03,2.91
73397,2.69,2.88,2.96,2.63,3.29
73408,1.0,5.0,2.98,2.53,1.0
73468,1.43,4.84,4.14,4.48,1.06
73472,2.46,3.56,3.43,3.27,2.62
73506,2.91,3.39,3.16,3.55,2.41
73544,3.81,2.62,2.68,3.21,3.01
73546,3.56,2.56,3.0,2.65,3.7
73625,3.39,1.93,1.81,2.03,3.68
73626,2.4,3.24,2.77,2.38,3.06
73655,3.09,2.97,2.85,2.86,3.09
73666,3.77,3.06,2.55,2.76,3.27
73673,3.55,2.31,2.44,2.75,3.37
73686,2.71,3.28,2.99,2.89,2.9
73704,1.25,4.18,2.97,3.4,1.57
73728,3.19,1.66,2.17,2.14,3.65
73738,4.02,2.52,2.27,2.95,3.16
73791,2.9,3.06,4.48,4.13,2.5
73813,3.05,2.6,2.32,2.82,2.85
73854,3.56,2.13,2.28,2.78,3.31
73860,1.93,3.27,2.34,2.06,2.96
73863,2.12,3.65,3.1,2.99,2.43
73870,2.16,4.11,4.73,4.57,1.89
73874,3.07,4.26,4.51,4.75,2.17
73882,3.12,2.59,2.53,2.51,3.41
73883,2.98,2.92,2.58,2.55,3.2
73907,3.97,2.11,2.48,2.31,3.96
73944,3.11,2.62,2.81,2.48,3.63
73960,2.67,2.85,2.84,2.55,3.3
73961,3.02,2.93,2.93,2.92,3.1
73967,3.62,2.34,2.06,2.17,3.61
73982,3.89,1.96,1.96,2.04,4.06
74014,2.46,2.99,3.0,2.58,3.2
74026,2.4,3.54,3.48,3.64,2.14
74028,3.22,3.15,3.69,3.8,2.56
74104,2.66,3.35,3.24,3.3,2.68
74113,2.67,3.54,3.3,3.24,2.69
74115,3.47,3.49,3.35,3.98,2.23
74123,2.75,3.26,2.88,2.96,2.76
74137,2.87,2.89,3.08,3.08,2.94
74153,3.39,3.04,3.36,3.42,2.96
74182,3.95,2.39,3.79,3.46,3.86
74225,2.46,3.09,2.62,2.76,2.75
74256,2.69,3.43,3.31,3.55,2.37
74271,4.14,2.57,2.25,2.63,3.5
74324,3.29,2.62,2.4,2.38,3.47
74365,2.19,4.68,3.92,4.46,1.27
74386,1.79,3.72,4.26,3.68,2.41
74398,2.33,3.31,2.88,2.6,2.9
74405,2.11,4.93,4.33,4.66,1.19
74451,3.05,3.32,2.81,3.29,2.45
74468,3.55,2.83,3.08,3.43,2.87
74472,4.24,3.2,3.23,3.94,2.56
74475,3.58,2.68,1.91,2.36,3.22
74491,2.8,2.61,3.44,2.95,3.42
74501,1.82,3.33,3.99,3.03,3.23
74519,3.1,4.69,5.0,5.0,1.18
74526,3.9,2.27,2.65,3.05,3.36
74544,2.29,3.43,3.73,3.51,2.53
74546,3.32,1.44,2.69,1.99,4.44
74600,2.1,2.7,4.87,3.7,3.41
74607,2.76,3.72,3.21,2.96,2.81
74611,2.93,2.76,3.22,3.05,3.1
74633,3.24,2.61,2.36,2.36,3.45
74709,3.09,3.41,2.95,3.32,2.57
74733,3.07,2.87,1.99,2.02,3.47
74757,2.48,3.08,5.0,5.0,2.25
74762,2.94,2.85,2.94,2.86,3.16
74780,1.86,4.35,3.99,3.39,2.25
74834,2.98,3.23,2.98,3.27,2.63
74926,2.44,3.48,3.6,3.59,2.35
74930,3.48,2.44,2.26,2.39,3.54
74949,2.92,2.96,3.11,2.97,3.05
74978,2.66,3.28,3.04,2.97,2.83
75006,3.77,2.6,3.16,3.19,3.41
75044,3.93,2.47,3.08,3.2,3.5
75120,3.02,3.85,3.45,3.78,2.16
75121,3.14,2.6,2.32,2.35,3.37
75217,2.74,3.21,3.14,2.98,2.93
75256,2.72,3.86,3.66,3.9,2.04
75281,2.5,3.03,3.2,2.96,2.98
75282,2.88,4.6,4.54,4.84,1.71
75295,3.37,2.51,2.62,2.57,3.58
75298,3.9,2.69,3.03,3.25,3.3
75318,2.39,3.29,3.1,2.94,2.78
75321,3.56,3.04,3.48,3.54,2.95
75325,3.31,3.23,2.84,3.51,2.47
75327,2.6,3.34,3.56,3.6,2.51
75330,2.41,3.43,3.67,3.55,2.54
75334,2.96,2.87,3.44,3.41,2.96
75336,3.21,2.43,2.58,2.51,3.48
75342,3.8,3.53,2.79,3.46,2.54
75353,3.42,2.01,2.74,2.62,3.78
75368,4.88,1.0,1.15,1.45,5.0
75397,3.67,3.06,2.59,3.04,3.0
75419,3.08,3.26,2.76,3.12,2.52
75420,2.66,3.05,2.72,2.7,2.91
75441,3.7,3.23,2.7,3.52,2.61
75459,3.75,2.43,2.61,2.86,3.41
75460,3.16,2.63,1.93,2.25,3.28
75468,3.06,2.93,3.1,3.07,3.08
75483,2.5,3.47,4.45,3.53,2.91
75495,1.19,4.11,4.28,3.93,1.89
75519,3.11,3.18,2.93,2.89,3.12
75546,2.53,2.85,2.98,2.51,3.39
75556,2.53,3.11,3.29,3.28,2.64
75658,2.76,2.97,3.16,2.91,3.07
75682,3.2,3.08,3.22,3.24,3.01
75694,2.5,3.2,2.99,2.88,2.77
75715,3.32,2.97,2.13,2.3,3.19
75730,2.52,2.93,3.15,2.81,3.13
75737,2.71,3.05,3.14,3.06,2.91
75768,1.42,3.92,4.51,3.9,2.18
75783,2.58,2.8,3.22,3.56,2.41
75784,3.05,3.25,3.21,3.06,3.0
75815,3.14,3.12,2.62,2.86,2.92
75824,2.53,2.93,2.46,2.18,3.4
75830,3.19,2.54,2.52,2.77,3.26
75832,3.83,2.7,2.31,2.71,3.29
75835,3.19,2.98,3.13,3.22,2.96
75859,1.66,3.5,5.0,4.4,2.2
75860,2.92,2.6,2.76,2.67,3.25
75875,2.43,3.65,2.77,3.19,2.2
75876,4.44,1.98,1.29,1.9,3.82
75887,4.91,1.36,1.94,2.0,4.57
75904,2.87,3.32,3.11,3.21,2.71
75918,2.73,3.55,3.5,3.79,2.18
75919,2.62,3.5,3.02,3.06,2.57
75934,3.18,2.78,3.22,3.29,2.99
75940,2.92,3.3,2.43,2.7,2.81
75942,2.35,5.0,4.23,4.66,1.21
75957,4.66,1.26,2.03,2.51,4.11
75980,4.16,2.08,1.75,2.15,3.78
75990,2.43,3.68,3.7,3.82,2.14
75999,2.43,4.47,4.13,4.42,1.54
76001,2.58,3.29,2.97,2.89,2.79
76011,2.58,2.69,2.51,1.84,3.73
76031,3.32,2.76,2.59,2.82,3.17
76084,4.21,2.79,2.79,2.93,3.35
76089,2.72,3.38,3.17,3.15,2.69
76090,3.2,2.88,3.33,3.29,3.08
76140,3.22,2.73,2.04,2.35,3.24
76208,3.3,3.3,2.84,3.44,2.47
76222,2.45,2.96,3.75,3.52,2.7
76238,2.78,3.14,3.09,3.12,2.8
76241,2.6,3.45,3.18,3.56,2.16
76243,2.91,3.0,2.99,2.96,3.01
76253,2.51,2.88,3.56,3.56,2.74
76256,2.73,3.46,3.47,3.42,2.58
76264,2.67,2.87,2.81,2.64,3.19
76278,2.88,3.44,3.2,3.72,2.18
76279,2.5,3.39,3.41,3.3,2.69
76314,4.54,1.0,1.78,1.56,5.0
76390,3.01,2.63,3.11,2.61,3.64
76394,2.65,3.47,3.25,3.38,2.49
76418,3.35,2.3,1.68,1.92,3.54
76452,3.29,1.92,1.55,1.86,3.67
76456,3.36,4.53,4.13,4.02,2.15
76479,3.41,2.02,1.11,2.27,3.3
76482,2.16,3.38,3.73,3.22,2.81
76563,3.33,2.99,3.22,3.5,2.71
76567,2.93,3.28,3.11,3.26,2.7
76588,2.86,3.41,2.98,2.94,2.85
76615,3.09,3.08,3.6,3.77,2.61
76626,3.05,2.6,2.21,2.19,3.52
76640,3.53,1.86,2.47,2.17,4.13
76657,2.81,3.2,3.34,2.77,3.34
76668,2.62,4.54,4.29,4.38,1.66
76681,2.88,2.6,2.9,2.65,3.37
76717,1.77,4.35,4.36,4.3,1.72
76726,2.47,3.09,3.48,3.02,2.96
76740,3.0,2.33,2.98,2.6,3.66
76769,2.87,2.6,2.32,2.48,3.08
76775,3.03,2.93,3.05,3.01,3.17
76784,3.27,2.91,2.94,2.93,3.27
76796,2.96,2.84,3.1,3.08,3.02
76799,3.04,2.84,2.64,2.72,3.12
76800,2.95,3.14,2.84,2.93,2.87
76805,2.87,2.99,2.63,2.62,3.07
76808,4.69,2.31,2.68,3.23,3.44
76827,3.44,2.63,2.54,2.79,3.27
76830,3.18,3.11,2.92,3.71,2.58
76834,3.71,2.06,1.96,2.23,3.71
76864,2.65,2.92,3.84,3.33,3.12
76879,3.51,2.68,3.32,2.99,3.57
76889,1.67,3.44,2.95,2.57,2.64
76895,3.34,3.13,2.81,3.04,2.76
76904,2.32,3.42,4.2,3.33,3.18
76905,2.72,3.59,2.95,3.43,2.15
76917,3.42,3.32,3.49,3.45,2.84
76958,4.0,2.14,3.17,2.49,4.29
76988,2.03,3.57,3.52,3.46,2.18
77011,2.93,3.09,2.82,3.09,2.79
77012,3.9,1.03,2.61,1.33,5.0
77025,3.08,2.61,2.7,2.72,3.32
77036,3.13,4.39,2.83,3.48,2.04
77048,2.43,3.17,3.11,2.81,2.89
77062,2.73,2.87,2.84,2.55,3.3
77076,2.84,3.65,3.65,3.65,2.5
77084,3.01,2.78,3.17,3.28,2.94
77161,2.5,2.64,3.06,2.39,3.71
77165,3.34,3.23,2.83,3.33,2.67
77178,2.67,2.41,2.72,2.63,3.26
77185,3.73,1.42,1.3,1.31,4.23
77189,2.79,3.31,3.37,3.97,2.13
77207,2.72,3.5,2.64,3.57,1.96
77228,3.94,2.4,2.85,2.64,3.7
77233,4.22,1.99,1.9,2.26,3.73
77241,4.25,1.51,1.61,1.78,4.34
77245,4.42,2.21,2.46,2.45,3.98
77250,4.8,1.0,1.0,1.24,4.74
77257,1.74,3.24,2.6,2.24,2.79
77259,3.72,1.71,1.39,1.57,4.15
77269,2.41,4.15,3.68,3.91,2.03
77278,3.39,2.59,3.3,2.61,4.02
77304,3.14,2.92,3.67,3.31,3.23
77358,2.8,4.43,5.0,5.0,1.71
77367,3.59,2.52,2.7,2.93,3.23
77370,3.08,4.1,4.5,4.04,2.47
77415,2.09,3.34,3.85,2.7,3.47
77419,2.43,3.0,3.47,3.47,2.61
77428,2.57,2.53,3.16,2.73,3.39
77436,2.19,5.0,4.24,4.55,1.17
77464,2.62,3.71,4.33,3.49,2.98
77476,1.62,4.51,4.5,4.61,1.28
77481,2.76,2.64,4.04,3.62,3.06
77515,2.83,3.01,3.19,2.94,3.1
77517,2.53,3.37,3.91,3.5,2.74
77519,2.86,2.26,2.8,2.47,3.63
77520,3.36,2.63,2.74,2.76,3.37
77576,2.44,3.74,2.7,3.1,2.18
77579,3.38,2.84,3.07,3.38,2.98
77591,3.53,2.86,3.57,3.67,3.04
77610,1.65,4.39,4.38,4.35,1.61
77620,2.87,2.64,2.83,2.49,3.46
77624,4.2,1.22,1.29,1.1,4.92
77637,1.75,3.46,3.2,3.1,2.34
77644,2.49,2.91,2.09,2.21,2.9
77663,3.0,3.16,3.0,3.13,2.87
77711,2.52,3.15,3.31,3.07,2.89
77724,2.87,2.82,2.28,2.25,3.24
77726,2.61,3.34,3.01,2.93,2.77
77729,2.84,3.45,2.71,3.21,2.33
77790,3.65,2.21,2.03,2.23,3.68
77825,1.94,4.19,4.33,4.03,2.06
77826,2.38,3.69,3.45,3.16,2.51
77832,4.27,2.53,2.65,2.87,3.43
77848,3.19,2.3,2.47,2.33,3.58
77859,3.61,3.17,4.06,4.08,2.83
77875,3.19,2.51,2.19,2.18,3.53
77879,1.74,3.03,3.44,2.92,2.83
77893,3.78,2.36,1.94,2.37,3.37
77898,3.0,2.03,2.99,2.55,3.8
77902,2.71,3.21,3.12,3.15,2.77
77919,2.72,3.34,3.52,3.66,2.48
78004,3.07,3.85,4.48,4.44,2.25
78060,4.0,2.7,2.61,2.57,3.6
78085,3.75,2.47,2.68,2.98,3.34
78151,3.36,2.67,3.37,3.58,2.93
78168,2.62,3.53,4.88,4.68,2.12
78184,1.67,3.41,3.41,2.73,3.0
78189,2.08,3.52,3.09,2.79,2.86
78192,3.02,3.16,2.98,3.5,2.42
78241,2.71,3.14,2.76,3.01,2.72
78250,2.71,2.68,3.25,3.01,3.18
78259,2.65,3.45,2.9,2.87,2.69
78272,3.1,3.18,2.85,3.1,2.76
78291,3.67,2.52,2.05,2.47,3.33
78328,3.22,2.3,3.8,3.44,3.46
78332,4.19,4.59,4.74,4.22,2.51
78356,2.67,3.08,3.29,3.1,2.98
78380,3.27,2.98,3.54,3.3,3.02
78383,3.64,2.36,2.31,2.54,3.51
78426,4.27,2.44,2.88,3.4,3.3
78501,2.89,2.63,2.64,2.41,3.45
78502,4.52,2.12,2.54,3.23,3.42
78506,3.27,2.49,2.44,2.24,3.58
78522,2.59,3.36,3.18,3.05,2.71
78531,2.88,3.31,3.06,3.17,2.74
78534,3.41,2.84,2.74,2.81,3.22
78538,3.19,2.55,3.82,3.31,3.47
78546,2.71,2.88,3.06,2.88,3.07
78556,4.4,3.7,3.97,4.25,2.75
78573,3.06,2.92,3.17,3.36,2.75
78616,4.21,2.63,3.01,3.36,3.28
78632,3.61,3.14,3.32,3.44,2.89
78679,3.54,2.8,2.71,3.11,3.06
78687,2.97,3.14,2.77,2.54,3.08
78693,2.65,3.49,2.54,2.77,2.65
78705,3.75,2.63,2.24,2.38,3.46
78706,3.83,2.75,3.05,3.39,3.13
78717,2.3,3.26,3.45,3.41,2.54
78736,3.2,2.69,3.53,3.15,3.31
78763,3.61,3.39,2.47,3.9,2.11
78775,2.21,3.88,4.04,3.88,2.16
78825,2.86,2.58,2.9,2.74,3.28
78826,3.99,2.55,3.37,3.49,3.43
78881,3.19,2.95,2.51,2.81,2.86
78895,1.96,3.93,3.25,3.41,2.06
78902,4.05,2.1,2.69,2.97,3.63
78912,2.49,3.14,3.67,3.21,2.93
78924,4.1,3.13,2.84,3.82,2.45
78927,2.64,2.66,1.9,1.74,3.58
78993,3.4,1.57,1.76,1.34,4.51
79010,2.85,2.74,2.52,2.74,2.99
79037,2.87,3.06,2.88,2.96,2.9
79038,1.87,4.1,4.22,3.85,2.21
79041,2.77,3.26,3.03,2.88,2.93
79087,1.48,4.26,4.17,3.65,2.03
79113,2.89,2.96,2.72,2.54,3.16
79147,3.56,2.02,1.83,1.72,3.95
79174,3.89,2.54,2.25,2.35,3.62
79192,3.97,1.8,1.62,1.72,4.13
79208,2.8,2.74,2.83,2.54,3.46
79214,3.28,3.45,3.1,3.57,2.35
79217,2.48,4.27,4.24,3.95,2.31
79218,2.56,3.32,3.11,2.98,2.84
79223,2.82,2.79,3.35,2.88,3.44
79264,2.49,3.55,3.19,3.06,2.64
79276,3.35,2.28,2.15,2.34,3.47
79324,2.47,2.85,3.0,2.78,3.1
79336,3.65,1.62,1.76,1.53,4.51
79337,2.25,3.68,3.79,3.96,2.14
79343,1.98,4.28,4.4,4.47,1.77
79347,2.67,2.76,3.29,3.13,2.98
79367,3.08,2.97,2.65,2.92,2.81
79375,3.07,2.86,3.05,3.01,3.16
79407,2.79,3.29,1.65,2.37,2.51
79418,4.26,1.75,1.95,2.12,4.15
79424,3.43,2.03,2.19,2.09,3.87
79440,2.37,3.46,3.29,2.74,3.1
79472,4.33,2.37,3.1,3.08,3.81
79488,4.44,1.84,2.07,2.43,3.97
79492,3.1,3.45,3.17,3.43,2.49
79554,3.39,2.34,2.49,2.44,3.64
79563,3.56,2.54,2.21,2.27,3.61
79566,2.29,3.83,4.2,3.98,2.17
79600,2.99,3.29,2.84,2.95,2.79
79616,2.3,3.2,2.8,2.55,2.97
79651,2.25,3.97,4.64,4.21,2.04
79700,3.03,3.49,2.09,2.77,2.39
79707,2.57,3.33,3.09,3.25,2.59
79709,3.36,2.68,2.91,3.2,2.92
79759,3.11,2.71,2.8,2.45,3.59
79769,3.35,2.66,2.89,2.61,3.62
79793,3.12,2.85,3.08,3.07,3.04
79820,1.0,3.93,3.3,2.72,2.13
79832,3.21,2.74,2.22,2.45,3.15
79849,1.96,3.11,3.6,3.28,2.58
79853,2.59,3.37,2.88,2.93,2.63
79896,2.95,3.01,2.71,2.8,2.98
79929,3.25,2.46,3.59,2.76,4.08
79952,2.52,3.34,3.18,2.88,2.9
79982,2.98,3.33,2.9,2.98,2.76
79984,3.59,3.04,3.5,3.69,2.79
80009,4.36,3.49,3.71,4.25,2.52
80011,4.04,2.69,3.01,3.29,3.37
80022,4.01,2.39,2.77,3.13,3.4
80049,3.28,2.5,2.57,2.46,3.56
80053,2.8,3.12,2.85,2.9,2.88
80058,2.56,3.53,3.25,3.43,2.34
80064,2.86,2.97,3.94,3.49,3.05
80077,2.25,3.21,3.44,3.33,2.6
80098,3.77,1.54,1.97,2.01,4.15
80140,3.27,3.16,3.7,3.55,2.83
80163,1.76,3.32,2.33,1.8,2.92
80203,3.65,3.27,2.53,2.97,2.9
80215,2.83,3.23,3.24,3.05,2.91
80225,3.53,2.67,2.68,2.83,3.31
80265,2.84,3.4,3.37,3.45,2.59
80277,2.84,3.63,3.09,3.54,2.21
80293,2.12,4.01,4.12,3.87,2.18
80317,3.54,2.15,2.18,2.38,3.66
80366,1.97,3.16,2.99,2.7,2.85
80383,3.4,2.75,2.91,2.72,3.47
80395,2.65,3.33,3.21,2.73,3.19
80458,2.19,3.11,3.44,2.82,3.23
80470,2.69,3.4,3.53,3.32,2.79
80474,2.6,3.23,3.21,3.24,2.68
80478,3.15,2.9,2.75,2.97,2.95
80480,3.45,2.42,2.38,2.52,3.38
80522,2.8,3.75,4.89,4.88,1.94
80531,3.04,3.08,2.83,2.9,2.87
80545,2.79,3.15,2.62,2.55,2.99
80575,3.37,3.67,3.18,3.96,2.04
80612,3.52,2.67,3.61,4.19,2.63
80613,1.9,4.23,4.46,4.05,2.07
80619,1.22,4.09,4.82,4.69,1.34
80621,1.75,4.11,4.36,4.13,2.0
80623,3.62,3.13,2.89,3.18,2.9
80641,3.33,2.49,2.66,2.56,3.57
80686,4.09,2.3,1.89,2.45,3.69
80702,1.89,4.72,4.74,5.0,1.05
80707,4.13,1.43,2.11,1.9,4.48
80723,4.16,1.67,1.98,1.66,4.49
80751,2.92,3.05,3.04,3.14,2.87
80804,3.89,3.15,4.05,4.19,2.85
80826,2.28,3.63,3.66,3.38,2.44
80848,2.18,3.89,3.57,3.55,2.04
80932,1.87,3.7,3.69,3.34,2.38
80974,3.84,2.67,2.14,2.47,3.42
80992,2.72,3.72,2.93,3.2,2.25
80999,3.22,2.18,3.22,2.51,4.01
81019,2.46,3.75,3.25,3.43,2.17
81025,2.97,2.92,3.15,3.02,3.05
81030,4.13,1.04,1.0,1.04,4.45
81032,3.21,3.18,2.44,2.77,2.69
81069,2.68,2.95,3.88,3.0,3.49
81099,3.15,2.9,2.73,2.69,3.22
81118,1.58,4.49,4.04,3.94,1.73
81128,3.76,2.62,2.34,2.73,3.33
81150,2.95,2.99,2.72,2.81,3.0
81182,2.72,3.9,3.28,3.75,1.95
81260,3.24,3.53,3.78,4.19,2.34
81284,3.25,2.83,3.21,3.31,2.99
81285,3.03,3.25,2.88,3.13,2.61
81340,2.59,3.2,2.34,2.26,3.06
81343,3.12,2.65,3.05,2.72,3.53
81348,2.93,3.28,3.1,3.09,2.79
81358,1.32,3.84,2.85,2.53,2.3
81360,3.36,3.07,3.17,3.56,2.67
81393,3.66,2.42,3.23,2.99,3.71
81419,3.62,3.43,3.23,3.9,2.43
81462,2.87,2.61,2.37,2.44,3.25
81479,4.13,2.51,2.58,2.95,3.4
81519,2.83,2.85,2.91,2.87,3.07
81532,3.33,2.83,2.4,2.59,3.25
81552,3.3,2.17,1.99,2.08,3.71
81555,3.18,3.05,3.08,3.42,2.66
81556,2.29,3.64,3.67,3.63,2.32
81603,3.1,2.72,2.37,2.78,2.93
81610,4.09,2.74,2.75,3.84,2.81
81626,3.52,3.52,3.13,3.31,2.77
81638,3.96,2.38,2.73,2.82,3.53
81692,3.44,1.99,2.82,2.4,4.13
81714,2.75,3.22,3.12,3.17,2.72
81747,2.95,2.88,3.2,2.88,3.26
81749,2.73,2.77,3.34,3.25,2.94
81762,3.95,1.56,2.0,2.09,4.08
81771,2.87,3.07,2.89,2.77,3.09
81774,3.24,2.63,2.67,2.58,3.45
81776,2.68,2.76,2.87,2.65,3.22
81784,2.97,3.9,3.19,3.57,2.33
81791,3.95,2.11,2.07,2.22,3.93
81796,2.86,3.5,3.42,3.8,2.2
81799,3.76,2.25,3.1,2.73,4.03
81809,2.93,2.9,2.93,2.91,3.08
81814,3.44,3.01,2.11,2.65,2.93
81815,2.78,3.24,2.76,2.92,2.77
81822,2.74,3.1,3.79,3.4,3.01
81833,4.05,1.82,1.28,1.54,4.07
81847,3.62,2.88,3.18,3.65,2.81
81849,2.82,2.99,2.93,2.87,2.91
81855,3.12,2.7,2.75,2.67,3.26
81860,4.68,3.26,2.61,3.43,3.06
81863,4.52,2.17,3.03,2.77,4.02
81878,3.1,3.04,2.89,3.0,2.96
81893,2.72,4.54,3.62,4.4,1.38
81897,2.96,3.01,2.73,2.89,2.9
81932,1.85,3.9,3.08,2.85,2.36
81955,3.12,2.93,3.49,3.27,3.25
81979,2.72,2.67,2.81,2.54,3.32
81987,3.13,3.47,3.18,3.5,2.35
82031,2.61,2.93,2.67,2.51,3.13
82033,3.4,3.0,2.82,3.14,2.94
82058,3.81,2.08,1.8,2.09,3.73
82071,2.35,2.59,2.06,1.03,4.1
82073,1.85,2.99,2.61,2.23,3.04
82141,2.81,3.33,2.73,2.81,2.77
82173,3.05,3.17,3.43,3.65,2.58
82195,2.24,3.77,2.89,3.4,1.89
82219,2.88,2.08,2.73,1.95,4.24
82222,3.31,3.38,3.01,3.28,2.73
82232,2.65,3.5,3.25,3.3,2.5
82251,3.33,2.72,2.4,2.51,3.34
82253,3.03,2.82,2.85,2.88,3.09
82279,3.14,2.93,2.79,3.03,2.96
82281,3.2,3.02,2.82,2.99,2.99
82310,3.2,2.72,2.62,2.79,3.13
82330,3.41,2.04,1.98,1.56,4.22
82332,2.47,3.3,4.14,3.51,2.91
82371,2.52,2.97,3.11,2.72,3.14
82391,1.83,3.1,2.67,2.2,3.05
82415,2.49,3.43,3.29,3.2,2.66
82419,2.92,3.22,3.16,2.97,3.03
82450,3.68,2.94,3.01,3.36,2.91
82478,4.87,1.0,1.22,1.0,5.0
82497,4.01,2.48,3.41,3.58,3.36
82499,2.09,3.32,3.24,2.77,2.89
82512,4.76,1.26,1.0,1.07,4.76
82533,3.47,2.9,2.85,3.16,2.91
82624,5.0,1.0,1.0,1.0,5.0
82641,3.5,2.6,3.0,3.12,3.3
82664,3.45,2.88,2.73,3.27,2.75
82677,1.81,4.93,4.45,4.63,1.08
82694,2.18,4.04,4.38,4.3,1.96
82711,3.2,2.68,2.88,2.78,3.29
82730,2.87,3.51,3.3,3.53,2.37
82746,1.24,4.19,4.66,4.71,1.32
82780,1.92,3.34,2.61,2.48,2.75
82799,2.81,3.81,3.24,3.72,1.97
82802,2.43,3.25,2.9,2.93,2.72
82817,2.25,3.37,2.97,2.88,2.7
82821,2.98,3.39,3.25,3.78,2.23
82894,2.78,3.04,3.11,3.06,2.95
82903,2.42,3.16,3.12,2.74,3.06
82907,2.47,2.81,3.72,3.14,3.25
82922,2.91,2.14,2.03,1.5,4.0
82928,2.94,2.72,2.97,2.98,3.13
82933,2.83,3.03,3.0,3.13,2.78
82936,2.94,2.83,3.02,3.39,2.68
82942,2.96,2.83,2.79,2.85,3.05
82972,2.41,3.42,3.49,3.16,2.75
83002,1.39,4.64,4.56,4.74,1.09
83006,2.95,2.96,2.58,2.88,2.8
83014,2.7,2.55,3.28,2.62,3.73
83018,2.63,4.25,3.85,4.22,1.81
83034,2.12,3.61,3.06,2.91,2.51
83090,2.94,2.27,2.67,2.37,3.66
83092,1.57,4.17,4.11,3.54,2.28
83150,4.12,2.67,3.3,3.83,2.88
83162,2.97,2.69,2.69,2.54,3.38
83168,4.64,2.37,1.76,2.5,3.5
83197,2.83,3.23,2.79,3.02,2.68
83199,2.88,3.36,3.37,3.31,2.78
83218,3.31,3.0,2.61,3.04,2.89
83224,2.78,2.71,2.78,2.58,3.37
83225,2.29,3.38,3.56,2.91,3.09
83244,3.76,2.93,3.04,3.34,2.97
83249,2.96,3.5,4.36,4.01,2.62
83267,4.08,2.04,2.7,2.68,3.82
83268,3.39,2.81,2.57,2.77,3.25
83287,2.94,2.24,3.19,2.46,3.99
83324,4.01,2.81,3.54,3.83,2.97
83330,2.53,3.32,2.44,2.56,2.8
83374,2.46,2.61,1.99,1.73,3.43
83377,3.46,2.73,2.28,2.76,2.99
83390,2.6,3.14,3.16,3.09,2.8
83414,2.62,3.3,2.79,2.86,2.72
83446,3.13,3.52,3.06,3.68,2.6
83480,2.86,3.81,3.82,4.16,2.01
83506,2.74,3.52,3.19,3.38,2.38
83510,3.59,1.9,1.77,1.65,4.09
83536,3.0,2.71,2.92,2.82,3.31
83569,2.72,3.5,3.28,3.37,2.56
83578,3.55,3.37,2.96,3.5,2.61
83580,2.73,3.5,3.61,3.75,2.37
83622,4.16,2.05,2.56,2.77,3.86
83628,1.39,4.35,3.89,3.32,2.01
83636,1.85,4.54,4.7,4.83,1.3
83670,3.06,2.9,2.83,2.73,3.33
83702,2.99,3.0,2.71,2.89,2.93
83731,3.47,2.98,3.2,3.27,3.08
83734,3.83,2.54,2.73,2.83,3.44
83735,3.38,3.87,2.7,3.35,2.18
83744,3.92,1.06,1.56,1.0,5.0
83780,3.89,2.73,2.17,2.61,3.28
83795,2.28,2.61,3.05,2.39,3.5
83824,4.1,2.39,2.88,3.09,3.53
83827,3.34,2.63,2.14,2.42,3.29
83866,3.27,2.62,2.25,2.67,3.04
83880,3.17,3.22,2.83,2.81,3.17
83884,3.46,2.68,2.41,2.74,3.19
83890,3.41,2.77,3.1,2.88,3.39
83919,3.85,2.53,3.04,3.39,3.22
83934,2.98,2.89,3.24,2.97,3.27
83954,3.67,3.34,3.31,3.93,2.36
83973,3.46,2.87,2.59,3.03,2.89
84002,2.78,2.81,3.36,3.21,2.9
84003,2.84,3.98,3.69,4.17,1.95
84006,2.81,2.32,2.46,2.22,3.56
84087,2.44,3.91,3.27,3.47,2.17
84120,3.28,2.23,3.08,2.66,3.81
84143,3.12,2.96,2.92,2.98,3.05
84175,3.04,2.97,2.93,2.97,2.97
84253,4.01,2.76,2.25,3.23,2.91
84276,2.63,3.35,3.32,3.36,2.63
84297,3.53,2.34,2.47,2.39,3.71
84307,3.67,3.21,2.55,3.13,2.67
84341,2.83,2.77,3.06,2.75,3.34
84377,4.35,2.01,2.83,2.37,4.32
84387,3.0,3.44,3.29,3.37,2.6
84422,3.22,3.04,2.54,2.5,3.34
84423,4.43,2.81,1.11,2.98,2.65
84427,3.09,3.14,2.95,3.18,2.83
84437,3.95,2.08,1.8,1.65,4.2
84454,3.04,2.41,2.67,2.11,4.05
84467,4.8,1.46,1.0,1.26,4.45
84484,2.79,3.19,3.3,3.18,2.89
84551,3.08,2.24,2.89,2.63,3.59
84659,2.79,3.17,3.48,3.58,2.53
84675,3.62,2.14,2.7,3.0,3.39
84690,2.22,3.71,3.39,3.33,2.32
84703,3.52,2.65,2.53,2.74,3.29
84720,2.01,4.13,3.9,3.88,1.99
84746,2.94,3.22,3.5,3.53,2.71
84805,2.48,3.28,3.48,3.43,2.56
84810,2.68,2.46,2.99,2.49,3.58
84833,2.66,3.41,2.19,2.62,2.5
84857,3.52,3.07,4.5,4.55,2.55
84891,2.63,3.49,3.48,3.63,2.35
84895,3.4,3.4,3.0,3.16,2.89
84896,3.07,2.86,2.8,2.89,3.13
84909,4.33,3.56,3.56,4.09,2.49
84985,4.13,2.11,2.5,2.66,3.82
84989,2.95,2.76,3.03,2.82,3.25
85002,2.96,2.39,2.78,2.31,3.85
85011,2.64,3.07,3.23,2.92,3.05
85012,3.72,2.88,3.48,3.27,3.35
85043,2.87,2.1,2.39,1.78,4.1
85051,4.76,3.82,3.06,3.89,2.45
85063,3.27,3.29,3.45,3.89,2.45
85081,3.14,2.91,3.02,3.04,3.02
85098,2.52,2.81,3.1,2.67,3.29
85105,3.63,1.39,2.06,1.53,4.59
85113,4.42,1.76,3.17,3.5,3.69
85132,3.37,2.74,2.4,2.95,2.89
85135,3.06,3.29,2.53,2.87,2.69
85155,2.83,3.21,2.85,3.49,2.4
85202,1.45,3.79,4.64,4.33,1.97
85218,3.3,3.33,3.0,3.27,2.81
85234,2.53,3.26,3.16,3.04,2.76
85236,3.89,1.64,2.28,2.09,4.19
85256,2.81,2.99,3.0,3.16,2.8
85260,3.38,2.42,2.57,2.51,3.48
85297,3.84,2.31,2.14,2.19,3.7
85344,2.83,2.5,2.61,2.29,3.56
85362,2.19,2.64,2.82,2.41,3.1
85364,2.91,2.73,2.4,2.43,3.25
85404,3.11,2.61,3.1,3.08,3.35
85417,3.67,2.25,2.68,2.58,3.89
85440,3.14,2.81,3.11,2.67,3.56
85453,2.69,3.05,3.8,3.69,2.54
85484,2.71,3.46,3.0,3.37,2.42
85507,3.29,2.88,4.5,4.54,2.6
85508,2.04,2.8,3.29,2.59,3.22
85578,3.41,2.77,3.06,2.93,3.25
85607,2.9,2.79,2.8,2.66,3.31
85624,2.96,2.82,3.23,2.9,3.34
85633,2.33,3.1,3.13,2.83,2.9
85635,3.54,2.09,2.2,2.1,3.91
85659,2.61,2.64,3.3,2.86,3.42
85672,2.56,3.23,3.62,3.16,3.05
85680,3.47,2.79,3.14,3.13,3.27
85723,2.81,2.45,3.22,2.58,3.76
85732,2.97,2.58,2.42,2.47,3.34
85760,2.74,4.13,3.95,4.17,1.94
85779,2.79,1.88,2.76,1.62,4.65
85791,3.93,2.22,2.49,2.59,3.65
85796,3.23,2.75,2.6,2.76,3.08
85817,3.25,2.21,1.95,1.98,3.72
85851,2.49,4.35,3.94,3.7,1.98
85875,3.15,3.63,3.74,3.87,2.48
85888,2.96,2.16,2.61,2.12,4.02
85934,2.06,4.02,3.49,3.79,1.82
85960,3.33,3.0,2.47,2.7,3.06
85981,2.91,3.02,3.17,3.09,2.99
85983,1.64,4.47,4.46,4.06,1.9
85990,2.91,5.0,3.66,4.49,1.0
86006,2.75,3.0,3.38,3.06,2.98
86016,2.89,3.54,2.41,3.22,2.18
86073,3.1,2.45,3.08,3.03,3.16
86079,2.43,3.96,3.13,3.39,2.04
86087,3.84,2.52,2.67,2.34,3.77
86159,2.81,3.17,3.02,3.1,2.78
86164,3.85,2.04,2.33,2.35,3.87
86179,3.85,2.34,2.42,2.63,3.5
86182,3.72,2.71,2.59,3.13,2.97
86207,2.25,3.72,3.37,3.3,2.41
86232,2.42,2.65,2.51,2.78,2.83
86250,4.02,3.14,2.28,3.03,2.92
86252,2.79,3.88,4.02,3.78,2.39
86256,2.33,3.72,2.76,2.47,2.73
86258,3.36,2.7,2.04,2.42,3.11
86294,3.41,3.1,2.61,2.79,3.19
86319,2.59,3.61,2.77,3.22,2.19
86324,2.35,3.04,3.65,3.06,3.11
86326,3.51,2.49,2.57,2.54,3.64
86364,2.97,3.75,3.27,3.8,2.06
86386,2.27,3.84,4.46,3.73,2.64
86388,3.46,2.58,3.26,2.98,3.51
86414,2.78,2.69,3.12,2.59,3.48
86439,2.6,3.3,3.03,3.1,2.6
86450,2.99,1.72,2.8,2.12,4.29
86455,3.88,1.98,2.54,2.44,4.01
86456,2.23,3.38,2.93,2.99,2.52
86459,4.17,1.6,2.43,2.38,4.31
86468,2.79,3.12,3.08,3.09,2.82
86481,3.4,2.94,2.69,2.91,3.14
86488,3.32,2.86,2.87,2.93,3.1
86492,3.15,3.38,2.96,3.17,2.64
86514,1.27,3.97,4.04,2.77,2.7
86537,2.93,3.86,5.0,5.0,2.12
86542,2.87,3.41,3.26,3.4,2.65
86549,3.07,2.79,2.98,2.83,3.27
86550,2.93,2.39,2.62,2.31,3.72
86570,2.99,2.44,3.01,2.44,3.77
86626,2.22,3.44,3.33,3.42,2.3
86665,3.26,1.99,2.79,2.73,3.69
86704,3.92,3.07,2.82,3.66,2.5
86741,3.73,3.72,3.69,4.58,1.96
86743,2.98,3.41,2.88,3.19,2.6
86791,3.99,2.23,2.96,3.14,3.54
86879,3.2,2.97,3.2,3.66,2.65
86903,4.06,3.06,3.35,3.88,2.69
86919,4.13,2.85,2.19,3.21,2.77
86928,3.48,3.05,2.71,3.38,2.58
86933,2.64,3.69,3.16,3.43,2.29
87000,4.02,2.04,1.86,2.41,3.67
87003,2.89,3.12,3.33,3.3,2.82
87009,2.77,2.72,3.22,2.71,3.48
87048,2.51,4.48,4.47,4.57,1.8
87059,2.97,2.84,3.39,3.26,3.36
87061,4.55,1.0,1.0,1.12,4.85
87075,3.06,3.36,2.49,2.91,2.61
87076,4.64,2.35,2.02,2.48,3.68
87086,3.14,2.58,3.06,3.02,3.27
87121,2.19,2.68,5.0,3.97,3.33
87156,2.8,3.41,3.27,3.39,2.53
87199,3.17,2.97,3.03,3.65,2.46
87209,2.66,3.51,2.94,3.14,2.37
87248,3.09,2.78,3.33,3.16,3.21
87250,3.45,2.58,2.8,2.52,3.72
87323,2.83,3.21,3.2,3.11,2.84
87347,2.33,2.92,2.51,2.0,3.61
87351,3.1,2.96,2.79,2.96,2.99
87357,3.32,2.51,2.74,2.66,3.47
87361,3.81,3.37,3.6,4.08,2.55
87366,3.41,2.59,2.2,2.51,3.24
87397,4.07,3.21,3.56,4.22,2.58
87398,1.0,3.93,2.03,1.45,2.39
87424,1.83,4.77,4.62,5.0,1.0
87426,2.76,3.18,2.74,2.89,2.78
87451,2.45,2.68,2.74,2.65,3.08
87470,2.55,3.87,3.74,4.03,1.9
87472,2.86,2.82,2.86,2.89,3.06
87487,3.32,2.62,3.23,3.02,3.43
87495,3.32,3.81,3.36,3.5,2.32
87526,2.79,2.45,3.27,2.82,3.48
87549,3.28,3.17,2.74,3.19,2.62
87569,4.49,1.53,2.31,2.16,4.48
87570,2.98,2.29,2.76,2.35,3.88
87593,3.41,2.79,3.29,3.67,2.86
87673,2.57,3.24,3.24,3.17,2.77
87702,3.14,3.04,2.87,3.02,2.89
87707,2.55,3.3,3.4,3.26,2.63
87728,5.0,1.0,1.0,1.09,5.0
87733,3.82,2.76,2.34,3.09,2.85
87740,2.18,3.57,3.61,3.3,2.57
87746,3.24,2.88,2.37,2.68,3.08
87762,2.9,2.94,3.33,2.85,3.38
87771,2.89,2.74,3.11,2.95,3.14
87774,3.35,2.82,2.04,2.46,3.1
87795,4.16,3.0,2.7,3.82,2.53
87807,2.01,3.32,3.65,3.33,2.52
87832,3.55,2.52,2.26,2.4,3.5
87833,2.78,2.34,3.5,2.47,4.09
87849,3.14,2.94,3.38,3.32,3.21
87856,2.69,3.0,2.61,2.85,2.72
87881,2.49,3.23,2.94,2.86,2.75
87901,2.91,3.36,3.42,3.44,2.79
87912,2.33,3.5,3.8,3.36,2.62
87932,2.87,2.87,3.12,3.05,3.05
87964,4.48,1.82,2.49,2.94,3.89
88021,2.67,2.65,1.53,1.4,3.5
88049,3.22,2.9,2.92,3.03,3.28
88053,3.43,3.33,3.62,3.84,2.74
88056,3.26,3.14,3.03,3.08,3.0
88112,1.76,5.0,3.73,3.6,1.7
88238,2.55,2.73,3.43,2.71,3.46
88245,4.23,1.0,2.43,1.78,4.97
88254,2.76,2.84,2.2,2.16,3.24
88273,3.58,2.45,3.16,2.88,3.62
88284,2.85,3.4,3.3,3.3,2.7
88310,3.17,2.84,2.79,2.45,3.68
88311,3.09,2.95,3.07,2.87,3.2
88314,2.38,3.44,3.05,2.86,2.72
88345,4.4,2.84,2.87,3.67,2.82
88374,3.35,3.15,3.01,3.45,2.57
88381,2.45,3.34,3.71,3.45,2.66
88427,3.36,3.02,3.15,3.13,3.12
88467,2.96,2.95,3.32,2.99,3.24
88478,4.32,2.12,2.66,3.56,3.2
88505,1.91,3.89,3.94,3.46,2.27
88534,2.57,2.68,3.06,2.35,3.7
88545,1.88,3.51,3.78,2.86,2.99
88582,1.35,3.56,2.17,2.03,2.49
88632,2.85,3.28,3.25,3.24,2.87
88646,2.88,2.52,3.01,2.53,3.6
88685,4.05,1.17,1.76,1.12,5.0
88697,2.54,3.63,3.61,3.82,2.23
88713,3.15,2.55,2.82,2.56,3.66
88721,2.27,2.76,3.16,2.42,3.45
88761,2.51,3.74,2.82,3.12,2.19
88763,4.15,4.0,3.1,4.41,1.88
88769,3.1,3.34,3.22,3.29,2.81
88787,2.96,2.01,2.97,2.79,3.54
88822,3.38,2.28,2.39,2.25,3.77
88831,1.87,3.97,4.23,3.61,2.38
88850,3.4,2.94,2.9,3.19,3.09
88859,4.19,5.0,4.02,5.0,1.0
88871,3.06,2.57,2.64,2.53,3.39
88879,2.45,3.15,3.05,2.98,2.8
88890,3.14,2.87,2.78,2.73,3.25
88911,2.84,3.24,2.7,2.91,2.74
88916,2.89,3.21,3.13,3.34,2.62
88938,3.0,3.33,2.8,2.79,2.98
88971,3.42,3.6,3.52,4.01,2.17
88973,3.38,3.1,3.39,3.44,2.94
88978,2.8,3.23,3.18,3.07,2.9
88980,2.95,3.36,3.34,3.46,2.6
88994,2.11,3.54,3.05,3.09,2.25
89006,2.86,3.45,3.16,3.26,2.61
89015,2.17,2.31,2.63,1.49,4.26
89025,3.79,2.52,4.35,4.27,3.02
89048,4.23,1.69,3.18,2.74,4.36
89085,2.71,3.13,3.14,3.16,2.85
89098,3.25,2.64,2.66,1.91,4.2
89105,3.17,2.91,3.09,3.11,3.02
89174,3.94,3.81,3.78,3.62,2.99
89204,2.12,2.96,2.9,2.23,3.41
89232,1.9,3.85,4.41,4.34,1.76
89236,3.3,2.86,3.25,3.06,3.3
89279,2.74,3.77,3.03,3.27,2.4
89287,2.6,3.47,3.51,3.34,2.66
89288,3.89,3.74,2.68,4.8,1.61
89303,2.63,4.18,3.39,3.69,1.93
89334,2.16,4.74,4.62,4.7,1.35
89349,3.12,2.01,4.59,2.44,5.0
89350,2.77,2.88,3.09,2.84,3.18
89365,3.62,2.73,3.13,3.25,3.23
89412,2.02,3.2,3.63,2.99,3.06
89414,2.35,4.26,4.1,3.42,2.35
89484,3.4,2.97,2.36,2.79,2.93
89502,2.85,2.9,2.53,2.54,3.19
89509,3.45,2.68,3.22,3.35,3.24
89518,2.89,3.05,3.41,2.99,3.19
89543,2.91,2.59,2.29,2.4,3.24
89544,3.68,3.14,2.83,3.47,2.61
89569,3.21,3.37,3.08,3.54,2.42
89586,2.5,3.23,2.83,2.72,2.9
89600,3.47,2.02,2.47,2.55,3.62
89603,2.95,3.23,2.96,2.88,2.98
89621,1.75,4.2,4.29,4.18,1.84
89638,3.38,3.12,2.67,3.28,2.64
89668,3.03,3.36,3.43,3.13,3.15
89688,3.21,2.09,3.25,2.73,3.93
89703,2.92,3.0,2.88,2.81,3.09
89738,3.49,1.96,2.52,2.28,4.13
89751,2.3,3.33,2.86,2.87,2.64
89786,2.89,3.45,3.2,3.58,2.44
89810,2.63,3.72,3.9,4.17,1.95
89827,3.9,1.96,2.18,2.18,3.98
89846,2.92,1.47,2.64,1.04,5.0
89852,3.27,2.7,2.84,2.64,3.52
89886,3.16,2.28,2.36,2.0,3.9
89906,2.97,3.05,2.86,2.98,2.86
89911,2.62,4.06,3.25,3.53,2.15
89918,3.72,3.2,3.17,3.46,3.03
89940,3.56,2.51,3.02,2.57,3.88
89974,2.78,2.83,2.77,2.63,3.24
89989,3.42,3.44,2.72,3.12,2.57
90001,3.76,1.92,2.23,2.09,4.1
90025,3.05,3.47,3.06,3.85,2.14
90033,4.46,2.91,2.73,3.53,2.82
90080,3.53,2.92,2.67,3.02,3.04
90090,2.51,2.99,3.25,2.96,3.04
90117,1.99,3.66,2.67,2.64,2.49
90130,2.05,3.12,3.03,2.87,2.8
90141,1.93,4.08,4.39,3.86,2.23
90207,3.26,2.73,3.38,3.54,2.84
90221,3.03,2.68,2.8,2.68,3.35
90245,2.37,3.5,3.13,3.14,2.48
90267,2.22,5.0,4.01,4.62,1.21
90331,2.54,3.03,3.65,3.37,2.76
90342,2.77,3.02,2.97,2.78,3.14
90367,3.34,3.14,2.32,2.89,2.7
90372,3.31,3.17,2.96,3.28,2.77
90417,1.97,4.26,4.52,4.26,1.91
90441,2.59,3.18,3.15,3.27,2.7
90445,3.33,2.97,2.59,3.07,2.86
90458,3.09,2.88,2.6,2.65,3.13
90560,2.38,3.4,3.19,3.1,2.61
90567,2.76,3.0,3.41,3.13,3.07
90568,3.28,2.95,2.66,2.9,2.98
90656,1.73,3.21,3.45,2.77,2.87
90670,2.63,2.1,3.31,2.26,4.19
90672,3.05,2.81,2.67,2.26,3.67
90689,3.37,2.24,1.71,1.83,3.52
90727,3.56,2.62,2.65,2.52,3.57
90756,2.75,3.23,3.21,3.19,2.79
90764,3.13,1.79,3.14,2.41,4.33
90773,2.78,3.65,3.17,3.38,2.39
90796,2.55,3.25,3.14,2.99,2.86
90810,2.72,2.63,2.76,2.59,3.26
90834,2.02,4.63,4.85,5.0,1.12
90847,1.0,3.89,3.16,2.61,2.08
90852,2.45,4.27,4.19,4.68,1.87
90869,3.25,2.28,2.48,2.18,3.82
90894,3.5,2.95,2.79,3.01,3.12
90909,2.84,2.04,2.5,1.77,4.2
90931,2.92,3.11,2.71,2.56,3.06
90942,2.85,3.51,2.79,3.1,2.54
90948,2.16,3.83,4.03,3.68,2.29
90952,2.41,4.28,4.66,4.51,1.88
90980,2.5,3.19,2.67,2.54,2.86
91001,3.07,3.34,2.72,2.63,3.31
91072,1.45,4.4,4.04,3.74,1.84
91076,2.49,3.43,3.58,3.32,2.7
91083,3.32,2.8,2.77,2.92,3.08
91090,2.29,2.95,3.7,2.94,3.39
91114,2.23,3.46,2.75,2.58,2.69
91118,1.0,4.34,3.23,2.67,1.71
91123,2.74,3.56,3.67,4.0,2.2
91154,2.96,3.0,2.59,2.67,3.07
91200,2.23,3.59,4.59,3.93,2.65
91206,2.55,3.99,4.1,4.16,1.91
91262,2.28,4.09,3.68,3.61,2.24
91271,2.26,3.68,4.38,3.68,2.65
91275,2.91,3.3,3.12,3.1,2.89
91276,4.67,1.31,1.92,1.09,5.0
91281,3.1,2.69,3.18,3.18,3.0
91292,3.58,4.31,3.12,3.71,1.93
91381,3.43,2.6,2.56,2.48,3.54
91392,2.06,4.1,3.66,3.72,1.91
91423,2.84,3.67,2.51,3.03,2.29
91436,3.35,2.57,3.29,2.53,4.07
91484,3.01,2.99,2.97,2.95,3.03
91514,3.0,2.95,2.93,2.97,3.0
91542,3.61,2.27,3.29,3.25,3.55
91567,3.44,3.33,2.92,3.36,2.56
91580,3.69,2.65,2.43,2.63,3.55
91592,2.41,3.54,3.91,3.87,2.42
91599,2.96,3.36,3.18,3.47,2.52
91652,3.01,2.96,3.07,3.17,2.9
91665,2.88,2.43,2.93,2.55,3.59
91667,2.43,2.93,4.63,3.16,3.75
91673,2.43,3.22,2.66,2.85,2.52
91675,3.54,3.29,2.81,3.41,2.48
91684,2.82,2.82,3.16,2.79,3.42
91724,2.68,2.38,3.15,2.56,3.66
91731,2.86,2.85,3.51,3.54,2.82
91770,4.01,1.68,2.66,2.57,4.12
91782,3.88,3.07,1.91,2.78,2.87
91788,2.88,3.24,3.17,3.05,2.89
91807,2.96,3.57,3.49,3.22,2.81
91819,1.7,3.5,2.72,2.46,2.64
91825,2.71,3.21,2.78,3.07,2.58
91834,3.15,3.31,2.85,3.18,2.77
91840,3.21,2.55,3.68,3.02,3.74
91846,3.43,2.59,2.64,2.94,3.06
91849,2.9,2.84,3.07,2.94,3.13
91864,2.49,3.6,3.03,3.17,2.41
91881,3.75,2.36,2.56,2.52,3.69
91904,4.16,2.29,2.78,3.09,3.55
91910,2.19,3.69,4.37,3.64,2.79
91936,2.65,2.27,2.65,2.38,3.49
91968,2.95,2.92,3.04,3.0,3.07
92002,3.08,2.61,2.7,2.64,3.35
92019,2.92,3.34,3.38,3.46,2.55
92026,2.6,3.35,2.92,3.05,2.63
92052,3.94,2.62,3.23,3.73,2.73
92086,3.24,2.81,2.54,2.71,3.13
92090,2.16,3.8,4.66,4.21,2.29
92092,3.34,2.6,2.77,2.52,3.61
92103,3.27,3.83,3.22,3.35,2.53
92119,2.88,2.61,2.63,2.68,3.17
92123,2.73,2.55,2.82,2.34,3.62
92128,3.61,2.13,2.07,2.35,3.49
92138,2.83,3.28,3.07,3.24,2.57
92174,2.86,2.83,3.54,3.21,3.18
92187,3.63,2.04,2.23,2.41,3.78
92195,4.05,1.86,2.55,1.82,4.67
92267,2.48,2.7,3.41,2.38,3.89
92296,2.48,3.42,3.16,3.4,2.33
92298,1.72,4.5,4.62,4.59,1.39
92306,2.5,2.77,3.21,2.99,2.99
92315,2.53,3.08,2.31,2.27,3.05
92317,3.35,2.09,2.39,1.81,4.18
92328,2.59,2.9,3.04,2.74,3.24
92337,3.21,3.07,2.99,3.37,2.64
92372,3.3,3.07,2.78,3.05,2.99
92376,2.55,3.16,2.99,2.68,3.09
92392,2.48,3.24,3.27,2.94,2.99
92423,2.77,2.39,3.31,2.22,4.19
92431,3.66,2.63,2.68,2.96,3.21
92463,2.27,3.88,3.59,3.59,2.14
92489,3.04,2.26,2.87,2.64,3.48
92497,2.69,3.12,2.68,2.64,2.98
92506,1.85,3.68,3.25,3.21,2.31
92510,2.69,3.62,3.16,3.24,2.49
92543,4.02,1.15,2.36,1.55,5.0
92547,2.98,2.93,3.3,2.95,3.26
92549,2.9,3.06,2.52,2.53,3.07
92573,3.45,3.23,3.26,3.71,2.52
92588,3.74,2.95,3.21,3.77,2.62
92593,2.85,2.23,3.91,2.77,4.33
92611,2.74,2.72,2.79,2.45,3.44
92614,3.17,1.76,2.25,1.75,4.28
92619,2.73,3.73,3.74,3.8,2.4
92637,3.28,2.77,2.51,2.5,3.39
92655,2.91,2.58,3.14,2.41,3.87
92691,3.19,2.96,3.81,4.35,2.41
92711,2.93,2.52,3.17,2.34,4.03
92715,3.55,2.48,2.1,2.69,3.21
92717,2.87,4.32,3.13,3.78,1.77
92723,1.74,3.48,3.55,3.03,2.65
92746,2.47,3.08,2.99,2.87,2.8
92758,3.46,2.62,2.64,2.88,3.2
92766,2.67,3.55,2.93,3.23,2.4
92770,2.41,4.0,3.33,3.79,1.75
92778,3.78,1.0,1.21,1.17,4.73
92789,2.74,3.51,3.16,3.22,2.62
92833,3.44,2.96,3.37,3.58,2.81
92839,1.89,4.44,4.39,4.23,1.7
92840,2.67,3.29,3.14,2.82,3.14
92842,2.24,3.42,2.3,2.41,2.69
92846,3.06,2.96,2.79,2.45,3.4
92855,4.33,2.95,2.84,3.72,2.75
92882,2.7,3.8,4.15,4.23,2.16
92920,3.26,3.26,2.98,3.08,2.96
92925,4.25,2.56,2.66,3.51,2.91
92960,2.64,2.74,3.1,2.78,3.28
92974,2.99,2.86,2.33,2.35,3.12
92985,3.17,2.62,3.32,2.52,4.05
92989,4.41,2.03,2.74,2.94,3.78
93052,2.78,2.32,2.75,2.42,3.55
93095,2.99,3.25,3.24,3.16,2.91
93112,3.04,2.87,2.5,2.61,3.09
93124,3.38,3.18,2.89,3.05,2.91
93140,3.51,3.31,3.13,3.47,2.67
93166,2.93,2.66,3.0,2.61,3.48
93191,2.42,3.61,3.27,3.31,2.53
93219,3.83,2.58,2.64,3.44,2.87
93230,2.89,3.33,3.67,3.4,2.89
93234,2.94,3.5,3.04,3.09,2.77
93248,3.43,2.36,2.53,2.08,3.99
93253,2.49,3.58,3.51,3.6,2.33
93261,2.8,3.15,3.26,2.73,3.27
93273,3.85,2.37,2.84,2.91,3.6
93296,4.65,1.82,2.5,2.64,4.07
93405,2.9,2.97,2.8,2.88,2.89
93460,1.64,3.27,3.19,2.56,2.8
93515,3.69,3.09,2.53,3.27,2.67
93528,3.32,2.31,2.13,2.41,3.45
93533,3.67,2.5,2.72,2.61,3.64
93557,2.03,3.3,3.0,2.79,2.62
93565,3.78,2.04,1.61,1.78,3.93
93585,2.74,3.36,2.89,3.0,2.71
93590,1.77,3.27,2.69,2.08,3.02
93601,2.43,3.55,2.65,2.82,2.45
93646,2.9,2.77,2.51,2.64,3.1
93686,2.22,3.41,3.56,3.05,2.77
93699,3.53,2.75,3.0,3.06,3.16
93713,2.82,3.29,2.34,2.53,2.84
93738,3.34,2.6,1.89,2.12,3.37
93758,3.4,2.44,2.41,2.54,3.43
93775,3.73,1.93,1.72,1.87,3.84
93838,3.21,2.96,2.71,2.99,3.08
93859,3.26,2.42,3.08,2.84,3.56
93873,3.94,3.03,3.49,2.41,4.22
93891,2.89,2.85,2.7,2.69,3.17
93896,3.4,3.17,3.12,3.14,3.03
93914,5.0,1.08,1.0,1.47,4.6
93971,3.11,3.19,3.59,3.88,2.37
94012,3.9,3.04,2.93,3.46,2.73
94047,3.28,2.03,3.11,2.48,4.22
94051,3.02,2.56,3.12,2.81,3.47
94081,2.9,3.32,3.03,3.26,2.6
94100,3.33,3.05,2.7,3.2,2.79
94102,3.78,2.39,2.71,3.04,3.35
94105,3.43,3.3,3.25,3.66,2.46
94106,2.49,4.0,3.41,3.32,2.38
94140,2.19,4.53,4.41,4.32,1.69
94154,4.25,2.03,2.4,3.12,3.43
94176,3.38,2.45,2.67,2.56,3.51
94241,2.47,3.07,4.07,3.83,2.63
94271,2.81,2.9,3.01,3.02,2.98
94274,3.68,2.81,2.73,2.85,3.38
94294,3.81,2.47,2.49,2.94,3.34
94302,3.46,1.73,3.15,1.87,4.99
94304,3.52,3.33,2.91,3.7,2.33
94324,3.03,3.78,3.25,3.66,2.16
94352,1.46,3.79,2.59,2.09,2.62
94374,2.69,2.96,3.25,2.98,3.18
94400,3.72,2.34,2.66,3.06,3.19
94401,4.13,2.6,3.22,3.38,3.41
94428,2.17,3.09,2.96,2.58,2.96
94464,2.65,3.31,3.44,3.36,2.59
94513,3.53,2.42,2.44,2.58,3.42
94541,2.74,2.92,3.54,3.01,3.31
94547,3.52,1.55,2.04,1.52,4.62
94549,2.78,3.57,3.31,3.44,2.47
94557,2.72,3.15,2.57,2.71,2.83
94558,3.63,1.9,2.47,2.3,3.95
94565,4.09,2.6,3.2,3.12,3.6
94579,2.49,3.82,3.51,3.6,2.21
94604,2.8,3.19,3.34,3.43,2.68
94610,2.54,4.15,3.53,3.49,2.22
94611,3.15,3.2,3.28,3.47,2.65
94617,2.84,3.38,2.89,2.93,2.67
94642,3.91,3.3,3.5,3.88,2.78
94643,4.08,5.0,4.09,4.35,1.41
94718,3.12,2.66,2.64,2.65,3.26
94724,3.04,3.37,4.16,3.52,3.05
94735,2.72,3.3,3.09,3.24,2.55
94741,3.06,3.53,3.08,3.64,2.2
94755,3.39,1.71,2.42,2.18,4.13
94757,3.16,2.92,2.75,2.6,3.35
94758,3.24,3.19,4.09,3.97,2.75
94770,3.47,2.4,2.52,2.44,3.63
94778,3.06,2.85,2.89,2.91,3.06
94812,3.61,1.94,2.01,1.99,3.95
94828,2.77,3.33,2.88,3.19,2.47
94871,4.26,1.0,1.38,1.0,5.0
94880,2.69,3.08,2.79,2.62,3.08
94928,2.88,3.52,3.03,3.63,2.21
94981,3.17,2.47,2.97,2.67,3.48
94987,2.59,2.74,2.68,2.97,2.76
95001,3.44,2.44,2.36,2.49,3.48
95029,2.6,3.44,2.87,3.21,2.27
95039,3.57,2.48,2.43,2.79,3.16
95057,2.14,2.41,2.27,1.23,4.27
95058,3.22,2.74,2.63,2.16,3.85
95111,2.06,3.2,2.72,2.48,2.89
95129,2.94,2.9,3.05,3.1,3.02
95157,2.68,2.95,2.91,2.75,3.13
95169,3.19,2.73,2.12,2.43,3.15
95175,2.58,2.87,2.76,2.63,3.13
95194,4.49,1.0,1.0,1.0,5.0
95205,1.49,4.24,4.91,4.68,1.47
95222,2.07,3.56,3.02,2.94,2.46
95225,5.0,1.23,1.0,1.83,4.41
95228,3.91,2.19,2.64,3.05,3.38
95262,2.68,2.34,3.56,2.91,3.54
95288,3.23,2.34,2.59,1.89,4.29
95305,4.02,1.99,2.99,2.82,4.01
95347,3.62,2.14,2.39,2.34,3.8
95380,3.49,2.6,2.04,2.83,2.9
95396,3.43,2.16,2.23,2.23,3.7
95401,3.76,2.54,2.85,2.73,3.64
95417,3.51,2.36,2.15,1.96,3.97
95443,2.55,4.06,4.36,4.37,1.84
95530,3.39,3.05,3.12,3.72,2.48
95531,3.58,2.8,3.1,3.35,3.09
95561,2.89,3.38,4.01,3.87,2.65
95581,4.09,3.19,2.4,2.96,2.95
95597,3.79,2.13,2.18,2.18,3.81
95612,3.49,3.14,3.22,3.53,2.71
95671,3.15,3.79,2.96,3.73,2.01
95675,2.56,3.32,2.54,2.73,2.65
95685,1.0,4.64,3.27,2.97,1.7
95716,3.04,3.22,3.48,3.72,2.54
95722,3.0,2.68,3.68,3.52,2.98
95740,3.27,2.91,2.82,3.34,2.68
95772,2.8,2.52,3.32,2.73,3.59
95789,2.04,4.11,4.53,4.15,2.23
95794,2.99,3.25,3.11,3.3,2.64
95796,3.65,1.95,1.62,1.62,4.0
95806,5.0,1.95,1.0,2.15,3.66
95866,2.77,3.33,3.51,3.6,2.51
95909,3.71,2.67,2.23,2.25,3.54
95949,3.36,2.58,2.47,2.74,3.14
95954,3.31,3.27,2.59,3.02,2.72
95979,3.81,2.92,2.76,3.0,3.15
95988,3.81,2.67,2.64,3.01,3.18
96040,2.85,4.84,4.81,5.0,1.08
96046,2.46,3.81,2.29,2.85,2.11
96108,4.53,1.55,1.57,2.15,3.98
96113,2.79,2.87,3.12,2.57,3.45
96137,1.42,4.17,3.83,3.6,1.92
96163,3.32,3.14,3.14,3.13,3.08
96276,2.31,4.15,4.43,4.3,2.14
96299,2.8,2.65,2.46,2.46,3.25
96314,2.39,4.53,4.01,4.24,1.55
96331,2.42,3.28,3.21,2.99,2.84
96349,3.62,2.11,2.66,2.46,3.91
96382,1.74,4.01,3.83,3.38,2.16
96498,2.78,3.33,3.03,2.99,2.81
96507,3.29,2.38,2.68,2.48,3.66
96529,3.63,2.48,3.68,3.49,3.31
96549,2.93,3.39,3.33,3.23,2.91
96562,2.97,3.42,2.95,3.18,2.63
96569,3.86,2.32,1.84,2.25,3.53
96588,2.7,3.42,3.24,3.33,2.52
96629,2.81,2.04,1.92,1.69,3.77
96642,3.36,2.68,2.98,3.13,3.15
96688,3.37,2.69,2.63,2.83,3.2
96690,3.7,3.07,2.79,3.21,2.93
96707,3.85,2.32,2.3,2.27,3.83
96725,3.03,3.17,3.15,3.28,2.76
96731,3.3,3.59,3.73,4.33,2.11
96745,3.33,3.1,3.1,3.31,2.87
96758,2.5,3.48,3.2,3.32,2.49
96772,3.1,2.58,2.83,2.53,3.51
96778,3.17,2.35,2.86,2.66,3.56
96816,2.16,3.4,3.39,2.99,2.72
96825,2.09,3.63,3.36,3.21,2.48
96832,4.01,2.55,2.82,2.88,3.63
96898,4.28,2.98,3.54,4.01,2.82
96910,3.14,2.59,2.79,2.64,3.43
96914,3.19,2.63,2.61,2.4,3.53
96923,2.9,2.99,3.39,3.29,2.89
96931,2.32,3.42,4.66,4.01,2.71
96948,2.36,3.45,2.79,3.07,2.31
96959,1.77,3.91,4.2,3.79,2.47
96974,3.46,3.43,2.6,3.26,2.5
96975,3.15,3.67,3.05,3.66,2.18
97018,2.22,4.0,3.17,3.44,1.92
97035,2.82,3.25,2.37,2.19,3.16
97039,1.86,3.63,5.0,4.44,2.19
97049,3.24,2.91,2.22,2.38,3.2
97064,3.25,2.46,2.1,2.61,3.05
97133,3.11,2.83,2.77,2.76,3.22
97214,2.26,3.56,3.2,3.1,2.52
97217,3.14,3.58,3.5,3.39,2.8
97250,2.69,3.26,2.68,2.84,2.78
97265,3.65,2.45,3.54,3.39,3.5
97306,3.08,2.58,3.06,2.77,3.48
97317,2.01,4.07,3.19,3.05,2.17
97348,2.69,2.97,3.3,2.81,3.25
97371,2.63,3.88,3.06,3.51,2.1
97379,3.32,2.4,2.89,2.58,3.69
97395,3.29,1.52,1.51,1.13,4.62
97422,2.55,3.71,3.34,3.44,2.4
97452,2.47,3.25,2.92,2.98,2.65
97477,2.68,3.09,3.23,3.37,2.64
97504,2.89,3.0,3.1,3.02,3.06
97513,2.83,3.67,3.12,3.62,2.16
97537,2.93,2.3,2.73,2.09,4.01
97551,3.8,3.27,3.93,4.11,2.72
97600,3.91,1.54,2.12,2.02,4.32
97626,3.09,2.78,2.82,2.69,3.26
97644,1.99,3.8,3.01,3.16,2.06
97653,3.01,2.9,2.27,2.18,3.47
97700,2.76,3.09,3.36,2.93,3.18
97726,3.22,2.4,3.58,3.14,3.65
97745,2.16,3.4,2.35,2.57,2.55
97761,2.41,3.39,3.06,3.09,2.6
97762,3.39,2.17,2.92,2.7,3.74
97768,3.1,2.82,3.3,3.16,3.17
97781,3.12,2.7,3.5,3.22,3.32
97782,3.29,2.91,3.02,2.98,3.11
97783,4.24,1.61,1.0,1.72,4.01
97818,2.21,2.53,5.0,5.0,2.19
97856,3.24,3.14,3.0,3.18,2.82
97879,2.83,2.92,2.95,2.73,3.17
97926,2.67,2.69,2.64,2.5,3.27
97927,2.9,2.69,3.17,2.56,3.61
98009,2.94,3.75,3.75,4.14,2.05
98047,3.49,2.68,2.77,3.03,3.22
98054,2.83,2.0,3.22,1.82,4.74
98086,2.52,3.14,3.33,3.17,2.84
98100,3.26,2.78,2.47,2.73,3.06
98101,3.16,3.18,2.97,3.4,2.55
98115,3.07,2.15,2.44,1.67,4.24
98131,2.65,3.32,3.43,3.34,2.63
98136,2.99,3.1,3.27,3.22,2.93
98147,3.25,2.29,2.33,2.13,3.81
98155,2.58,3.69,3.7,3.22,2.79
98175,2.9,2.67,2.77,2.32,3.63
98192,2.5,3.48,3.86,3.71,2.48
98205,3.77,2.12,1.8,2.06,3.74
98239,3.19,3.8,3.29,3.75,2.17
98246,3.18,2.6,4.06,3.18,3.78
98271,2.67,3.21,2.98,2.79,2.94
98289,2.48,2.68,4.22,3.34,3.44
98296,3.21,2.88,3.43,3.12,3.27
98331,3.94,4.22,2.74,3.15,2.61
98413,4.56,2.85,2.9,3.6,2.94
98442,3.04,3.19,2.88,3.05,2.81
98448,2.59,3.83,3.67,3.53,2.46
98474,2.56,3.43,2.58,3.42,2.07
98479,3.29,2.17,2.62,2.07,4.28
98493,3.89,2.42,2.94,2.74,3.79
98531,2.69,3.05,2.7,2.76,2.88
98538,4.02,2.94,1.82,2.78,2.8
98582,3.59,2.94,3.3,3.25,3.15
98595,1.33,4.28,4.25,4.41,1.23
98605,2.9,2.62,2.71,2.63,3.26
98711,3.39,2.92,2.94,2.9,3.22
98718,2.0,5.0,4.32,5.0,1.0
98731,1.22,4.23,2.33,2.54,1.8
98738,2.17,2.55,2.49,2.02,3.55
98763,2.47,3.71,2.98,3.1,2.37
98795,2.42,3.17,3.16,2.73,3.12
98796,2.04,3.31,3.53,2.97,2.91
98803,4.04,2.72,2.72,3.4,2.99
98828,4.55,1.0,1.0,1.0,5.0
98847,3.23,2.53,2.79,2.51,3.51
98870,3.59,3.0,2.27,2.61,3.02
98967,3.32,2.83,2.89,3.14,2.95
98983,3.55,1.93,2.0,1.74,4.16
99015,3.1,2.89,3.03,2.92,3.18
99031,2.88,2.69,2.93,2.73,3.3
99055,2.59,3.23,2.99,2.94,2.85
99063,1.24,3.89,3.28,3.23,1.94
99066,2.56,4.13,3.52,3.7,1.93
99071,2.6,3.47,3.21,3.61,2.15
99083,2.53,3.12,3.64,3.22,2.99
99088,3.05,2.6,2.83,2.76,3.35
99100,2.96,2.8,3.69,3.31,3.22
99104,3.44,3.11,3.35,2.8,3.78
99141,3.65,4.02,3.22,4.1,1.96
99143,2.21,4.3,4.48,4.28,1.97
99156,2.96,2.78,3.37,2.79,3.59
99212,2.97,3.18,3.27,2.94,3.15
99217,4.04,1.93,2.12,2.54,3.67
99224,3.1,2.96,3.06,3.2,2.95
99226,3.07,3.77,3.6,3.81,2.31
99239,1.68,4.42,4.27,4.05,1.62
99244,2.25,3.95,3.38,3.55,1.93
99251,2.9,3.5,2.69,3.16,2.39
99269,3.95,2.14,2.65,3.12,3.33
99276,3.24,2.53,2.56,2.1,3.91
99305,1.79,4.21,4.61,4.57,1.6
99312,3.29,2.6,2.95,2.54,3.77
99407,3.5,2.32,2.24,2.39,3.61
99426,3.65,2.93,2.36,2.64,3.25
99471,2.2,4.17,3.58,3.78,1.74
99472,2.64,3.17,3.81,3.16,3.27
99498,2.53,3.74,3.5,3.38,2.45
99504,1.55,4.4,4.27,4.18,1.63
99518,3.22,2.79,2.41,2.57,3.27
99546,2.86,3.22,3.29,3.38,2.78
99570,3.21,2.43,3.15,2.9,3.49
99637,2.63,3.27,2.41,2.64,2.78
99655,3.39,3.03,2.6,2.74,3.08
99667,2.68,4.05,3.27,3.34,2.3
99688,3.47,2.81,3.07,3.13,3.12
99693,3.4,2.06,2.55,2.4,3.89
99704,2.69,2.72,5.0,4.03,3.48
99708,3.15,2.87,2.83,2.84,3.12
99709,2.6,4.24,3.85,3.76,2.12
99740,3.14,3.72,3.04,3.75,2.06
99747,3.37,3.03,3.15,3.38,2.94
99748,2.11,3.85,2.79,2.92,2.26
99749,3.06,3.38,3.83,3.62,2.82
99756,4.01,2.02,3.21,2.35,4.5
99790,2.61,3.86,3.43,3.79,2.12
99798,3.51,2.91,2.5,2.92,2.9
99814,3.93,2.0,1.95,1.96,3.92
99826,4.09,2.51,2.42,3.37,3.0
99852,3.28,2.32,2.91,2.52,3.77
99872,3.22,2.84,2.77,2.79,3.17
99895,2.71,2.94,2.91,3.11,2.69
99914,2.32,2.93,3.54,2.89,3.29
99918,2.27,3.68,2.68,2.53,2.76
99932,3.64,2.58,2.05,2.37,3.35
99960,2.34,3.67,4.21,3.72,2.73
99967,2.52,2.93,2.88,2.58,3.27
99984,3.55,2.65,2.48,3.02,3.04
99997,2.38,4.02,4.81,4.44,2.19
100000,4.13,2.45,2.44,2.83,3.48
100009,3.21,2.62,2.64,2.48,3.46
100032,3.01,2.89,2.6,2.45,3.3
100038,3.22,2.95,2.65,3.21,2.73
100072,3.06,3.25,3.49,3.4,2.82
100084,2.74,3.09,3.07,2.93,2.97
100114,2.9,2.92,2.61,2.7,3.01
100132,1.68,4.43,4.21,4.06,1.91
100134,2.7,3.09,3.11,2.92,3.04
100145,2.3,4.3,4.89,4.51,1.9
100158,3.84,2.58,2.62,3.08,3.2
100165,2.65,2.53,3.05,2.5,3.49
100174,4.3,2.32,1.71,2.18,3.64
100225,3.34,2.85,2.5,2.84,3.04
100291,3.43,2.57,2.75,2.96,3.15
100303,2.48,3.62,3.71,3.58,2.47
100352,3.23,3.05,2.79,3.2,2.64
100408,3.45,2.95,2.84,3.07,3.05
100450,3.21,2.37,2.03,2.21,3.53
100455,3.42,2.64,2.54,2.65,3.34
100464,2.7,3.25,2.84,3.08,2.64
100508,2.58,3.55,2.88,3.19,2.29
100513,3.47,3.01,3.09,3.56,2.67
100519,2.84,3.34,2.38,2.78,2.62
100522,4.26,2.07,1.75,2.18,3.88
100533,4.12,3.26,2.52,3.4,2.8
100538,3.13,2.9,2.34,2.67,2.99
100545,3.77,1.75,2.31,2.09,4.16
100561,3.01,3.18,3.09,3.13,2.86
100565,2.81,2.58,2.92,2.0,4.03
100571,3.0,3.27,2.92,2.89,2.91
100572,3.06,2.98,3.02,3.1,2.99
100586,3.69,2.39,2.2,2.09,3.87
100588,4.1,2.28,2.7,3.07,3.57
100589,1.82,2.8,3.88,2.53,3.91
100596,3.34,3.21,2.42,2.99,2.7
100623,3.01,2.95,3.04,2.91,3.11
100664,2.92,2.89,2.93,2.45,3.52
100729,2.86,3.57,3.55,3.76,2.36
100745,2.37,3.82,4.33,4.02,2.3
100760,2.94,2.69,2.37,2.36,3.32
100771,2.38,3.44,3.46,3.47,2.45
100786,3.19,2.55,2.47,2.43,3.43
100820,2.96,2.92,3.01,3.24,2.8
100826,3.77,2.69,2.32,2.67,3.3
100838,2.23,3.0,3.91,3.0,3.4
100853,4.02,2.16,2.59,3.0,3.55
100874,3.57,2.82,3.46,3.57,3.13
100876,3.52,2.7,2.26,2.5,3.31
100885,4.33,1.0,2.26,1.43,5.0
100924,3.49,2.83,2.48,2.81,3.05
100941,1.48,3.83,2.86,2.66,2.18
100955,2.99,2.96,3.06,3.0,3.06
100968,2.75,3.1,2.34,2.47,2.98
100991,4.1,2.24,2.86,3.01,3.62
100995,2.74,3.99,3.6,3.99,1.9
101004,3.28,3.76,2.84,3.52,2.19
101022,3.14,2.5,2.91,2.83,3.3
101037,2.98,2.87,2.93,2.75,3.22
101058,3.64,1.86,2.13,1.93,4.13
101060,2.98,3.23,2.89,3.21,2.56
101086,3.18,2.78,2.83,2.6,3.43
101112,2.94,3.41,3.35,3.55,2.52
101135,3.29,1.75,1.97,1.81,4.12
101136,2.58,3.34,3.07,3.01,2.79
101175,3.29,3.36,3.07,3.21,2.79
101183,2.33,4.31,4.18,3.59,2.32
101207,2.71,3.21,2.71,2.95,2.68
101265,3.26,3.11,2.65,2.87,3.05
101266,2.78,3.6,2.79,3.4,2.15
101269,3.58,1.48,1.58,1.5,4.26
101274,3.71,1.91,2.68,2.33,4.25
101280,2.94,2.51,2.81,2.37,3.72
101344,3.77,2.43,2.59,2.35,3.86
101350,3.81,2.63,2.92,2.96,3.42
101445,2.99,2.63,2.89,2.34,3.67
101451,2.48,3.09,2.85,2.72,2.98
101461,2.95,3.24,3.17,3.0,2.98
101490,1.68,4.34,4.17,4.05,1.82
101495,2.51,3.14,3.39,3.05,2.94
101498,2.41,4.0,3.43,3.93,1.77
101505,2.69,3.12,3.15,2.93,2.96
101506,2.59,3.49,2.74,2.64,2.94
101518,3.49,2.04,2.58,2.32,3.99
101559,3.91,2.4,2.73,3.0,3.44
101599,1.58,4.09,4.61,4.07,1.95
101633,3.26,3.19,3.36,2.98,3.13
101647,3.76,2.34,2.57,2.7,3.59
101658,3.43,2.58,3.41,3.19,3.46
101674,3.25,2.86,2.5,2.85,2.91
101692,2.54,3.76,3.35,3.45,2.23
101721,1.21,4.05,3.87,3.29,2.12
101743,3.32,3.09,2.51,2.24,3.5
101769,3.25,3.25,2.75,3.04,2.71
101786,2.72,2.77,3.4,2.52,3.74
101801,2.98,3.02,3.9,2.74,3.83
101827,3.45,2.52,3.32,2.86,3.8
101840,2.69,3.06,3.03,2.82,3.05
101890,2.1,4.4,4.25,4.2,1.8
101906,2.97,3.46,3.17,3.47,2.62
101928,3.12,2.77,2.21,2.23,3.37
101952,3.58,2.01,2.33,2.09,3.94
101955,2.43,3.48,3.55,3.03,2.88
102012,2.94,3.15,3.14,3.29,2.78
102020,3.17,3.2,3.26,2.9,3.23
102026,2.44,3.02,2.33,2.03,3.21
102054,5.0,2.76,2.17,2.88,3.5
102117,4.07,2.94,3.46,4.03,2.71
102149,3.04,2.77,3.01,2.97,3.12
102159,2.01,4.42,4.31,4.38,1.69
102176,3.39,2.91,2.74,3.38,2.71
102205,3.25,2.89,2.71,2.95,3.0
102209,2.49,3.75,3.27,3.39,2.32
102242,1.61,4.5,4.37,4.37,1.46
102275,2.59,2.87,3.08,2.98,2.91
102300,2.63,3.2,3.21,2.92,3.02
102343,4.19,2.4,2.96,3.08,3.71
102368,3.09,2.49,2.89,2.84,3.32
102396,2.99,3.38,3.0,3.55,2.3
102400,1.67,3.74,4.52,3.87,2.39
102415,2.68,3.05,3.05,2.9,2.99
102446,3.01,4.16,3.37,3.71,2.15
102465,3.07,3.72,3.44,3.82,2.32
102494,1.35,4.41,4.58,4.59,1.43
102501,2.82,4.57,4.39,4.52,1.97
102529,1.99,4.74,4.37,4.23,1.46
102536,2.72,3.37,3.15,3.17,2.77
102537,2.97,3.05,2.62,2.72,2.99
102540,3.56,2.49,2.3,2.62,3.39
102543,4.45,1.2,1.39,1.27,4.8
102544,3.37,1.86,2.28,2.18,3.98
102575,3.34,2.52,2.51,2.36,3.68
102579,3.24,3.44,3.24,3.36,2.63
102584,2.21,3.31,4.43,3.7,3.12
102589,2.46,3.09,3.19,2.84,3.1
102685,4.03,2.24,3.04,3.17,3.55
102687,3.43,1.94,3.5,2.32,4.62
102693,2.63,3.35,2.7,2.8,2.65
102704,1.92,3.16,3.17,2.58,3.06
102705,2.07,3.57,3.45,3.56,2.25
102717,2.44,4.12,3.62,3.92,1.83
102762,2.47,4.71,4.8,4.98,1.39
102813,3.72,2.6,2.26,2.71,3.21
102856,3.18,2.87,2.71,2.42,3.52
102867,3.23,2.27,1.9,2.66,3.19
102873,3.07,2.68,2.61,2.28,3.73
102882,1.93,3.59,3.71,3.23,2.66
102893,3.48,2.42,2.76,2.91,3.39
102933,3.03,3.0,3.28,3.46,2.78
102953,2.71,3.52,3.14,3.5,2.23
102964,2.97,3.06,3.2,3.39,2.81
102986,4.12,2.47,2.59,2.66,3.78
102991,3.91,2.58,2.51,3.11,3.2
103016,2.82,3.23,3.52,3.81,2.53
103027,3.0,2.67,3.42,2.84,3.58
103041,4.58,2.01,1.84,1.87,4.28
103054,3.6,2.55,2.68,3.22,3.0
103058,2.79,2.94,2.96,3.01,2.9
103059,3.5,2.77,2.61,2.83,3.08
103069,2.78,3.59,3.0,3.48,2.17
103082,2.52,3.16,3.54,3.3,2.78
103090,2.33,4.37,4.6,4.75,1.77
103153,2.32,3.2,3.07,2.98,2.71
103174,2.96,2.73,2.53,2.5,3.26
103198,3.11,3.09,4.45,3.7,3.21
103240,3.01,2.6,3.23,2.81,3.52
103281,3.95,3.14,2.38,3.56,2.44
103290,3.61,2.04,2.49,2.23,4.04
103294,2.79,3.29,3.25,3.08,2.92
103301,3.98,2.84,3.82,4.13,2.87
103315,2.56,3.41,3.19,3.23,2.59
103374,4.07,1.91,3.15,2.74,4.26
103421,2.9,3.28,3.22,3.54,2.38
103497,1.78,4.44,4.16,4.06,1.87
103546,2.95,2.54,2.96,2.66,3.49
103554,2.45,3.99,4.02,4.09,2.02
103595,3.64,3.32,3.13,4.2,2.15
103597,3.2,3.31,3.17,3.6,2.45
103599,3.38,2.78,3.15,3.54,2.81
103653,1.87,2.81,3.24,2.65,3.18
103655,3.18,2.93,3.56,3.63,2.75
103656,3.08,2.75,2.91,2.85,3.26
103686,2.9,3.36,3.72,3.29,2.98
103688,2.87,3.16,3.22,2.96,3.0
103698,4.42,1.37,1.0,1.1,4.53
103728,2.99,3.63,3.06,3.25,2.49
103730,3.08,3.41,3.05,3.44,2.52
103739,2.67,2.97,2.79,2.55,3.21
103761,2.83,2.82,3.11,2.82,3.28
103772,3.11,2.73,3.35,2.92,3.49
103776,4.06,2.92,3.0,3.78,2.67
103795,2.6,3.45,3.61,3.5,2.58
103811,2.59,2.93,2.82,2.63,3.09
103852,2.25,4.77,4.01,4.2,1.41
103886,3.79,2.57,2.72,2.83,3.44
103888,3.35,2.93,2.84,3.06,2.9
103938,2.47,3.21,3.42,3.08,2.97
103953,3.41,2.6,2.34,2.43,3.44
103989,2.7,2.99,3.38,3.19,3.03
103993,3.73,4.57,4.47,4.91,1.9
104046,3.23,3.25,2.49,2.55,3.16
104052,4.21,2.31,4.1,4.12,3.43
104053,2.78,3.32,3.24,3.23,2.76
104072,3.69,2.47,3.18,3.11,3.62
104077,4.09,2.49,3.6,3.83,3.15
104103,2.47,2.88,2.95,2.73,3.02
104105,3.19,2.4,2.21,2.22,3.66
104108,4.1,3.12,2.87,3.6,2.61
104138,3.13,3.05,2.97,3.19,2.82
104158,3.62,2.42,2.51,2.49,3.67
104164,3.7,3.41,2.64,3.07,2.89
104177,3.9,2.6,3.11,3.31,3.36
104194,2.25,3.73,4.52,3.89,2.61
104202,3.32,2.7,2.99,2.94,3.37
104206,3.13,1.96,1.91,1.57,4.12
104207,2.36,3.18,3.01,2.81,2.91
104262,2.61,2.55,2.64,2.26,3.54
104277,3.24,3.43,3.85,4.31,2.24
104280,2.95,2.87,2.7,2.78,3.05
104311,2.74,3.38,2.57,2.66,2.79
104335,2.94,3.06,3.17,3.22,2.89
104369,3.46,2.56,3.07,3.19,3.13
104409,3.14,2.67,3.41,2.88,3.63
104411,3.06,2.87,2.74,2.66,3.15
104423,4.26,2.09,2.54,3.22,3.31
104443,3.21,3.69,3.31,3.75,2.19
104448,3.32,1.81,2.67,2.24,4.18
104490,3.13,3.11,2.81,3.14,2.76
104492,3.87,2.6,2.51,2.67,3.57
104579,2.42,2.88,2.32,2.2,2.95
104595,3.03,2.77,2.53,2.72,3.01
104602,1.94,3.6,2.53,2.46,2.57
104648,2.82,3.36,3.8,3.92,2.58
104657,4.34,1.92,2.7,3.19,3.49
104663,3.61,2.24,2.23,2.36,3.7
104671,4.18,2.33,2.0,2.27,3.81
104697,2.49,2.73,2.91,2.81,3.0
104712,1.09,4.64,4.46,4.67,1.11
104720,2.91,2.18,2.61,2.23,3.78
104729,3.32,2.94,2.92,3.07,3.0
104737,2.69,2.5,2.83,2.33,3.6
104745,3.39,3.06,2.86,3.43,2.59
104756,2.93,3.35,3.08,3.53,2.36
104774,2.78,3.93,3.15,3.69,2.1
104793,3.73,2.71,2.51,3.14,3.06
104797,2.51,4.67,4.81,5.0,1.34
104803,3.16,3.45,3.64,3.5,2.75
104807,1.73,3.68,3.71,3.96,1.81
104815,2.8,2.75,2.76,2.64,3.22
104829,2.83,2.84,2.56,2.69,3.19
104849,3.59,2.9,1.78,2.45,3.01
104908,2.18,4.43,3.43,3.92,1.51
104946,2.6,2.58,2.68,2.29,3.49
104951,2.49,3.33,3.26,3.31,2.5
105001,3.23,3.96,3.43,4.52,1.6
105007,2.93,2.69,2.83,2.66,3.36
105030,3.12,2.58,2.54,2.44,3.48
105035,1.61,3.04,2.8,2.78,2.48
105057,2.09,4.08,4.06,3.23,2.67
105070,2.66,3.25,3.62,3.26,2.85
105095,3.03,2.89,2.77,2.82,3.08
105099,3.33,2.28,1.83,1.84,3.79
105110,2.6,2.66,2.49,2.04,3.59
105117,3.08,3.09,2.78,3.36,2.45
105146,3.97,2.13,2.01,2.38,3.59
105170,1.7,3.49,3.82,2.99,3.04
105179,3.18,2.93,3.07,2.99,3.15
105192,3.94,1.85,2.16,2.33,4.13
105198,2.59,2.55,2.6,2.43,3.15
105209,4.75,1.82,2.88,2.85,4.0
105217,3.16,2.87,3.15,2.88,3.35
105222,3.59,3.0,2.83,3.35,2.83
105225,4.23,1.52,1.85,1.89,4.35
105234,3.95,1.74,1.96,1.8,4.38
105262,3.01,2.91,2.45,2.89,2.81
105273,3.48,2.94,2.72,2.95,3.12
105282,3.46,2.71,2.85,3.3,2.9
105300,2.06,3.26,2.84,2.8,2.59
105318,2.78,2.91,3.35,2.96,3.27
105325,2.8,1.98,2.72,1.81,4.32
105334,3.87,2.49,2.59,3.17,3.09
105345,2.58,3.4,3.56,3.48,2.62
105349,3.33,2.66,2.57,2.74,3.25
105361,3.58,2.39,2.4,2.57,3.39
105366,4.61,1.19,1.0,1.64,4.21
105368,3.18,2.55,2.69,2.59,3.4
105434,2.22,4.29,4.51,4.35,1.83
105450,2.94,2.88,2.51,2.34,3.5
105454,2.9,2.62,3.04,2.47,3.88
105472,3.67,2.37,2.3,2.65,3.48
105481,3.23,3.88,4.04,3.69,2.88
105490,3.02,3.05,2.94,3.23,2.76
105499,3.11,2.93,3.12,3.07,3.07
105507,3.25,2.83,2.74,2.69,3.28
105512,3.58,1.97,2.42,2.5,3.72
105535,1.94,3.36,2.74,2.41,2.85
105564,4.06,2.7,2.26,3.21,2.91
105567,3.92,2.11,1.72,2.2,3.66
105631,3.52,2.8,2.96,2.86,3.39
105662,3.0,2.86,2.85,2.92,3.03
105688,3.01,3.0,3.05,3.13,2.94
105747,4.12,1.54,1.76,1.98,4.08
105751,3.1,2.75,3.53,2.97,3.59
105769,3.56,1.93,2.52,2.39,3.83
105778,3.91,2.27,2.17,2.08,3.94
105785,3.6,2.05,2.74,2.58,3.94
105815,3.19,3.06,3.19,3.44,2.67
105817,4.5,1.35,1.98,1.89,4.78
105829,3.57,2.3,2.61,2.62,3.58
105832,3.56,3.04,2.12,2.92,2.75
105842,2.8,2.62,2.4,2.7,2.87
105896,3.53,1.85,2.51,2.26,3.88
105903,3.26,2.99,2.24,2.35,3.23
105947,2.67,3.43,2.92,3.14,2.55
105977,3.69,3.34,2.67,3.16,2.75
106051,2.83,3.03,3.35,3.18,2.98
106056,2.68,2.74,3.12,2.92,3.22
106089,3.21,2.23,2.52,2.41,3.7
106093,3.34,3.07,2.77,3.0,2.9
106114,3.91,2.6,2.84,2.99,3.56
106119,1.75,3.49,3.43,2.91,2.72
106137,2.51,3.24,3.2,2.92,2.9
106163,3.34,4.25,3.44,3.95,1.9
106187,2.73,3.78,2.71,3.07,2.36
106229,3.22,3.13,3.7,3.93,2.72
106254,2.61,3.43,4.88,4.11,2.9
106264,3.99,3.11,3.46,4.14,2.52
106276,2.42,2.91,4.35,2.89,3.86
106313,3.5,3.41,4.2,3.95,2.95
106345,3.11,1.97,1.78,1.44,4.15
106362,3.36,2.7,2.84,2.86,3.28
106370,3.61,3.01,2.85,3.52,2.62
106387,1.56,3.85,3.92,3.18,2.7
106394,2.16,3.44,2.71,2.63,2.59
106407,3.03,2.93,2.88,3.07,2.91
106419,2.72,3.42,3.74,3.45,2.72
106425,1.3,4.3,3.93,3.48,1.97
106461,3.37,3.03,2.95,3.43,2.67
106475,3.03,2.68,2.4,2.17,3.63
106540,3.53,2.65,3.03,3.21,3.19
106559,2.99,2.8,2.89,2.78,3.22
106565,1.35,3.8,2.8,2.71,2.19
106570,1.41,4.05,4.42,3.84,1.88
106586,3.0,3.74,3.13,3.51,2.27
106629,2.49,2.86,2.43,2.17,3.27
106636,4.06,2.32,2.53,2.63,3.73
106651,2.52,2.32,3.49,2.15,4.31
106685,3.12,3.75,3.16,3.65,2.27
106715,3.33,2.4,2.69,2.48,3.65
106732,4.9,2.05,2.19,2.87,3.82
106756,3.7,2.36,2.9,3.13,3.44
106758,1.92,2.83,3.39,2.36,3.67
106816,3.25,2.52,2.96,3.01,3.32
106821,3.65,3.41,4.18,4.24,2.65
106822,3.25,1.87,2.33,2.12,3.8
106850,3.02,2.83,3.06,2.76,3.35
106865,2.87,2.87,2.9,2.68,3.3
106947,4.13,3.67,4.2,4.58,2.32
106956,2.67,2.99,3.62,3.6,2.57
106985,3.15,3.19,3.35,3.19,2.96
106986,3.31,3.06,2.87,3.17,2.82
106999,3.56,2.46,2.62,2.64,3.56
107012,3.02,2.73,2.84,2.85,3.14
107016,2.8,2.94,3.28,3.14,2.95
107020,2.42,3.64,4.15,4.06,2.3
107049,4.38,2.39,2.98,3.57,3.21
107063,4.71,1.44,1.26,1.79,4.25
107065,2.89,3.13,2.86,2.85,2.91
107080,2.8,3.49,3.33,3.26,2.71
107086,3.46,2.4,4.32,3.7,3.51
107132,2.66,4.44,4.22,4.91,1.16
107138,2.99,2.86,2.92,2.93,3.16
107210,3.8,2.36,2.72,2.94,3.51
107217,3.76,2.19,2.42,2.43,3.86
107230,2.76,3.98,3.28,3.68,1.97
107271,3.34,1.81,2.13,1.41,4.47
107279,2.9,2.74,2.65,2.84,3.01
107294,3.08,2.78,3.69,3.64,3.04
107347,3.38,3.53,2.59,3.19,2.46
107359,3.33,2.87,2.33,2.44,3.24
107363,2.65,3.31,3.64,3.82,2.39
107367,2.11,4.21,4.82,4.64,1.74
107382,2.9,3.49,3.22,3.05,2.92
107408,1.0,4.5,3.54,2.28,2.29
107416,2.52,3.69,3.28,3.48,2.19
107421,2.9,3.27,2.98,2.97,2.9
107428,1.85,3.18,4.06,3.7,2.39
107471,1.78,4.98,4.43,4.68,1.0
107496,2.2,3.46,2.6,2.29,3.01
107504,4.01,1.65,1.96,1.81,4.36
107508,2.65,2.32,2.84,2.06,4.04
107513,2.56,3.51,3.9,4.01,2.26
107580,3.26,2.77,3.08,3.09,3.15
107597,3.26,2.7,2.59,2.63,3.31
107603,2.87,3.17,2.89,3.03,2.82
107613,3.08,2.63,2.83,2.47,3.69
107621,1.92,3.66,3.35,3.12,2.38
107633,1.7,3.82,4.58,4.17,2.1
107667,2.99,2.68,2.5,2.42,3.37
107688,3.02,2.61,3.29,3.08,3.32
107697,3.38,2.39,2.11,2.0,3.63
107718,3.85,2.04,2.23,2.02,4.26
107729,3.28,2.27,1.84,2.18,3.45
107750,2.53,3.68,2.78,2.66,2.75
107765,2.73,2.81,2.66,2.57,3.12
107800,3.53,2.41,3.86,3.08,3.93
107813,4.32,1.66,1.48,1.83,4.08
107822,4.09,2.59,2.52,3.23,3.15
107826,2.88,2.78,2.7,2.84,3.04
107841,2.33,3.05,2.95,3.04,2.6
107843,2.83,2.79,3.35,3.1,3.07
107852,4.93,2.14,1.0,2.45,3.31
107858,2.61,3.11,2.9,2.84,2.85
107860,3.24,3.54,2.71,3.24,2.46
107872,3.38,3.74,4.02,3.63,2.85
107874,1.94,4.13,3.53,3.47,2.02
107881,3.1,2.18,2.08,2.07,3.72
107906,3.14,2.87,2.69,2.85,3.06
107914,2.19,3.31,2.76,2.4,2.92
107936,2.32,3.36,3.51,3.45,2.53
107949,2.49,2.05,2.63,1.54,4.6
107951,2.54,3.74,3.3,3.12,2.62
107964,3.68,2.44,3.2,3.52,3.12
107974,3.07,2.94,2.61,2.43,3.3
107985,3.69,2.35,1.58,2.09,3.55
108018,4.36,1.7,1.41,1.57,4.4
108071,3.74,3.97,3.49,4.31,1.93
108085,3.41,3.37,3.45,3.78,2.48
108103,3.42,3.05,2.86,3.25,2.79
108123,2.58,3.05,2.98,3.09,2.84
108160,3.22,2.62,3.23,3.32,3.27
108161,3.43,2.56,2.78,2.74,3.39
108238,1.56,4.77,2.88,3.4,1.27
108248,2.15,4.55,4.21,4.29,1.73
108258,3.56,3.12,2.69,2.74,3.19
108303,1.54,4.19,4.52,4.39,1.72
108347,2.27,3.45,4.9,4.61,2.04
108348,3.57,2.13,2.19,2.06,3.91
108354,3.15,2.66,2.61,2.27,3.64
108372,4.58,2.38,2.1,2.7,3.42
108394,2.37,3.33,2.81,2.56,2.93
108395,2.97,2.54,3.09,2.81,3.43
108399,3.51,2.51,2.74,2.76,3.43
108403,2.91,3.07,2.86,2.95,2.88
108422,3.09,2.49,2.67,2.58,3.48
108505,2.73,2.71,2.69,2.73,3.17
108534,3.05,3.12,3.42,3.22,3.05
108538,3.22,1.99,2.81,2.4,3.84
108601,2.97,2.45,3.01,2.6,3.72
108623,2.57,3.28,3.88,3.96,2.32
108726,4.53,2.02,3.19,3.31,3.7
108766,4.48,1.76,2.15,1.92,4.54
108768,2.78,2.81,3.32,3.0,3.3
108787,3.18,3.29,3.47,3.71,2.49
108797,2.12,3.86,3.25,3.5,1.93
108804,2.75,3.57,3.12,3.65,2.15
108817,3.59,2.72,2.54,2.6,3.45
108827,3.44,2.18,2.2,2.31,3.52
108831,3.05,2.49,2.96,2.68,3.51
108863,5.0,1.0,1.0,1.0,5.0
108878,3.46,3.67,2.95,3.22,2.71
108885,3.27,2.68,2.7,3.19,2.87
108929,2.61,3.02,3.16,2.84,3.13
108935,2.75,2.96,3.46,3.08,3.13
108957,1.87,4.26,3.52,2.97,2.14
109068,2.69,2.88,3.05,3.12,2.9
109084,3.07,3.19,3.3,2.84,3.24
109094,3.06,3.08,3.21,3.09,3.05
109096,2.88,2.73,2.75,2.57,3.39
109109,2.62,2.94,3.27,3.05,2.9
109112,2.92,2.94,3.05,3.05,2.93
109115,2.75,3.3,3.29,2.69,3.28
109119,3.19,3.03,2.97,3.21,2.84
109127,2.91,3.28,3.48,3.48,2.78
109131,4.03,2.4,3.13,3.07,3.71
109162,3.58,4.02,3.62,3.77,2.55
109189,1.48,3.91,3.23,3.62,1.7
109200,3.08,2.86,2.6,2.61,3.18
109206,3.03,3.34,3.43,3.43,2.75
109216,2.28,2.59,3.31,2.45,3.56
109262,3.42,2.46,2.99,2.32,4.13
109282,2.88,2.45,2.58,2.28,3.6
109296,3.17,2.33,2.82,2.56,3.74
109310,2.51,3.72,3.47,3.76,2.14
109318,4.55,1.96,1.92,2.95,3.38
109354,2.85,2.64,2.43,2.55,3.16
109402,2.69,3.09,3.07,2.74,3.09
109464,3.51,1.94,2.69,1.84,4.7
109486,3.32,3.17,3.11,3.26,2.85
109526,3.91,2.4,2.92,3.76,2.85
109529,3.47,2.85,2.17,2.63,3.13
109576,2.63,3.17,3.58,3.47,2.79
109592,3.97,1.55,1.7,1.4,4.57
109596,2.78,4.37,5.0,4.73,1.84
109615,3.31,2.99,2.33,2.8,2.81
109616,3.04,2.78,2.88,3.06,2.96
109622,3.38,2.09,3.16,3.45,3.01
109630,3.23,2.31,2.42,2.33,3.6
109692,2.18,3.71,3.67,3.44,2.33
109710,2.86,2.26,2.91,2.54,3.58
109711,3.74,2.83,2.11,2.68,3.1
109723,2.93,2.75,3.08,2.85,3.24
109733,2.53,3.41,3.38,3.72,2.15
109772,1.52,4.48,4.72,5.0,1.07
109793,2.48,3.88,3.44,3.72,2.15
109802,4.61,1.52,1.52,1.59,4.55
109825,2.33,2.32,2.69,1.75,4.09
109838,3.41,3.04,2.27,2.51,3.2
109885,2.7,3.05,2.94,2.98,2.9
109900,2.93,3.27,3.28,3.39,2.7
109917,2.3,3.37,2.59,2.43,2.8
109940,4.45,1.68,2.57,2.52,4.12
109943,2.84,5.0,4.93,5.0,1.0
109976,3.34,2.09,2.15,2.02,3.84
110000,3.04,2.96,2.64,2.71,3.14
110004,2.78,2.99,4.36,3.37,3.48
110022,2.86,3.73,3.93,4.02,2.28
110036,2.96,3.06,2.86,2.78,3.06
110056,3.89,2.55,4.1,3.45,3.87
110061,2.69,3.53,3.6,3.68,2.28
110099,3.17,2.87,2.98,3.05,3.13
110112,2.76,3.18,2.15,2.62,2.79
110121,2.84,2.96,3.03,2.9,3.12
110180,2.93,2.95,3.14,3.14,2.93
110201,1.84,3.57,3.58,3.44,2.39
110207,2.83,2.91,3.32,2.95,3.21
110289,3.35,4.21,3.92,4.6,1.76
110290,2.96,2.59,2.77,2.61,3.42
110294,2.14,4.31,4.48,4.5,1.79
110309,3.0,2.91,2.89,2.87,3.1
110318,3.0,2.28,3.35,2.77,3.83
110320,3.68,1.96,2.04,1.97,4.04
110322,3.17,2.95,3.03,2.76,3.2
110333,3.21,2.58,2.73,2.65,3.39
110339,1.6,4.98,4.34,4.68,1.0
110344,3.7,2.77,2.39,2.77,3.05
110354,4.11,1.59,1.12,1.32,4.31
110371,3.25,2.51,2.66,2.69,3.44
110395,3.08,2.65,2.9,2.63,3.51
110427,3.22,2.79,2.69,2.77,3.21
110470,5.0,1.0,1.0,1.0,5.0
110529,3.57,3.25,2.44,2.96,2.78
110537,3.16,2.79,3.88,3.6,3.22
110585,1.98,4.98,4.53,5.0,1.0
110607,3.55,3.04,2.72,3.36,2.64
110608,2.9,3.02,3.0,3.01,2.9
110627,3.12,2.57,2.63,2.55,3.37
110631,2.43,3.83,2.77,2.98,2.33
110632,3.17,2.51,2.03,2.16,3.41
110652,3.25,2.4,1.71,2.02,3.37
110697,3.88,2.76,3.09,3.9,2.64
110698,3.43,2.63,3.33,3.52,3.1
110715,2.93,3.77,2.9,2.97,2.73
110722,2.92,2.6,3.02,2.63,3.55
110726,3.47,2.68,2.93,3.25,2.98
110730,3.38,3.5,3.07,3.53,2.48
110745,3.57,2.82,2.58,3.18,2.87
110757,1.72,3.12,4.52,3.55,2.96
110844,2.68,3.12,2.95,2.82,2.99
110853,2.38,2.92,3.14,2.63,3.28
110857,3.36,2.72,2.59,2.92,3.02
110903,2.18,3.95,3.56,3.28,2.47
110912,1.0,5.0,3.01,3.39,1.0
110954,3.74,2.77,3.31,3.13,3.27
110968,3.35,3.49,3.88,4.55,2.08
110972,3.33,2.81,2.72,2.5,3.39
110981,2.97,2.82,2.4,2.48,3.08
110986,2.2,2.84,3.44,3.25,2.94
110987,2.65,3.23,3.15,3.36,2.63
111058,3.53,2.58,2.28,2.27,3.58
111065,2.71,3.25,3.44,3.34,2.73
111119,3.29,2.6,2.95,2.51,3.73
111152,1.75,4.04,4.49,4.42,1.56
111201,4.52,3.22,2.96,3.81,2.78
111209,2.53,3.24,3.67,3.22,3.13
111229,3.01,3.09,2.86,2.93,2.86
111309,3.84,2.13,2.17,2.62,3.43
111342,2.37,3.75,4.02,3.56,2.63
111344,2.91,3.0,3.09,2.88,3.2
111364,3.05,2.22,2.77,2.96,3.3
111401,3.68,2.69,2.91,2.69,3.53
111431,3.71,1.95,2.0,1.98,3.97
111465,2.71,4.06,4.14,3.7,2.53
111515,3.09,2.68,2.93,2.76,3.28
111518,4.23,2.91,3.68,3.6,3.31
111538,3.78,3.27,2.85,3.47,2.62
111556,3.55,3.28,2.86,3.48,2.48
111557,3.1,2.02,2.87,2.36,4.06
111562,3.31,3.54,2.97,3.51,2.3
111568,3.26,3.09,3.07,3.21,2.96
111572,3.64,2.75,2.05,2.72,2.99
111593,2.54,3.11,3.02,2.75,3.12
111614,2.8,2.93,3.0,2.82,3.13
111653,2.9,2.83,2.82,2.56,3.4
111664,1.49,4.41,4.56,4.34,1.57
111674,2.74,3.21,3.1,3.33,2.6
111702,4.56,1.16,1.68,1.41,4.99
111703,2.84,3.1,3.82,2.55,4.0
111719,2.79,3.02,2.85,2.61,3.19
111737,3.7,2.76,2.72,3.12,3.06
111749,2.67,2.6,3.87,2.09,4.61
111822,2.47,2.86,2.57,2.48,3.1
111849,2.73,3.43,3.49,3.22,2.81
111855,3.92,3.0,2.92,3.67,2.7
111874,2.51,2.6,2.59,2.19,3.58
111878,2.53,3.42,3.6,3.3,2.75
111928,3.1,3.46,2.97,3.53,2.37
111953,1.67,3.64,4.39,3.61,2.4
111975,4.03,3.33,3.64,3.88,2.93
111978,2.44,3.14,3.32,3.08,2.93
111981,3.4,2.58,2.36,2.46,3.37
111989,2.82,3.12,2.34,2.73,2.69
111991,4.33,1.24,1.0,1.0,4.53
112005,3.86,3.16,3.06,3.6,2.67
112023,2.68,3.18,3.11,3.01,2.9
112031,3.58,3.64,3.27,3.83,2.33
112040,2.96,3.0,2.75,2.91,2.9
112067,2.78,2.03,2.12,1.22,4.55
112072,3.31,2.54,2.56,2.45,3.56
112080,2.25,3.22,3.9,4.12,1.98
112110,2.77,3.55,3.71,3.92,2.27
112142,4.09,1.47,2.83,2.27,4.62
112144,3.04,3.17,3.09,3.15,2.85
112181,3.42,3.19,2.41,3.05,2.94
112194,3.22,2.69,2.76,2.81,3.18
112250,2.23,3.72,3.06,2.94,2.57
112253,2.8,2.75,2.74,2.58,3.29
112280,3.63,2.49,2.2,2.45,3.46
112283,3.04,3.38,3.35,2.97,3.16
112301,3.06,2.68,2.69,2.79,3.21
112312,3.06,2.68,1.85,2.14,3.24
112313,2.8,2.94,2.88,2.63,3.27
112314,2.48,2.96,5.0,4.48,2.8
112329,2.89,2.5,2.19,2.47,3.09
112353,1.33,3.41,2.2,1.91,2.73
112358,3.02,2.76,2.82,2.77,3.2
112364,2.11,4.15,4.46,3.85,2.26
112387,2.81,3.16,3.24,3.21,2.84
112390,2.8,3.69,2.4,3.14,2.09
112408,2.4,4.23,4.48,4.39,1.98
112428,3.44,2.53,2.24,2.39,3.39
112436,4.06,2.45,3.05,3.46,3.29
112441,2.62,2.21,2.99,1.95,4.26
112479,3.06,4.63,5.0,5.0,1.09
112499,1.78,3.57,2.93,2.9,2.43
112504,4.11,2.61,2.52,2.67,3.39
112508,2.95,2.79,2.81,2.71,3.5
112516,3.65,2.15,2.55,2.51,3.7
112556,3.1,2.94,3.16,3.05,3.06
112565,3.49,2.58,2.79,2.64,3.59
112619,3.69,3.54,2.87,3.19,2.92
112621,3.11,3.73,3.53,3.86,2.15
112640,3.38,2.7,4.43,3.69,3.54
112657,3.51,2.39,2.01,2.19,3.46
112710,3.34,2.42,2.4,2.05,3.82
112725,2.42,3.35,3.15,2.8,2.81
112729,2.29,3.66,4.0,3.37,2.75
112749,2.33,3.68,3.49,3.41,2.35
112758,2.44,3.54,3.0,3.15,2.48
112801,4.17,2.4,1.57,2.27,3.45
112808,2.77,3.13,3.16,2.89,3.08
112830,2.43,2.35,3.17,2.29,4.02
112850,2.83,3.12,3.11,2.98,3.02
112853,1.72,3.35,2.59,2.28,2.67
112854,2.94,3.13,3.23,3.25,2.88
112855,2.21,3.99,3.98,4.03,1.98
112864,3.58,2.58,2.05,2.26,3.59
112879,2.44,3.08,4.03,3.1,3.27
112886,2.39,3.85,3.36,3.39,2.21
112889,2.32,4.42,4.2,4.01,1.99
112890,2.53,3.43,2.73,2.6,2.8
112907,2.62,3.54,3.23,3.23,2.69
112908,2.78,2.88,2.28,2.68,2.76
112926,3.07,2.98,2.75,2.92,3.01
112951,2.37,2.58,3.55,2.56,3.82
113001,3.47,2.08,2.7,2.46,3.86
113018,2.2,4.5,4.49,4.68,1.54
113045,2.47,1.93,2.71,1.71,4.45
113057,2.44,3.3,2.76,2.68,2.74
113060,2.82,2.81,2.68,2.34,3.41
113065,3.38,2.97,2.25,2.78,2.85
113067,4.21,1.84,2.4,2.39,4.23
113080,3.41,4.06,3.82,3.46,3.03
113127,2.06,3.9,4.06,3.8,2.12
113153,1.16,3.98,3.89,3.67,1.8
113163,3.85,1.36,2.75,2.36,4.48
113164,1.45,4.92,3.83,3.42,1.72
113181,4.25,1.78,1.0,1.76,3.85
113212,2.51,3.04,4.28,3.86,2.95
113223,3.38,3.21,3.26,3.73,2.46
113230,3.16,2.83,2.78,3.03,2.92
113237,3.31,2.98,2.61,2.62,3.27
113268,3.58,2.72,3.2,3.57,2.97
113271,2.3,3.76,2.97,3.11,2.21
113284,2.53,4.02,3.48,4.11,1.6
113286,3.21,3.23,2.45,2.74,3.07
113312,3.96,3.07,3.51,4.06,2.73
113342,3.36,2.41,2.59,2.83,3.21
113345,3.05,3.0,3.09,3.16,3.0
113397,3.59,2.12,3.17,2.94,3.61
113443,2.94,2.76,2.69,2.63,3.25
113446,3.29,3.42,2.95,3.21,2.54
113462,2.2,3.21,2.67,2.87,2.57
113477,3.43,2.3,3.08,2.49,4.06
113504,3.82,2.33,2.84,2.75,3.73
113506,2.88,3.02,2.73,2.99,2.81
113511,3.15,2.53,2.62,2.49,3.56
113534,3.86,1.88,1.52,1.9,3.99
113542,3.21,2.6,2.41,2.46,3.35
113601,2.77,2.93,2.59,2.81,2.81
113616,3.74,1.55,2.12,2.14,4.09
113630,3.63,3.57,2.32,3.06,2.48
113641,3.35,2.92,2.29,2.99,2.72
113667,1.48,4.36,4.29,3.95,1.68
113681,3.83,2.21,2.39,2.54,3.71
113701,3.48,3.25,4.34,4.7,2.29
113738,2.5,3.1,2.94,2.61,3.15
113744,3.06,1.71,2.44,1.6,4.79
113774,2.59,3.42,3.42,3.23,2.76
113794,2.57,3.58,3.12,3.05,2.71
113866,3.5,2.49,2.67,2.78,3.32
113873,4.78,1.28,1.47,1.36,4.72
113888,3.0,3.1,2.83,2.79,3.04
113911,4.69,2.53,3.13,3.65,3.26
113933,3.83,2.13,1.88,2.08,3.74
113941,2.09,4.39,4.21,4.02,1.9
113950,3.12,3.23,3.9,4.02,2.77
113984,4.9,1.21,1.66,1.45,5.0
113985,2.37,2.75,2.9,2.25,3.52
113997,2.98,3.05,2.78,2.83,2.97
114010,3.51,1.54,2.12,1.75,4.6
114028,3.15,2.82,2.58,2.54,3.36
114030,3.17,2.92,2.99,2.95,3.14
114075,3.57,3.09,2.95,2.86,3.34
114098,2.39,2.72,2.96,2.09,3.79
114103,1.8,3.9,3.95,3.92,1.86
114111,2.66,3.09,2.72,2.66,2.98
114115,2.33,2.89,3.07,2.56,3.27
114116,1.99,3.92,3.33,3.05,2.34
114130,3.19,3.15,3.31,3.47,2.77
114141,3.17,3.22,2.55,3.11,2.56
114158,3.37,2.16,2.56,2.63,3.53
114171,3.07,3.31,3.23,3.26,2.78
114188,2.96,3.0,2.9,2.84,3.04
114194,5.0,1.0,1.0,1.0,4.95
114210,2.6,2.99,3.11,2.99,2.95
114213,2.29,3.3,3.58,3.09,2.98
114252,3.78,2.06,2.11,1.98,4.26
114274,3.41,2.47,2.5,2.52,3.55
114312,3.8,2.53,2.78,2.92,3.46
114320,3.54,3.16,2.95,3.56,2.65
114327,3.23,3.14,3.22,3.34,2.81
114330,1.55,4.27,3.91,3.76,1.98
114375,3.24,2.29,2.09,2.16,3.61
114388,4.42,2.71,3.34,3.16,3.89
114393,2.78,2.95,2.9,2.74,3.12
114397,2.92,4.13,3.85,4.12,1.84
114400,2.92,3.56,3.38,3.87,2.25
114429,3.17,2.65,3.04,3.08,3.27
114436,2.73,3.35,3.25,3.47,2.35
114440,2.99,2.64,2.57,2.89,2.96
114473,3.16,2.29,2.61,2.22,3.71
114478,2.98,2.97,2.69,2.86,2.93
114503,3.35,2.92,2.55,2.88,3.05
114509,3.92,3.4,4.7,4.77,2.52
114517,3.39,3.02,2.54,2.7,3.13
114559,2.84,4.2,5.0,4.37,2.31
114591,3.0,3.33,3.29,3.25,2.73
114616,2.78,3.24,3.2,2.88,3.02
114621,2.95,2.57,2.82,2.65,3.38
114664,3.09,2.88,3.31,3.31,3.1
114665,1.54,4.39,4.35,4.35,1.54
114702,3.54,3.26,2.96,3.49,2.55
114718,4.09,2.73,3.17,3.49,3.21
114726,3.55,3.41,2.53,2.65,3.04
114740,3.08,2.63,2.81,2.9,3.16
114779,2.46,3.48,3.73,3.38,2.73
114809,2.98,2.74,3.15,2.55,3.66
114828,3.76,1.69,1.87,1.7,4.23
114870,3.92,2.84,2.91,3.01,3.44
114888,3.28,3.28,2.96,3.46,2.48
114912,2.51,3.82,4.25,3.61,2.68
114925,2.13,2.79,2.55,1.98,3.48
114938,3.07,3.38,3.51,4.04,2.17
114940,2.33,3.26,3.11,3.11,2.57
114950,3.28,3.13,3.29,3.55,2.67
114966,2.89,2.91,2.89,2.71,3.19
114977,3.32,2.2,2.23,2.14,3.71
114986,3.04,2.95,3.03,3.09,2.98
114994,2.98,3.28,3.35,3.21,2.89
114998,2.48,3.47,3.31,3.18,2.62
115015,3.15,3.11,2.65,2.68,3.02
115133,1.97,3.84,3.31,2.97,2.46
115161,3.22,3.14,2.56,3.33,2.41
115164,1.83,4.38,4.2,4.08,1.81
115193,3.09,3.37,3.38,3.88,2.25
115210,2.47,2.99,3.02,2.87,3.02
115225,1.19,2.84,1.0,1.0,3.01
115263,4.4,1.12,1.0,1.0,4.71
115282,2.17,4.95,4.43,4.85,1.12
115297,1.89,4.29,4.46,4.45,1.74
115305,3.02,3.37,3.35,3.69,2.57
115337,2.88,2.87,2.91,2.82,3.14
115358,3.71,2.91,2.92,3.21,3.0
115365,3.3,3.18,2.73,3.08,2.69
115387,3.46,2.41,3.74,2.66,4.2
115397,2.69,2.97,2.72,2.48,2.98
115412,3.38,2.99,2.44,2.66,3.15
115446,2.84,3.0,3.1,2.97,3.03
115482,3.42,2.76,2.45,2.6,3.32
115483,3.86,3.13,3.52,3.99,2.53
115498,3.42,2.62,3.25,3.4,3.25
115516,3.16,2.64,2.77,2.69,3.4
115518,3.09,2.87,2.31,2.46,3.09
115531,3.05,2.68,2.58,2.61,3.26
115566,2.74,3.24,2.94,3.17,2.6
115585,3.73,2.07,1.87,2.01,3.88
115597,3.16,2.81,2.91,3.01,3.12
115609,2.92,2.1,2.33,2.11,3.85
115653,2.61,3.17,2.8,2.63,3.04
115673,3.18,2.8,5.0,4.47,3.02
115718,2.64,3.02,3.4,2.99,3.02
115735,1.84,3.77,3.0,3.04,2.18
115811,2.44,3.89,3.67,3.98,2.12
115853,3.02,2.86,2.89,3.0,3.08
115878,2.47,3.81,4.02,4.02,2.05
115920,3.97,1.98,2.32,2.14,4.18
115924,3.27,3.08,2.87,3.34,2.56
115936,3.11,3.13,3.24,3.17,3.02
115944,2.59,2.65,3.35,3.05,3.07
115952,3.88,2.1,2.0,2.15,3.79
115996,2.86,3.63,3.5,3.6,2.46
116023,2.79,2.88,2.66,2.68,3.05
116077,3.41,2.44,3.1,2.75,3.71
116086,5.0,1.0,1.0,1.19,5.0
116094,3.96,2.51,3.09,3.29,3.38
116111,1.98,3.83,3.52,3.41,2.27
116123,3.06,3.82,3.07,3.56,2.14
116142,1.97,3.3,2.35,2.23,2.72
116146,3.06,3.18,2.94,3.1,2.81
116152,1.72,1.98,3.26,1.25,5.0
116169,3.6,2.71,1.87,2.63,3.01
116179,2.78,2.65,2.15,2.15,3.27
116191,2.25,3.44,4.02,3.71,2.44
116194,2.87,4.23,4.74,4.89,1.81
116204,3.77,3.22,3.05,3.07,3.15
116208,3.6,2.48,3.16,3.05,3.5
116213,3.1,3.2,4.98,4.14,3.07
116251,2.37,2.94,2.52,2.52,2.89
116319,3.23,3.18,3.18,3.35,2.81
116325,2.3,3.81,3.0,3.31,2.01
116332,2.98,2.86,2.55,2.29,3.43
116333,2.74,3.18,3.24,3.12,2.84
116370,3.34,2.56,2.54,2.52,3.41
116373,3.84,1.6,1.6,1.17,4.74
116425,2.52,3.6,3.08,3.12,2.6
116429,3.05,3.28,2.89,3.22,2.63
116436,2.56,2.81,3.48,2.65,3.58
116445,2.1,3.37,3.37,2.68,3.02
116464,2.88,3.0,2.73,2.92,2.75
116478,2.23,3.78,3.75,3.4,2.49
116513,2.89,3.39,3.98,3.79,2.65
116515,2.59,4.62,4.35,4.42,1.77
116546,3.16,3.24,3.3,3.61,2.59
116547,2.67,3.33,3.19,3.43,2.42
116560,2.46,2.94,2.65,2.21,3.39
116589,2.71,2.63,3.05,2.51,3.54
116616,3.75,2.08,2.15,2.45,3.67
116678,3.39,2.37,2.88,2.65,3.78
116689,2.82,2.88,2.8,2.86,2.91
116762,3.0,2.21,1.78,1.45,3.89
116779,2.99,2.83,3.25,2.85,3.35
116836,3.97,2.42,3.02,3.25,3.44
116881,4.83,1.66,1.87,2.04,4.56
116939,2.25,2.82,3.47,2.82,3.36
117035,3.21,2.71,2.53,2.52,3.42
117039,3.02,2.62,2.74,2.87,2.99
117061,3.95,2.26,2.92,2.95,3.52
117072,3.38,3.38,3.34,3.82,2.37
117113,2.93,3.5,3.18,3.4,2.46
117125,3.44,2.35,2.61,2.81,3.34
117145,2.03,3.18,3.11,2.39,3.05
117165,3.05,3.23,2.7,2.37,3.26
117167,5.0,1.0,1.0,1.0,5.0
117206,2.28,3.18,3.2,3.18,2.59
117208,3.63,2.68,2.46,2.78,3.16
117252,2.58,3.61,1.81,2.39,2.41
117302,2.63,3.88,3.43,3.37,2.5
117305,3.62,2.6,3.02,3.14,3.21
117343,4.16,2.4,3.15,3.65,3.08
117357,3.67,2.84,2.23,2.83,3.06
117360,3.66,2.62,3.01,3.27,3.17
117362,3.06,3.28,2.53,3.24,2.43
117368,3.65,1.37,2.23,1.89,4.35
117383,3.14,3.37,3.35,3.4,2.78
117384,2.17,4.83,2.8,3.72,1.18
117403,2.66,3.27,3.03,3.35,2.51
117428,3.92,1.75,2.03,2.22,3.98
117447,3.83,2.35,1.69,2.29,3.65
117457,3.37,2.55,1.74,2.34,3.29
117477,2.82,2.84,3.03,2.6,3.51
117533,3.63,2.54,2.78,2.8,3.41
117539,3.38,2.37,2.11,2.16,3.62
117620,2.08,4.09,3.19,3.36,1.9
117682,2.37,3.34,3.0,2.86,2.72
117721,1.0,5.0,4.01,4.18,1.0
117761,3.24,2.7,2.72,2.72,3.3
117800,3.22,2.7,2.53,2.85,2.99
117817,2.76,3.03,4.13,3.57,3.23
117841,3.53,2.73,2.76,2.81,3.35
117842,3.69,2.99,2.63,3.05,3.09
117860,1.44,4.08,3.4,3.05,2.08
117871,2.99,3.34,3.31,3.63,2.37
117906,2.6,3.82,4.04,4.15,1.86
117933,2.67,3.18,2.75,2.69,2.94
117950,4.8,1.0,1.0,1.0,5.0
117962,3.07,3.31,3.07,2.89,2.98
117965,2.27,3.77,3.44,3.45,2.28
117969,3.88,1.5,2.02,1.85,4.34
117970,3.22,2.71,2.81,2.96,3.14
117974,2.58,3.26,3.03,2.93,2.83
117977,3.11,2.82,2.95,3.23,2.93
118001,2.09,3.95,4.32,4.64,1.63
118024,2.52,3.31,3.25,3.22,2.58
118036,3.12,3.18,3.2,3.38,2.85
118058,3.27,3.62,2.39,3.16,2.29
118075,3.77,2.83,2.98,3.67,2.74
118092,2.65,3.16,3.07,2.95,2.92
118171,3.84,2.18,1.96,2.44,3.43
118180,3.01,3.15,2.52,3.04,2.54
118187,3.08,3.09,2.83,3.15,2.75
118189,2.98,2.61,2.63,2.52,3.33
118212,2.94,3.18,3.14,3.13,2.87
118267,3.59,3.34,2.84,3.52,2.44
118329,3.48,2.41,2.19,2.31,3.48
118336,3.74,2.9,3.52,3.7,3.0
118342,3.1,3.08,3.06,3.23,2.8
118384,2.39,3.3,2.66,2.65,2.77
118393,3.19,3.06,2.66,2.64,3.11
118402,3.2,2.78,2.85,2.65,3.42
118416,3.49,2.69,2.8,2.78,3.43
118427,1.0,4.17,2.03,1.98,2.08
118435,2.78,3.23,3.28,3.37,2.75
118438,2.73,2.25,3.18,2.31,4.08
118444,1.78,3.37,2.8,2.46,2.75
118457,3.98,2.99,3.53,3.72,2.93
118478,1.98,3.81,4.27,3.92,2.12
118486,2.83,3.31,2.8,3.31,2.38
118490,1.95,2.5,2.75,1.53,4.33
118496,2.44,3.07,3.61,3.56,2.55
118504,2.6,3.15,3.12,2.55,3.25
118510,2.5,3.3,2.17,2.18,2.99
118544,4.11,3.42,4.12,4.2,2.77
118552,2.94,2.65,3.1,3.02,3.11
118559,2.45,2.91,3.65,2.96,3.27
118564,3.16,2.83,3.14,3.21,2.92
118577,1.72,4.15,4.2,4.01,1.98
118650,3.38,2.68,1.91,2.04,3.47
118653,2.96,3.83,2.91,3.49,2.12
118655,2.65,3.72,3.22,3.42,2.29
118663,2.96,2.81,3.33,3.21,3.09
118697,3.37,2.21,1.91,2.21,3.5
118727,2.66,2.9,3.0,2.68,3.2
118732,3.29,2.68,2.72,2.59,3.46
118737,3.39,2.5,2.68,2.71,3.42
118738,3.35,2.84,2.64,3.05,2.98
118779,2.97,2.6,2.97,2.62,3.51
118855,3.35,3.51,2.92,3.4,2.51
118866,4.44,1.01,2.2,1.85,4.87
118867,3.11,2.7,2.68,2.64,3.35
118869,3.03,3.95,3.07,3.85,1.87
118881,2.54,3.41,3.63,3.51,2.6
118884,3.0,3.19,2.73,2.75,2.96
118887,3.33,1.96,2.35,1.98,4.18
118892,2.82,2.7,2.62,2.62,3.14
118915,2.9,2.8,2.26,2.41,3.23
118917,2.51,3.32,2.81,2.79,2.91
118943,3.8,1.89,2.99,2.57,4.27
118992,2.52,3.44,3.13,2.98,2.73
119005,3.63,2.26,3.06,3.71,2.97
119007,3.98,2.79,2.48,2.86,3.08
119021,3.41,1.91,1.79,1.67,4.02
119075,2.88,3.52,3.48,3.43,2.56
119152,3.36,2.84,3.17,3.05,3.29
119226,3.36,2.47,2.47,2.44,3.51
119229,2.93,1.63,2.79,1.57,4.91
119244,4.93,1.2,1.97,2.08,4.65
119258,3.8,2.91,2.19,2.87,2.9
119274,3.0,2.96,2.94,3.14,2.77
119333,3.58,2.72,3.05,3.12,3.25
119363,3.48,3.61,2.95,3.66,2.25
119364,1.87,3.94,4.24,3.97,2.06
119409,1.62,4.02,4.52,4.21,1.97
119426,2.91,2.81,2.96,2.98,3.05
119453,3.75,1.8,1.76,1.8,4.12
119469,2.37,3.11,3.07,2.71,3.09
119471,3.2,2.79,2.42,2.56,3.26
119490,1.95,3.33,2.72,2.38,2.82
119499,1.93,3.76,3.96,3.73,2.15
119510,1.68,4.37,4.13,3.68,2.02
119523,3.53,2.01,2.1,1.82,4.01
119549,3.02,3.04,3.66,3.4,3.25
119551,2.34,4.28,4.51,4.24,1.94
119560,3.02,3.1,2.97,2.79,3.1
119602,2.22,4.18,4.42,4.25,2.09
119609,3.57,3.2,3.58,3.73,2.9
119626,3.16,2.39,2.54,2.61,3.38
119628,3.21,3.05,3.52,3.6,2.89
119631,5.0,1.0,1.0,1.0,5.0
119679,2.5,3.01,3.74,3.19,3.04
119688,2.84,2.42,2.87,2.56,3.53
119693,2.89,2.36,1.93,1.52,3.82
119723,3.07,3.3,3.21,3.43,2.61
119741,2.49,3.75,3.55,3.73,2.1
119783,3.73,2.57,2.07,2.39,3.4
119793,2.82,3.9,3.14,3.35,2.21
119814,3.51,2.94,3.05,3.24,3.01
119859,2.36,2.55,2.82,2.26,3.48
119871,3.62,3.32,3.06,3.23,2.85
119901,2.96,3.04,3.46,3.17,3.09
119925,2.78,3.37,3.54,3.4,2.72
119985,2.43,3.19,2.8,2.71,2.88
120018,1.92,3.41,3.23,2.82,2.74
120026,2.55,3.3,3.83,3.58,2.8
120032,3.02,2.77,2.91,2.66,3.34
120043,2.55,3.41,2.74,2.95,2.49
120060,2.92,2.42,2.33,2.44,3.44
120078,2.18,4.11,3.82,3.6,2.01
120106,3.11,2.95,2.99,3.0,2.99
120109,1.71,3.8,3.36,2.69,2.64
120128,2.37,3.32,3.76,3.7,2.33
120158,3.15,2.04,2.68,2.34,3.83
120163,5.0,1.48,1.34,1.4,4.87
120171,2.11,3.92,3.07,3.27,2.04
120175,2.51,3.33,3.05,2.84,2.74
120194,3.0,2.84,2.36,2.42,3.21
120201,3.8,2.06,2.78,2.64,3.92
120202,2.28,3.82,3.64,3.63,1.99
120232,2.57,2.91,3.27,2.85,3.18
120237,3.44,2.49,2.85,2.85,3.3
120238,2.78,3.01,3.18,2.95,3.12
120259,3.55,2.22,2.17,2.1,3.86
120266,2.69,2.86,2.4,2.39,3.12
120300,2.78,3.28,3.19,3.27,2.71
120308,3.42,2.85,3.31,3.54,2.89
120360,2.2,3.13,4.03,3.99,2.35
120372,1.79,3.85,4.08,3.57,2.52
120389,3.69,1.91,1.48,1.69,3.97
120434,2.92,3.31,2.69,3.02,2.61
120478,3.48,2.45,2.84,2.71,3.62
120483,3.25,2.46,3.09,2.57,3.75
120517,3.54,3.61,2.89,3.36,2.4
120523,3.12,2.65,2.86,2.67,3.42
120532,3.37,2.0,1.98,1.7,4.17
120534,3.46,2.36,2.55,2.59,3.55
120546,3.59,3.43,3.55,3.9,2.64
120550,4.86,2.1,2.18,2.33,4.1
120561,3.05,3.23,2.87,3.43,2.32
120562,2.62,2.95,3.67,3.33,2.88
120563,3.29,2.72,2.56,3.04,2.9
120594,2.75,3.06,2.87,2.84,2.98
120595,2.67,3.69,3.35,3.68,2.13
120608,2.07,3.33,2.29,2.18,2.89
120632,3.96,2.25,2.87,3.0,3.67
120641,2.85,3.13,2.95,2.88,2.98
120670,3.03,2.79,3.06,3.22,2.98
120693,2.64,3.03,2.76,2.63,3.09
120699,2.37,2.5,3.5,2.15,4.33
120737,2.31,4.25,4.02,3.62,2.2
120775,4.18,2.25,2.12,2.61,3.49
120831,3.7,2.22,2.43,2.35,3.73
120851,2.87,1.85,3.18,2.6,3.66
120890,2.24,3.34,3.45,2.84,3.02
120932,2.65,3.16,2.7,2.91,2.6
120936,2.65,3.1,2.61,2.58,2.99
120937,3.61,3.02,3.36,3.68,2.7
120973,3.81,1.98,2.36,2.23,4.07
121019,2.39,3.51,3.22,3.13,2.61
121051,2.56,2.66,1.88,1.61,3.45
121058,2.39,3.32,3.47,3.33,2.72
121063,3.27,2.67,2.55,2.54,3.12
121081,3.15,3.09,2.62,2.66,3.2
121094,3.08,2.61,2.47,2.41,3.42
121095,1.45,4.77,3.98,3.94,1.39
121133,2.73,3.17,2.5,3.17,2.4
121147,2.21,2.93,2.78,2.46,3.1
121155,3.15,2.75,3.08,3.03,3.31
121180,3.91,2.49,2.02,2.38,3.42
121223,2.08,3.54,2.95,3.03,2.37
121231,2.57,2.75,3.27,2.78,3.32
121232,2.81,3.46,3.53,3.87,2.18
121260,2.85,3.29,3.23,3.19,2.74
121261,1.46,4.15,2.54,2.77,1.88
121284,2.85,2.66,2.85,2.36,3.71
121359,2.5,3.03,3.47,3.46,2.67
121360,2.79,3.2,2.96,3.07,2.71
121371,1.59,3.73,3.13,3.02,2.21
121425,4.0,1.77,2.33,2.25,4.18
121428,2.2,3.09,4.29,3.27,3.53
121447,1.86,4.38,4.37,4.04,1.87
121470,2.7,2.81,2.29,2.21,3.26
121471,3.02,2.47,2.85,2.38,3.69
121484,3.1,2.76,2.79,3.03,3.0
121487,3.54,2.19,2.05,2.15,3.71
121530,2.92,3.52,3.32,3.62,2.33
121553,2.78,2.81,3.05,2.78,3.18
121579,3.72,1.9,3.17,2.69,4.19
121635,3.53,1.95,2.31,2.31,3.99
121646,4.49,1.39,1.0,1.16,4.56
121647,2.83,2.78,2.87,2.51,3.45
121657,2.09,3.3,2.63,2.6,2.65
121662,3.85,2.58,2.84,3.27,3.22
121685,2.62,3.77,3.27,3.17,2.54
121714,2.51,3.69,2.82,3.1,2.24
121743,3.18,3.0,3.53,3.62,2.94
121788,3.3,2.14,2.44,2.2,3.95
121813,3.4,3.18,2.61,2.68,3.06
121824,2.11,4.14,3.69,3.87,1.78
121840,2.87,2.46,2.88,2.55,3.52
121880,2.26,3.51,3.01,3.19,2.24
121911,3.72,2.97,2.4,3.01,2.87
121913,3.18,2.34,2.65,2.34,3.84
121943,3.09,2.83,2.82,2.79,3.22
121944,2.61,2.99,3.73,3.19,3.09
121968,2.96,4.11,4.11,4.56,1.63
121975,2.43,3.46,3.67,3.32,2.73
121988,3.26,2.89,3.0,3.04,3.12
121990,2.75,3.07,3.07,2.91,3.02
121991,3.76,1.35,2.21,1.58,4.7
122055,3.21,1.77,2.46,1.86,4.44
122070,2.34,4.28,4.78,4.81,1.75
122078,4.55,2.48,2.2,2.91,3.38
122169,2.47,3.56,2.91,2.99,2.48
122182,2.74,2.72,3.2,2.87,3.28
122201,3.07,2.84,2.75,2.62,3.36
122206,2.19,3.36,3.13,2.9,2.73
122230,3.61,1.72,1.46,1.4,4.32
122237,3.57,2.44,2.41,2.52,3.51
122247,3.5,2.62,2.78,2.82,3.39
122254,3.42,2.36,2.63,2.63,3.49
122266,2.32,3.81,2.79,2.75,2.45
122292,2.98,2.94,2.92,3.09,2.88
122322,2.72,3.18,4.18,3.09,3.55
122332,3.0,3.59,2.97,3.35,2.32
122402,2.83,2.87,2.82,2.5,3.45
122420,2.89,2.81,3.64,3.79,2.54
122475,4.36,1.29,1.0,1.0,4.69
122501,1.89,3.9,2.72,2.64,2.25
122507,1.07,3.72,4.44,3.67,2.26
122510,2.27,4.06,4.54,4.34,2.06
122604,1.0,4.04,2.12,1.78,2.14
122616,2.25,3.32,2.85,2.8,2.62
122619,3.3,2.73,2.32,2.37,3.35
122629,2.66,3.34,3.43,3.45,2.61
122641,2.63,3.52,3.35,3.4,2.54
122651,3.03,3.18,2.62,2.98,2.73
122668,2.96,2.94,3.08,2.92,3.15
122692,4.13,2.17,1.53,1.75,3.94
122700,2.53,3.0,3.13,2.62,3.28
122718,2.58,2.92,2.64,2.32,3.35
122731,2.24,2.81,2.7,2.36,3.25
122791,1.69,3.6,2.7,2.01,2.96
122792,2.76,3.86,4.62,3.96,2.56
122808,1.94,4.92,4.01,4.14,1.46
122841,5.0,1.0,1.0,1.0,5.0
122856,3.03,2.82,3.14,3.2,2.96
122893,3.58,2.83,3.06,3.24,3.05
122903,3.2,1.84,2.35,1.81,4.27
122927,1.8,4.68,4.4,4.57,1.19
122928,3.14,2.36,2.53,2.39,3.64
122936,2.41,3.89,4.26,3.85,2.67
122944,1.54,4.08,3.5,3.54,1.84
122970,2.38,3.8,3.6,3.55,2.3
122982,2.46,3.48,3.08,3.07,2.56
122994,2.97,3.08,2.72,2.9,2.85
123003,3.07,3.02,2.55,2.98,2.71
123017,3.37,3.36,3.01,3.36,2.62
123044,4.28,2.74,3.96,3.92,3.33
123047,2.4,4.64,3.05,3.42,1.61
123060,2.52,3.86,3.51,3.64,2.18
123070,2.57,3.56,2.72,3.11,2.34
123076,4.14,1.8,2.27,2.86,3.6
123077,2.76,3.17,3.61,3.46,2.83
123112,2.71,3.27,3.05,3.11,2.66
123141,3.52,2.14,2.24,2.14,3.81
123147,3.35,3.04,3.31,3.36,2.84
123149,2.45,3.86,3.81,3.67,2.35
123155,2.94,3.04,2.99,2.82,3.13
123158,3.29,2.88,3.17,3.3,2.98
123181,3.45,2.69,2.53,2.79,3.17
123191,2.83,3.02,3.11,2.91,3.06
123207,3.44,2.8,2.68,2.62,3.39
123214,2.79,2.73,3.14,2.97,3.13
123252,2.11,3.19,3.42,3.04,2.77
123286,3.28,2.84,2.73,2.97,3.05
123310,1.94,4.7,4.67,4.92,1.16
123385,3.07,3.34,3.21,3.51,2.44
123392,2.6,4.52,3.0,3.7,1.54
123395,2.72,3.13,3.13,3.2,2.72
123403,3.24,3.5,3.35,3.97,2.23
123412,1.42,4.81,4.27,4.06,1.34
123424,3.08,3.27,2.9,3.06,2.82
123443,3.84,2.59,1.82,2.17,3.37
123449,3.34,3.51,4.21,4.95,1.99
123461,3.42,3.83,4.2,4.79,1.82
123468,3.51,3.33,3.26,3.63,2.63
123479,3.75,2.41,3.8,3.51,3.5
123513,3.15,2.52,2.7,2.51,3.5
123514,2.94,2.51,2.46,2.25,3.47
123519,1.75,3.26,2.27,2.16,2.82
123560,3.11,2.95,3.31,3.13,3.16
123564,2.5,3.08,2.98,2.74,3.01
123578,2.66,3.64,2.93,3.35,2.28
123599,2.91,3.05,2.9,2.8,3.06
123619,3.3,3.26,4.9,3.9,3.43
123628,3.29,3.03,3.18,3.22,3.04
123638,2.68,3.24,3.03,2.93,2.89
123640,2.01,4.67,4.29,4.42,1.54
123655,3.24,3.23,2.37,2.75,3.09
123656,3.6,2.51,3.67,3.86,3.17
123661,3.27,3.88,4.61,3.9,2.82
123682,2.33,3.66,2.93,3.14,2.32
123685,2.71,2.28,2.73,2.11,3.91
123746,3.52,2.74,2.88,3.19,3.05
123767,3.58,2.98,2.74,3.17,2.84
123806,3.12,2.08,2.07,1.99,3.82
123826,3.29,2.78,2.62,2.66,3.26
123829,2.59,2.43,2.92,2.45,3.58
123833,2.52,3.43,3.07,3.11,2.66
123839,3.36,2.46,2.96,2.69,3.58
123844,2.86,2.21,4.09,2.15,4.94
123856,2.56,3.05,2.43,2.22,3.21
123870,2.93,3.26,3.14,3.23,2.67
123894,2.71,2.84,3.12,2.92,3.08
123920,2.61,3.07,3.23,3.05,2.95
123969,3.76,2.88,4.16,3.78,3.28
123974,2.45,3.64,3.31,3.52,2.28
124007,2.63,2.96,3.1,3.1,2.8
124035,2.96,3.8,2.85,2.99,2.64
124045,2.41,3.33,3.04,3.23,2.37
124069,3.51,2.94,2.43,2.52,3.28
124105,3.03,3.27,3.59,3.59,2.7
124132,3.24,3.06,2.98,3.16,3.01
124140,2.81,2.79,3.19,3.03,3.08
124145,2.64,3.03,3.33,3.01,3.09
124158,2.55,3.5,3.83,3.67,2.5
124175,2.64,3.2,2.66,2.29,3.07
124193,1.91,3.65,3.47,3.53,2.11
124225,2.99,3.36,3.45,3.54,2.6
124250,4.12,1.85,3.46,2.45,4.64
124278,3.95,2.44,2.49,2.78,3.5
124352,2.44,3.35,2.65,2.73,2.71
124409,1.78,3.86,4.34,3.99,2.27
124410,2.82,3.32,2.79,2.99,2.62
124414,2.82,3.05,2.93,2.93,2.95
124429,3.66,2.52,2.63,2.65,3.55
124431,2.21,3.45,3.3,3.29,2.46
124434,2.3,2.79,2.9,2.46,3.18
124455,5.0,3.29,2.67,3.31,3.03
124458,3.19,2.89,2.88,3.03,2.98
124471,3.46,2.92,2.57,2.9,2.91
124477,4.24,2.27,2.7,3.08,3.49
124503,2.63,3.28,2.89,2.82,2.84
124508,3.67,2.45,3.02,2.87,3.62
124517,3.78,1.98,1.65,2.16,3.87
124548,3.48,2.33,2.42,2.57,3.53
124613,2.78,3.29,3.38,3.32,2.86
124620,2.28,4.75,3.54,4.03,1.5
124637,2.24,3.3,3.09,2.9,2.71
124647,3.29,3.76,2.52,3.37,2.16
124673,5.0,1.06,2.21,2.44,4.5
124704,2.93,2.77,2.96,2.5,3.46
124708,4.48,1.67,2.16,2.24,4.41
124723,1.99,4.8,4.22,4.41,1.38
124739,2.61,2.52,3.8,3.56,2.82
124769,2.56,3.67,2.97,3.37,2.14
124774,2.72,2.9,3.24,2.78,3.38
124776,4.58,2.96,2.62,3.72,2.76
124788,3.42,2.27,3.37,3.32,3.54
124792,3.6,2.57,3.72,3.84,3.1
124793,3.44,1.6,1.78,1.4,4.46
124810,3.07,3.01,2.91,2.81,3.14
124815,3.19,2.91,3.16,3.36,2.9
124833,3.39,3.63,3.13,3.66,2.36
124836,2.41,3.06,2.86,2.83,3.09
124837,2.7,2.55,3.08,2.46,3.63
124840,3.74,2.64,1.44,2.07,3.31
124850,2.75,2.75,2.33,2.31,3.26
124859,2.38,3.47,3.39,3.48,2.41
124861,5.0,1.0,1.0,1.0,5.0
124882,3.32,2.29,2.23,2.13,3.65
124890,3.33,2.84,2.91,3.08,3.09
124891,1.87,3.61,2.87,2.82,2.36
124955,2.21,3.85,3.81,4.11,1.86
124967,2.46,3.23,3.83,3.1,3.21
124977,2.64,3.44,3.28,3.65,2.19
124993,3.35,2.33,2.44,2.43,3.58
125010,2.79,3.63,4.01,4.11,2.36
125020,2.93,2.71,2.62,2.67,3.12
125034,2.91,3.65,2.85,3.03,2.75
125038,4.33,2.69,2.53,3.16,3.2
125052,3.57,2.56,3.08,3.19,3.22
125068,2.43,2.85,2.75,2.96,2.68
125076,3.54,1.99,2.89,2.56,3.98
125118,2.46,3.65,3.85,3.75,2.42
125121,2.51,4.74,4.25,4.7,1.43
125137,4.59,3.09,2.65,3.65,2.73
125184,3.84,2.68,2.46,3.02,3.04
125249,1.71,3.23,2.69,2.11,2.94
125255,3.65,2.96,3.04,3.46,2.8
125268,3.76,2.35,2.24,2.21,3.88
125397,2.7,1.82,3.22,2.34,4.25
125404,3.2,2.53,2.45,2.43,3.47
125424,2.83,3.82,4.12,4.32,2.0
125439,1.87,3.68,3.71,3.54,2.23
125441,4.26,1.82,2.18,2.38,3.95
125545,3.47,2.16,2.23,2.48,3.42
125565,3.39,2.82,2.83,2.87,3.3
125576,3.02,3.46,2.99,3.13,2.71
125584,2.88,3.68,4.33,4.17,2.52
125586,3.53,2.38,2.48,2.66,3.35
125594,2.47,3.44,3.52,3.33,2.7
125619,2.54,2.84,3.74,3.52,2.8
125628,3.73,2.39,2.4,2.48,3.59
125631,2.51,3.62,4.25,4.0,2.46
125641,2.5,3.39,2.24,2.72,2.5
125649,3.01,3.14,3.11,3.21,2.84
125720,3.46,2.69,2.72,3.1,3.07
125735,2.6,3.36,3.12,2.99,2.85
125749,2.98,2.76,2.95,2.75,3.36
125778,2.22,2.21,3.43,1.76,4.59
125788,1.0,4.81,3.05,2.87,1.06
125790,3.37,2.27,2.57,2.3,3.83
125799,3.04,3.26,3.39,3.43,2.77
125818,3.02,2.48,2.8,2.8,3.12
125819,3.55,2.82,2.28,2.58,3.22
125820,3.01,2.76,3.01,2.96,3.05
125828,3.82,3.26,2.54,3.39,2.57
125833,2.82,3.24,3.14,3.5,2.37
125861,2.72,4.44,3.32,3.84,1.78
125866,1.63,4.04,4.16,3.83,1.93
125872,1.0,4.69,3.99,3.41,1.47
125931,2.58,3.39,3.7,3.39,2.77
125957,2.4,3.02,2.71,2.63,2.87
125980,3.89,2.41,2.79,3.72,2.91
126002,3.53,3.65,3.4,4.28,1.98
126016,3.04,2.72,2.84,2.86,3.28
126034,2.17,3.33,2.71,2.79,2.6
126036,3.43,3.06,2.9,3.25,2.8
126044,3.78,2.72,3.5,4.0,2.7
126069,3.07,4.02,3.83,3.76,2.38
126082,3.51,2.17,2.74,2.78,3.5
126083,2.56,3.74,3.66,3.77,2.08
126119,1.93,3.97,4.23,4.02,2.04
126141,3.93,3.2,3.33,3.74,2.75
126149,2.8,3.24,3.44,3.4,2.67
126157,3.3,2.78,2.73,2.82,3.24
126160,3.4,3.66,3.21,3.91,2.11
126215,4.04,1.74,2.07,1.93,4.32
126218,2.2,2.85,3.16,2.67,3.23
126226,2.72,2.61,2.87,2.92,3.03
126233,2.59,3.26,2.94,2.53,3.21
126258,4.16,2.66,3.68,3.82,3.17
126264,3.09,2.11,2.36,2.1,3.77
126265,3.36,2.99,2.68,2.83,3.04
126311,2.38,2.95,3.08,2.71,3.18
126321,2.95,3.32,3.06,3.13,2.76
126323,3.12,2.92,2.61,2.71,3.16
126348,3.42,2.59,2.75,3.03,3.11
126363,2.99,2.78,2.9,2.66,3.48
126388,3.34,2.56,2.52,2.51,3.41
126392,4.86,1.87,2.36,2.88,3.83
126412,1.14,4.8,4.01,4.25,1.14
126423,2.8,3.52,3.77,3.73,2.6
126441,3.31,2.43,2.3,2.31,3.56
126446,3.36,2.9,2.58,2.72,3.15
126461,2.68,2.03,2.59,2.24,3.74
126493,3.58,2.24,1.93,2.43,3.43
126495,3.25,3.24,3.22,3.38,2.86
126554,2.58,3.6,4.75,3.99,2.92
126574,4.22,2.51,2.31,3.53,2.86
126590,3.11,2.7,2.72,2.63,3.32
126611,3.6,3.26,4.6,3.71,3.47
126674,3.36,2.77,3.17,3.38,2.94
126680,2.84,2.45,2.65,2.19,3.81
126683,2.74,3.29,3.0,3.0,2.86
126686,3.91,2.34,1.92,1.96,3.92
126729,3.37,2.68,2.52,2.48,3.51
126746,2.1,5.0,4.1,4.61,1.0
126751,3.03,3.07,2.51,2.67,3.01
126754,3.04,3.01,2.79,2.82,3.02
126755,2.86,2.84,3.01,2.64,3.39
126759,4.28,2.18,3.06,3.51,3.35
126789,2.91,3.18,3.14,3.06,2.92
126858,3.3,2.56,3.34,3.13,3.35
126937,3.41,2.79,2.87,3.0,3.14
126943,2.73,3.64,3.11,3.51,2.24
126949,2.58,3.2,3.45,3.09,2.99
126966,2.85,3.82,4.53,4.42,2.59
127028,2.04,2.71,5.0,5.0,2.25
127043,2.38,3.85,3.9,3.92,2.11
127051,3.5,3.18,2.9,3.33,2.66
127056,3.72,1.82,1.37,1.3,4.22
127061,3.18,3.74,3.34,3.52,2.36
127074,1.24,4.76,3.87,3.31,1.82
127088,3.45,2.06,2.31,2.31,3.6
127093,3.97,2.55,2.72,3.19,3.22
127105,1.6,4.14,4.48,4.28,1.83
127110,3.0,3.43,3.32,3.46,2.56
127111,3.98,1.2,1.78,1.06,5.0
127124,3.46,2.22,2.48,2.34,3.85
127156,3.21,3.66,3.0,3.52,2.34
127210,4.42,1.84,1.7,2.34,3.92
127226,2.93,3.0,2.19,2.37,2.88
127268,2.89,3.46,2.97,2.97,2.85
127269,2.82,3.16,2.8,2.85,2.89
127273,3.42,2.89,2.89,3.06,3.07
127286,2.94,2.67,2.48,2.43,3.33
127291,3.05,2.96,2.93,2.99,3.04
127337,3.94,3.29,2.04,2.73,2.81
127348,3.59,2.12,2.0,2.18,3.66
127364,2.44,3.58,3.52,3.42,2.46
127375,3.35,2.99,3.24,2.83,3.25
127377,2.92,3.81,5.0,5.0,1.87
127379,2.48,3.28,3.26,3.29,2.63
127404,3.3,2.9,3.41,3.5,2.96
127417,3.03,2.75,2.79,2.7,3.27
127427,3.27,2.15,1.85,1.85,3.88
127437,1.51,2.79,2.91,2.21,3.24
127468,3.03,3.7,3.15,3.1,2.82
127472,3.56,2.2,2.64,2.42,3.8
127477,3.0,3.1,3.19,3.08,2.99
127519,1.0,4.02,3.05,2.27,2.36
127561,2.99,3.05,2.49,2.54,3.07
127577,2.71,3.07,3.43,3.31,2.79
127604,3.65,3.36,2.87,3.34,2.57
127611,2.16,3.55,2.75,2.69,2.57
127615,2.86,3.03,2.74,3.01,2.86
127634,2.33,3.47,3.3,3.65,2.13
127635,2.51,3.75,3.24,3.45,2.19
127664,2.75,3.09,3.25,2.73,3.24
127676,3.56,2.47,2.45,2.58,3.49
127709,5.0,1.0,1.0,1.0,5.0
127715,3.51,3.3,3.44,3.68,2.9
127725,2.22,2.89,4.14,3.42,3.15
127739,2.51,3.2,2.92,2.67,2.96
127757,4.26,1.83,1.96,2.55,3.88
127759,2.57,3.25,3.79,3.49,2.78
127798,2.97,3.22,3.16,3.19,2.91
127816,2.8,2.94,3.16,2.58,3.39
127863,3.06,3.5,3.1,3.21,2.69
127889,3.27,2.46,2.69,2.71,3.39
127920,2.02,4.25,4.48,4.24,1.8
127928,3.25,2.88,2.56,2.86,2.93
127939,3.35,3.17,2.67,3.25,2.54
127972,2.87,2.94,2.95,2.78,3.21
127996,2.76,2.82,3.12,2.7,3.34
128005,3.02,3.5,2.91,2.77,2.89
128009,3.62,2.41,2.23,2.51,3.32
128037,3.66,2.06,1.91,1.98,3.87
128039,2.76,2.7,2.54,2.31,3.5
128065,2.91,2.86,3.14,3.17,2.92
128076,4.53,1.3,2.38,2.35,4.43
128118,3.5,2.54,2.06,2.45,3.24
128120,3.12,3.64,3.48,4.13,2.03
128145,3.52,3.02,2.66,3.32,2.62
128155,3.23,2.99,3.58,3.18,3.33
128197,3.15,3.51,3.29,3.64,2.45
128227,2.25,3.65,3.35,3.3,2.41
128234,2.49,2.91,3.38,3.09,3.04
128239,4.36,2.07,2.23,2.59,3.78
128260,3.1,3.03,3.44,3.85,2.53
128262,2.45,1.85,2.63,1.78,4.26
128281,2.19,2.86,2.77,2.58,2.9
128321,2.86,3.17,3.1,3.19,2.77
128323,2.02,3.46,4.66,4.54,2.06
128330,2.82,2.65,2.31,2.06,3.46
128354,3.57,2.8,2.39,2.81,2.96
128356,2.9,3.34,3.47,3.56,2.67
128368,2.85,3.61,3.38,3.57,2.41
128375,1.85,4.64,4.33,4.4,1.4
128464,1.54,3.71,3.3,3.01,2.27
128492,3.43,2.27,2.01,2.25,3.48
128516,2.87,3.09,3.39,3.5,2.66
128525,3.16,2.71,3.07,3.04,3.26
128541,2.92,3.67,3.33,3.67,2.2
128551,3.04,3.33,3.29,3.71,2.39
128553,3.45,1.68,1.74,1.44,4.42
128559,3.17,2.32,2.41,2.34,3.58
128598,3.07,3.22,2.73,3.0,2.77
128600,3.28,2.71,2.58,2.39,3.55
128632,2.66,2.74,3.2,2.98,3.02
128666,1.39,4.14,3.57,3.2,2.04
128767,1.69,3.79,2.56,3.04,1.92
128771,2.83,3.52,2.96,3.34,2.32
128785,3.67,2.05,2.8,3.59,3.06
128793,3.0,3.25,3.07,3.12,2.84
128809,3.36,2.98,2.21,2.51,3.2
128851,3.17,2.08,2.88,2.25,4.17
128873,2.23,3.16,2.72,2.13,3.35
128878,2.2,2.87,3.39,2.8,3.17
128918,2.9,2.48,2.91,2.74,3.34
128931,3.6,2.64,2.75,2.78,3.47
129006,2.38,3.48,3.08,3.01,2.55
129096,3.06,2.87,3.13,3.06,3.14
129105,2.3,3.78,3.59,3.31,2.59
129136,2.98,2.86,2.69,2.65,3.2
129140,3.16,3.07,3.22,3.34,2.87
129156,1.76,4.02,4.47,4.0,2.1
129190,3.34,2.44,2.53,2.62,3.41
129192,2.91,2.53,2.0,2.03,3.36
129194,3.06,3.11,3.03,2.78,3.29
129202,2.54,3.68,3.21,3.46,2.23
129224,3.37,3.05,2.9,3.33,2.67
129242,3.24,3.12,2.87,3.17,2.86
129307,2.42,4.86,4.73,5.0,1.14
129328,2.77,3.68,3.26,3.6,2.3
129366,3.05,2.87,2.87,2.71,3.32
129393,2.61,3.83,3.49,3.53,2.39
129416,2.92,2.77,2.86,2.61,3.37
129422,2.98,3.13,2.66,2.73,2.92
129440,3.64,2.7,3.34,3.22,3.41
129459,4.35,1.44,1.37,1.81,4.22
129483,3.78,2.22,1.77,2.18,3.6
129505,2.01,3.3,2.2,2.43,2.53
129579,3.18,2.47,2.61,2.42,3.64
129614,2.42,3.32,3.07,2.92,2.8
129617,2.95,2.24,2.7,2.45,3.64
129625,3.94,1.98,2.18,2.35,3.88
129629,3.37,3.38,3.38,3.57,2.62
129662,3.66,2.71,3.52,3.66,3.09
129708,2.9,3.45,3.67,4.17,2.08
129716,2.52,2.91,1.68,1.82,3.19
129718,3.12,3.34,3.22,3.49,2.47
129756,3.25,2.33,2.19,2.28,3.58
129814,3.08,3.05,2.57,2.81,2.92
129824,1.92,3.98,2.58,2.63,2.1
129857,1.88,3.65,3.01,2.84,2.39
129880,2.96,3.13,2.95,3.12,2.81
129962,2.41,3.78,3.56,3.48,2.4
129968,1.79,3.41,3.52,2.96,2.79
129981,2.89,3.5,2.41,2.87,2.47
129982,3.2,3.23,2.79,2.9,2.96
130022,3.72,1.91,1.77,1.94,3.99
130024,3.1,2.49,3.11,2.82,3.61
130060,3.12,2.98,2.85,3.1,2.83
130071,4.03,2.15,2.03,2.56,3.47
130111,2.95,1.87,2.88,2.21,4.14
130128,3.45,2.76,2.61,2.78,3.24
130139,2.56,3.14,3.07,2.85,2.96
130166,2.94,3.11,3.03,3.13,2.82
130187,3.44,3.27,5.0,4.93,2.85
130192,3.24,3.39,3.59,3.79,2.6
130210,3.16,2.54,2.78,2.82,3.13
130244,3.22,4.14,4.03,4.54,1.84
130266,3.65,2.48,2.55,2.76,3.5
130294,2.78,3.36,3.11,3.16,2.59
130297,3.51,2.56,2.52,2.62,3.42
130323,2.47,3.53,3.96,3.9,2.46
130352,2.17,2.78,3.7,3.14,2.97
130373,2.26,3.71,2.92,3.08,2.27
130382,2.44,3.06,3.86,3.04,3.3
130402,3.33,3.81,3.0,3.51,2.33
130417,1.16,3.61,2.41,2.37,2.3
130437,4.07,1.24,1.27,1.2,4.65
130439,3.59,2.58,2.67,3.24,2.92
130460,2.69,3.18,2.39,2.38,3.07
130473,4.45,2.08,2.31,3.26,3.32
130491,3.09,2.96,2.76,2.8,3.07
130512,4.28,2.04,2.81,2.99,3.76
130515,2.81,2.92,2.42,2.66,2.95
130545,3.23,2.59,2.48,2.64,3.21
130547,3.74,2.41,2.24,2.21,3.77
130552,2.55,2.81,2.62,2.35,3.25
130599,3.21,2.73,2.97,2.88,3.34
130623,2.83,3.83,3.24,3.72,2.04
130627,3.74,2.49,2.51,2.67,3.48
130645,3.15,2.58,3.09,2.55,3.74
130648,4.02,3.41,4.12,4.39,2.51
130670,2.77,3.43,3.37,3.35,2.59
130682,2.47,3.36,3.1,3.33,2.33
130685,2.71,3.07,3.33,3.04,3.14
130690,2.28,2.71,4.26,3.54,3.19
130709,2.57,3.48,2.64,2.88,2.5
130712,3.28,2.56,3.48,3.39,3.16
130720,3.71,2.5,2.27,2.93,3.11
130738,3.29,2.51,2.13,2.33,3.36
130744,3.63,1.87,3.05,3.18,3.54
130758,2.85,2.86,2.9,2.69,3.26
130774,3.56,3.22,2.9,3.02,3.03
130777,3.68,3.04,3.08,3.63,2.64
130786,3.45,3.25,3.21,3.48,2.66
130808,3.68,2.07,2.75,3.18,3.29
130815,3.3,2.88,2.31,2.38,3.43
130819,1.73,4.4,4.47,4.47,1.54
130828,3.16,2.54,2.2,2.35,3.3
130829,2.47,3.11,3.31,2.87,3.16
130839,2.94,4.43,4.79,4.89,1.78
130857,3.12,2.71,2.72,2.69,3.28
130858,3.25,3.42,3.0,3.67,2.32
130860,2.72,3.08,2.89,2.89,2.84
130883,1.69,3.78,3.9,3.42,2.29
130926,3.21,2.87,3.0,3.05,3.11
131015,3.01,2.44,2.64,2.32,3.75
131048,3.17,3.47,2.88,3.53,2.28
131081,2.73,4.12,3.46,4.09,1.64
131084,3.05,3.37,2.96,3.41,2.41
131090,2.82,3.51,3.16,3.59,2.21
131107,4.14,1.46,1.38,1.62,4.15
131115,3.13,2.85,2.77,2.93,3.02
131119,2.75,3.14,4.26,3.89,2.89
131135,2.88,3.15,3.21,3.09,2.95
131144,3.28,2.67,2.84,2.95,3.13
131192,1.93,4.24,4.38,4.24,1.89
131202,3.01,2.22,2.62,2.24,3.82
131220,4.27,2.51,2.81,3.51,3.05
131230,1.47,3.92,3.43,3.21,2.18
131234,5.0,1.03,1.0,1.0,5.0
131237,4.49,2.55,1.95,2.95,3.14
131256,2.41,3.11,3.23,2.97,2.94
131265,3.18,2.21,2.19,2.41,3.49
131278,2.71,3.06,2.81,2.6,3.05
131293,3.48,2.55,2.99,2.66,3.67
131303,2.63,2.84,2.68,2.81,2.85
131313,1.0,4.99,3.44,3.07,1.12
131339,2.96,2.39,2.97,3.02,3.23
131390,2.85,3.59,3.25,3.57,2.25
131392,2.14,2.81,2.31,2.05,3.18
131518,3.69,2.28,2.9,2.8,3.85
131521,3.64,2.09,2.16,2.12,3.93
131546,2.85,3.0,2.77,2.82,2.95
131550,3.51,2.33,3.06,2.93,3.52
131566,2.76,2.67,2.94,2.51,3.58
131599,1.6,3.57,2.62,2.13,2.81
131646,3.33,2.95,3.11,3.58,2.62
131652,3.77,2.32,2.5,2.75,3.47
131658,2.2,3.68,3.62,3.44,2.48
131740,3.25,2.89,2.23,2.61,3.0
131773,2.82,3.2,2.83,2.77,2.96
131779,3.69,2.4,2.88,3.26,3.26
131793,3.7,3.02,2.0,2.72,2.84
131796,3.72,1.95,1.69,1.85,3.98
131807,2.94,3.51,2.72,3.33,2.26
131811,2.89,2.64,2.8,2.46,3.5
131827,2.21,3.75,3.22,2.94,2.67
131829,3.17,2.53,2.92,2.75,3.45
131859,3.58,2.86,2.67,3.57,2.6
131873,2.93,2.85,2.84,2.89,3.05
131875,2.9,2.61,2.89,2.66,3.45
131905,2.85,2.85,3.08,2.87,3.19
131962,2.98,2.94,2.82,2.89,3.02
131990,1.5,4.06,3.79,3.47,2.14
131991,3.07,1.91,2.76,2.38,3.91
131996,2.28,3.2,3.42,2.97,2.97
132008,3.19,3.44,4.26,3.54,3.31
132010,2.83,2.79,2.55,2.53,3.15
132014,2.62,3.22,3.12,2.91,2.96
132035,3.21,3.22,2.86,2.98,2.92
132042,3.8,2.16,2.32,2.74,3.45
132088,2.97,1.44,1.77,1.12,4.66
132200,3.26,2.66,3.06,2.84,3.29
132202,3.21,2.5,2.41,2.48,3.46
132235,3.17,3.07,2.93,2.88,3.08
132249,2.74,3.25,3.0,2.87,2.95
132258,2.37,3.93,4.5,4.56,2.01
132281,1.64,4.27,2.86,2.77,1.91
132320,2.67,3.82,4.14,4.08,2.13
132346,2.86,2.93,3.06,3.02,3.02
132353,2.22,4.62,4.53,4.72,1.49
132362,3.73,2.26,2.44,2.33,3.79
132364,3.1,2.74,2.52,2.58,3.29
132366,2.37,3.35,2.86,2.92,2.65
132390,3.22,2.53,2.83,2.83,3.4
132408,2.23,3.43,3.48,3.02,2.77
132419,3.87,3.11,2.73,2.89,3.43
132422,3.02,3.31,2.82,2.8,2.95
132428,2.77,2.95,3.13,2.99,3.08
132431,3.32,2.62,2.86,2.85,3.33
132438,2.7,2.72,2.37,2.16,3.45
132447,3.69,2.74,2.96,3.14,3.27
132456,3.12,3.31,3.05,3.42,2.46
132492,1.79,3.31,2.63,2.33,2.76
132519,3.9,1.84,3.13,2.56,4.39
132524,2.62,3.03,2.92,2.63,3.2
132529,3.08,2.71,2.8,2.81,3.18
132576,4.16,2.85,1.84,2.59,3.08
132602,4.02,2.51,2.53,2.69,3.63
132616,2.84,3.07,3.39,3.3,2.94
132628,1.95,2.19,3.41,2.18,4.12
132629,3.47,2.62,2.89,3.17,3.0
132656,2.68,1.88,1.33,1.68,3.45
132711,1.89,3.8,3.74,3.59,2.17
132713,3.24,2.54,2.56,2.44,3.53
132758,2.47,3.9,3.67,3.76,2.01
132775,3.22,2.94,3.49,3.64,2.9
132804,2.2,3.32,2.53,2.45,2.78
132809,2.69,3.25,3.23,3.24,2.74
132842,3.55,3.22,3.22,3.74,2.49
132861,2.94,2.31,2.53,2.29,3.63
132889,2.7,2.76,4.28,3.73,3.05
132905,3.09,4.17,4.92,5.0,2.02
132924,2.92,2.85,3.06,2.95,3.14
132928,3.55,3.24,2.61,3.36,2.56
132930,3.34,2.39,2.25,2.31,3.54
132968,3.23,2.85,2.95,2.71,3.3
133021,3.08,3.24,3.24,3.65,2.38
133033,3.41,3.52,3.52,3.64,2.43
133040,2.05,4.55,3.88,4.05,1.59
133047,3.07,3.86,4.79,5.0,2.01
133067,2.99,4.12,4.22,4.28,2.07
133075,2.18,3.05,3.3,3.0,2.75
133085,1.66,4.39,4.66,4.38,1.47
133088,3.59,2.69,3.45,2.91,3.71
133122,3.18,3.37,4.24,4.31,2.49
133128,2.51,3.48,3.6,3.49,2.62
133144,3.78,2.66,2.08,2.51,3.15
133146,3.11,2.55,2.63,2.68,3.3
133150,2.59,4.18,3.74,4.12,1.88
133157,2.86,2.92,2.92,2.98,2.98
133184,3.11,2.85,2.87,3.21,2.79
133186,3.09,2.79,2.4,2.24,3.43
133200,4.11,2.72,2.63,3.36,2.93
133262,2.57,3.33,3.36,3.36,2.59
133303,2.7,3.36,3.21,3.16,2.76
133316,2.43,3.2,3.72,3.56,2.67
133317,3.96,2.75,3.09,2.78,3.91
133346,3.44,2.68,2.85,3.24,3.02
133357,3.46,2.82,2.9,2.94,3.19
133381,2.91,3.19,2.96,3.1,2.81
133454,2.23,3.07,2.46,2.38,2.83
133458,2.96,2.86,2.46,2.58,3.09
133459,2.53,3.33,3.2,3.34,2.42
133461,3.61,2.69,2.77,2.58,3.63
133527,3.26,2.96,2.88,2.89,3.17
133564,3.15,2.2,2.27,1.99,3.9
133569,3.78,3.12,1.85,2.52,2.85
133622,2.39,3.82,3.01,3.13,2.36
133655,3.57,2.45,3.43,3.12,3.57
133713,2.76,2.84,2.91,2.96,2.83
133717,2.53,3.65,3.86,3.69,2.53
133724,4.73,1.0,1.0,1.0,5.0
133742,3.02,3.59,3.26,3.6,2.26
133753,3.6,3.05,2.94,3.1,3.09
133772,3.24,2.66,2.4,2.57,3.21
133823,3.18,2.9,3.02,2.94,3.22
133862,2.42,3.46,3.58,2.98,2.98
133869,2.88,2.87,3.07,2.8,3.22
133885,3.04,2.5,3.41,2.58,3.87
133886,1.17,3.98,4.04,3.35,2.29
133896,3.51,2.02,2.29,2.14,3.97
133906,2.91,3.39,3.11,3.21,2.8
133952,2.77,2.78,3.11,2.7,3.36
133978,2.91,3.33,3.74,3.84,2.43
133996,2.87,3.51,3.77,3.63,2.62
134044,3.12,3.06,2.93,3.2,2.74
134112,3.3,2.55,3.8,3.35,3.38
134123,3.15,3.33,3.38,3.63,2.64
134125,2.46,2.54,2.91,2.27,3.67
134145,3.15,3.14,3.15,3.32,2.78
134153,3.07,3.21,3.15,3.17,2.92
134155,3.68,2.08,2.71,2.19,4.31
134174,2.25,3.4,4.23,3.79,2.58
134211,3.89,2.81,3.18,3.56,2.99
134231,5.0,1.0,1.0,1.0,5.0
134265,4.93,1.0,1.0,1.12,4.84
134343,3.32,3.28,2.94,3.19,2.82
134370,2.72,3.19,2.73,2.93,2.57
134378,2.77,2.92,3.09,2.7,3.33
134386,3.38,2.58,3.33,3.4,3.13
134422,3.67,2.69,2.39,3.31,2.72
134445,3.34,2.45,3.12,2.67,3.75
134451,2.93,2.9,3.03,2.88,3.12
134461,2.95,2.98,3.0,3.09,2.93
134494,4.29,1.97,2.49,2.53,3.89
134523,4.23,2.17,2.32,2.45,3.74
134534,3.53,2.65,1.65,1.88,3.42
134555,2.69,4.18,3.29,4.0,1.73
134572,3.4,2.74,3.02,3.1,3.23
134599,3.18,3.14,3.19,3.49,2.6
134612,1.91,3.72,3.66,3.25,2.45
134623,2.09,4.5,4.78,4.63,1.51
134630,2.69,3.36,3.19,3.19,2.56
134632,3.16,3.12,2.87,2.95,2.99
134644,4.48,1.38,1.44,1.54,4.54
134653,2.5,3.65,3.73,3.74,2.45
134714,1.85,3.26,3.09,2.52,2.95
134715,3.37,2.98,2.62,2.49,3.36
134740,1.88,3.49,2.82,2.75,2.4
134808,2.89,2.99,3.11,3.07,2.97
134811,3.05,2.88,2.49,2.88,2.92
134813,2.01,3.73,4.13,3.65,2.32
134815,3.25,2.75,2.7,2.91,3.09
134859,3.39,2.2,2.31,2.01,4.07
134860,3.39,3.4,3.85,4.19,2.54
134864,2.18,2.76,3.76,3.0,3.11
134869,2.67,2.61,3.47,2.35,4.02
134896,2.54,4.26,3.75,4.04,1.8
134921,3.17,2.59,2.55,2.57,3.34
135006,3.78,2.27,2.27,2.63,3.51
135013,3.34,2.65,2.86,3.11,3.13
135018,3.25,2.43,3.06,3.05,3.29
135020,2.2,3.14,3.68,3.16,2.83
135022,1.88,3.54,3.06,2.79,2.51
135063,2.56,2.99,3.09,2.82,3.07
135086,2.08,3.22,3.96,3.36,2.73
135097,3.85,2.54,2.43,2.85,3.26
135106,1.06,4.14,4.34,3.81,1.89
135134,2.71,2.78,2.48,1.89,3.65
135144,3.25,2.85,3.04,3.21,3.01
135146,3.56,3.01,2.73,3.34,2.71
135212,2.41,2.95,2.23,2.54,2.71
135221,3.6,3.23,2.79,2.85,3.04
135222,3.37,2.53,2.66,2.78,3.42
135232,2.92,2.75,3.07,3.0,3.18
135241,1.53,3.97,4.48,3.45,2.4
135243,3.77,2.24,2.59,2.55,3.78
135261,2.98,3.6,2.43,2.86,2.52
135267,3.0,2.47,2.61,2.65,3.27
135339,2.39,3.7,2.77,2.67,2.58
135350,3.03,2.97,2.86,2.9,3.07
135352,2.26,3.3,3.05,3.04,2.59
135362,1.0,4.39,3.98,3.45,1.82
135378,2.62,3.36,2.41,2.68,2.53
135387,2.69,4.33,3.39,3.84,1.89
135402,3.26,3.03,2.53,2.75,3.01
135444,2.98,2.08,2.59,1.84,4.37
135449,2.77,3.38,3.15,3.16,2.68
135473,3.04,2.63,2.88,2.7,3.41
135493,2.51,2.54,2.64,2.38,3.31
135499,2.93,2.73,2.85,2.81,3.19
135569,3.22,3.8,3.2,3.96,1.91
135581,2.46,3.31,3.12,2.95,2.82
135604,2.64,3.24,3.24,3.16,2.79
135607,2.02,4.26,4.77,5.0,1.5
135608,2.72,2.64,3.15,2.5,3.73
135633,2.71,3.39,3.21,3.44,2.36
135641,2.38,3.07,3.02,2.78,2.99
135657,3.37,2.99,2.03,2.63,2.82
135661,2.63,2.95,3.1,3.01,2.99
135684,4.48,2.41,3.21,3.27,3.58
135689,3.07,2.57,2.88,2.63,3.46
135718,2.9,2.36,3.27,3.38,3.13
135738,1.97,4.51,4.36,4.56,1.54
135761,4.1,2.05,2.97,2.75,4.08
135769,3.98,2.6,2.9,3.18,3.25
135792,3.64,2.66,2.24,2.73,3.09
135816,1.48,4.39,3.75,3.72,1.68
135866,2.68,3.71,3.58,3.79,2.16
135905,2.72,3.37,3.37,3.52,2.5
135949,2.61,2.73,2.55,2.19,3.42
135980,2.55,3.84,3.62,4.12,1.95
136062,2.97,3.41,2.88,3.18,2.68
136077,2.49,3.91,3.73,3.93,2.06
136080,3.56,2.11,2.28,2.12,3.95
136103,3.28,3.55,3.44,3.74,2.41
136156,3.62,3.18,3.17,3.71,2.65
136176,3.13,2.51,2.54,2.57,3.3
136181,3.05,3.22,2.47,2.65,2.93
136184,3.77,1.91,1.64,1.96,3.82
136206,1.88,4.56,4.18,4.1,1.78
136212,3.44,2.72,2.05,2.62,2.98
136229,3.09,2.83,2.77,2.86,3.09
136237,2.87,3.14,3.25,3.17,2.81
136250,2.4,3.42,3.59,3.17,2.87
136284,3.04,3.21,3.05,2.87,3.05
136360,3.25,2.77,2.24,2.67,3.07
136365,2.63,3.08,3.04,2.9,2.95
136371,4.02,3.23,3.46,4.05,2.59
136399,2.14,3.49,3.23,2.79,2.83
136400,1.81,3.85,3.87,2.65,3.07
136403,3.59,2.23,2.56,2.43,3.88
136423,1.6,3.01,2.05,1.47,3.14
136493,3.07,2.66,2.91,3.0,3.2
136509,1.0,4.37,2.71,2.39,1.76
136525,3.13,3.02,2.42,2.61,3.09
136526,3.28,3.29,2.65,3.14,2.62
136571,3.05,3.55,3.26,3.35,2.56
136572,2.32,3.73,3.62,3.26,2.61
136603,2.96,2.82,2.82,2.95,3.03
136605,3.03,3.58,3.33,3.53,2.48
136674,2.77,3.18,3.26,3.16,2.77
136675,2.62,3.06,2.47,2.45,3.01
136681,2.69,3.27,2.76,2.84,2.66
136685,2.62,3.58,3.35,3.56,2.37
136723,1.44,2.89,4.72,3.99,2.56
136739,4.19,2.44,3.66,3.92,3.21
136742,2.35,3.37,2.44,2.45,2.85
136772,2.43,3.19,2.98,2.19,3.52
136793,2.24,4.4,4.09,4.42,1.46
136798,2.23,2.4,2.13,1.58,3.81
136802,3.79,2.9,3.08,3.69,2.76
136814,4.02,2.34,1.66,1.91,3.8
136864,3.48,2.93,3.55,3.81,2.74
136866,2.57,3.49,3.94,3.24,2.99
136874,2.65,2.9,2.8,2.54,3.31
136882,3.7,2.71,3.03,3.1,3.29
136891,2.67,2.65,3.52,2.6,3.79
136894,3.62,2.88,3.15,3.44,2.94
136912,3.14,3.6,3.67,3.94,2.26
136916,3.55,3.29,2.9,3.09,2.83
136937,3.22,2.65,2.76,2.77,3.29
136955,2.74,3.25,3.13,2.95,2.93
136964,2.93,2.93,2.92,2.7,3.25
136966,3.05,3.59,3.53,3.75,2.4
136980,1.41,3.72,2.41,2.15,2.55
136998,3.53,2.39,3.02,3.01,3.54
137003,3.56,2.57,2.99,3.52,2.94
137011,2.92,3.4,3.21,3.47,2.55
137016,3.16,2.17,2.88,2.51,3.8
137041,2.45,2.48,3.58,3.2,3.05
137043,1.63,4.22,4.13,4.11,1.83
137047,2.58,3.54,2.75,2.87,2.6
137092,3.12,2.51,2.61,2.43,3.59
137099,3.36,1.65,2.76,2.66,3.76
137103,3.06,2.68,3.17,2.95,3.18
137128,3.92,2.29,1.85,2.27,3.68
137132,2.75,2.94,3.38,3.18,3.11
137182,3.26,3.26,3.18,3.42,2.8
137200,3.89,3.12,3.82,3.44,3.27
137273,2.88,2.79,2.61,2.52,3.26
137305,2.81,3.1,2.49,2.85,2.73
137310,3.67,4.08,3.72,4.35,1.99
137370,2.79,2.78,3.01,2.28,3.84
137433,2.91,2.64,2.79,2.64,3.3
137449,3.6,2.99,2.75,3.13,3.05
137461,3.14,2.78,3.58,3.32,3.13
137494,1.79,4.23,4.15,4.04,1.87
137529,3.39,3.17,2.91,3.6,2.42
137545,1.72,3.98,4.43,3.94,2.18
137551,4.47,2.41,2.15,2.44,3.8
137561,4.52,1.64,1.22,1.6,4.13
137609,2.04,3.46,3.3,3.14,2.53
137656,3.76,2.7,2.42,2.35,3.55
137676,4.16,2.22,2.9,2.97,3.79
137689,2.73,3.08,3.53,3.14,3.03
137717,3.67,2.59,2.25,2.39,3.53
137740,4.3,1.71,1.89,2.23,4.09
137793,3.44,1.83,2.61,2.36,4.0
137800,2.98,3.05,3.24,2.99,3.07
137801,3.0,2.67,2.85,2.47,3.57
137851,3.21,2.87,2.91,2.79,3.31
137858,3.53,2.88,3.39,3.68,2.94
137869,3.28,2.63,3.23,3.15,3.29
137887,2.69,3.29,3.02,2.95,2.77
137904,3.29,2.41,1.81,2.06,3.35
137943,2.24,4.24,4.72,4.56,1.83
137958,3.08,2.95,2.96,2.77,3.25
137967,2.74,4.35,4.03,4.27,1.74
137971,3.64,1.71,1.38,1.23,4.35
137974,3.56,2.6,2.78,3.07,3.12
138002,3.09,2.99,2.89,2.97,2.98
138010,3.72,2.2,2.05,2.27,3.75
138018,3.56,2.49,2.45,2.31,3.69
138063,2.97,2.88,3.16,2.84,3.25
138077,4.1,1.63,2.22,1.83,4.59
138081,2.17,3.63,2.46,2.64,2.58
138082,3.05,2.66,3.21,2.9,3.44
138101,1.95,3.76,3.73,3.59,2.24
138103,4.43,1.0,2.04,1.36,5.0
138120,3.38,3.08,2.96,2.8,3.28
138161,2.83,3.24,3.84,3.4,3.08
138189,2.73,3.13,3.48,3.28,2.84
138230,2.89,2.87,2.41,2.4,3.16
138241,3.03,3.2,3.39,3.59,2.62
138252,3.4,2.29,2.17,1.95,3.78
138259,3.0,3.19,2.7,2.83,2.96
138307,4.08,2.33,2.14,2.03,4.06
138376,1.56,4.2,2.81,3.12,1.51
138447,3.38,2.12,2.42,2.42,3.6
138499,2.26,3.15,2.75,1.97,3.45
138543,1.87,3.14,3.72,3.0,2.94
138548,3.54,2.39,2.76,2.73,3.59
138606,3.29,2.18,2.35,2.31,3.64
138630,3.44,2.92,2.68,2.98,3.03
138633,2.46,3.54,3.0,3.4,2.15
138639,3.31,3.6,3.56,3.91,2.43
138648,3.09,3.17,4.98,3.69,3.52
138654,2.96,2.92,2.67,2.75,3.15
138691,1.0,3.91,4.19,3.22,2.28
138708,3.61,2.64,3.22,3.26,3.27
138711,3.54,2.53,2.66,2.78,3.42
138734,2.2,2.81,3.66,2.88,3.42
138751,3.98,2.32,2.94,2.43,4.11
138808,2.58,3.12,2.83,2.8,2.87
138854,3.07,2.54,2.23,2.28,3.37
138939,2.89,3.16,3.12,3.1,2.86
138943,1.61,3.77,4.24,3.65,2.18
138973,2.68,3.34,2.89,3.03,2.66
138991,3.23,2.8,2.91,2.72,3.41
139010,1.87,3.68,4.06,3.13,2.84
139011,1.89,3.16,2.72,2.57,2.74
139026,2.57,2.89,2.72,2.27,3.45
139027,1.88,4.07,3.1,3.48,1.64
139041,2.28,3.79,3.28,3.19,2.4
139049,3.01,2.72,2.39,2.62,3.08
139071,2.03,3.73,4.06,3.62,2.43
139132,2.47,3.16,2.84,3.03,2.68
139142,2.92,3.68,3.22,3.24,2.7
139164,2.45,4.71,3.79,3.74,1.72
139183,2.88,3.62,3.16,3.07,2.88
139207,2.86,3.11,3.12,3.1,2.91
139208,3.16,3.06,3.1,2.84,3.22
139209,4.97,2.29,2.22,2.62,3.98
139238,2.64,3.13,3.59,3.39,2.83
139292,3.22,2.87,2.42,2.45,3.28
139301,2.55,2.89,3.57,3.2,3.06
139319,3.01,3.08,3.08,3.09,2.85
139338,4.04,2.4,2.85,3.12,3.33
139357,2.81,2.83,2.98,3.0,2.98
139428,2.39,3.64,3.44,3.2,2.66
139439,2.14,3.4,2.96,2.65,2.85
139440,3.48,2.14,2.58,2.57,3.69
139451,3.63,2.76,2.9,2.94,3.31
139460,2.8,3.0,2.91,2.82,3.03
139475,2.9,2.76,2.86,2.96,2.98
139485,2.12,3.53,4.1,3.07,3.08
139527,3.41,2.69,3.36,3.19,3.55
139538,2.93,2.98,2.85,2.89,3.0
139544,3.23,3.17,2.31,2.9,2.64
139556,1.96,2.71,3.47,2.21,3.88
139567,3.59,2.13,1.94,2.27,3.55
139639,2.92,2.75,2.8,2.64,3.26
139642,3.55,2.24,1.62,2.35,3.4
139645,3.4,2.83,2.72,3.05,3.03
139671,3.04,3.25,3.19,3.3,2.7
139674,3.5,2.56,2.59,2.3,3.68
139690,3.21,3.07,2.7,3.05,2.92
139743,4.67,1.86,1.13,1.78,4.06
139763,2.35,3.86,3.52,3.15,2.53
139771,2.59,3.4,4.23,3.86,2.89
139775,2.38,3.49,3.3,3.13,2.67
139777,3.27,3.03,2.93,3.14,2.79
139803,3.04,2.29,2.68,2.41,3.62
139820,3.31,2.67,2.72,2.69,3.27
139848,2.73,2.92,2.81,2.76,3.01
139873,3.36,2.59,2.88,2.94,3.26
139876,3.19,2.43,3.03,2.71,3.65
139890,3.59,3.05,2.64,3.14,2.71
139894,2.36,3.22,2.76,2.81,2.69
139982,3.04,3.2,2.6,2.77,2.95
140024,1.47,4.42,4.76,4.72,1.23
140036,4.15,3.1,3.0,3.84,2.55
140039,4.29,3.24,3.66,4.16,2.75
140107,4.34,1.46,2.17,2.08,4.54
140120,3.14,2.78,2.02,1.88,3.6
140146,2.76,3.21,3.18,2.99,2.96
140170,1.88,4.35,4.43,4.42,1.7
140179,2.68,3.34,3.35,3.4,2.6
140199,2.61,3.37,2.52,2.94,2.47
140222,3.61,2.53,3.04,3.55,2.89
140226,3.17,3.23,2.95,3.01,2.92
140233,2.45,3.74,2.95,3.38,2.0
140273,3.13,2.98,2.99,2.89,3.2
140310,3.54,2.54,3.45,3.15,3.61
140335,3.18,3.45,2.58,3.04,2.7
140339,2.34,4.0,3.47,3.73,1.95
140359,3.07,2.52,2.81,2.72,3.39
140370,2.7,3.56,3.41,3.35,2.64
140371,2.88,2.94,2.89,2.74,3.1
140419,2.64,3.05,2.92,2.95,2.88
140426,3.16,2.29,3.23,2.77,3.71
140427,2.03,4.56,2.8,4.08,1.25
140454,3.84,2.14,3.94,4.02,3.16
140460,3.59,2.6,2.48,2.33,3.72
140465,2.62,4.51,4.93,4.94,1.55
140520,2.83,3.6,3.98,3.63,2.8
140540,3.93,1.9,1.74,1.68,4.27
140550,3.61,3.31,2.36,3.14,2.55
140609,1.95,3.69,4.07,3.55,2.5
140634,4.18,2.31,1.9,2.86,3.08
140637,2.78,3.48,3.58,4.02,2.08
140670,2.1,4.1,4.01,3.77,2.16
140685,4.36,2.87,2.82,3.45,3.02
140716,3.54,2.75,3.53,3.57,3.09
140773,2.25,3.64,4.6,3.99,2.64
140778,2.53,3.42,3.19,3.25,2.56
140811,2.85,3.8,3.25,3.81,2.01
140816,2.47,3.36,2.93,3.03,2.56
140819,1.74,3.71,4.54,3.69,2.51
140832,2.81,2.79,2.73,2.46,3.36
140859,3.06,3.46,3.4,3.6,2.62
140890,4.13,2.44,2.66,2.83,3.53
140892,3.16,3.35,2.65,3.34,2.38
140895,2.22,3.79,3.47,3.35,2.29
140914,4.19,1.88,2.14,2.6,3.69
140919,2.71,3.13,3.35,3.05,2.96
140925,2.71,3.0,1.97,2.14,3.05
140956,3.54,2.38,2.57,2.52,3.66
140982,1.65,4.94,4.42,4.88,1.0
140992,2.47,3.29,2.86,2.84,2.69
140998,2.61,3.27,2.95,2.97,2.7
141020,3.38,2.81,2.28,2.27,3.53
141040,4.24,2.57,1.59,2.3,3.34
141063,2.13,3.19,3.68,3.26,2.88
141084,3.36,2.87,2.43,2.94,2.89
141103,2.91,2.9,2.74,2.44,3.4
141136,3.47,2.89,2.88,3.03,3.1
141150,3.11,3.88,3.54,4.19,1.89
141206,2.43,3.54,2.8,2.9,2.52
141230,2.6,3.3,3.2,2.96,2.95
141261,2.71,2.51,2.85,2.51,3.48
141318,3.42,3.33,2.6,3.08,2.72
141349,2.65,3.43,3.2,3.35,2.44
141419,2.89,2.47,2.82,2.38,3.7
141439,2.17,4.02,3.7,4.22,1.57
141452,3.06,2.97,2.85,2.96,2.99
141456,1.78,3.37,3.33,3.07,2.78
141460,4.55,1.11,1.0,1.12,4.68
141474,3.11,2.79,3.18,3.14,3.05
141477,3.04,2.62,2.62,2.66,3.27
141507,3.66,2.96,4.69,3.65,3.73
141517,2.76,2.81,2.85,2.82,3.1
141525,3.28,2.71,2.6,2.94,3.09
141530,3.26,2.54,2.53,2.43,3.54
141600,3.86,3.15,3.58,3.83,2.83
141614,2.35,3.13,3.24,2.96,2.85
141628,2.81,3.78,2.03,3.55,1.8
141630,3.16,2.55,2.47,2.44,3.47
141653,3.14,2.83,4.02,4.58,2.37
141675,3.12,3.54,5.0,4.68,2.69
141707,2.99,3.36,2.15,2.68,2.58
141749,2.1,3.36,2.64,2.36,2.87
141761,4.02,2.4,3.09,3.73,3.02
141765,3.31,2.16,3.42,2.9,3.86
141781,3.39,2.81,2.48,2.7,3.16
141798,2.78,2.63,2.43,2.1,3.56
141833,3.04,3.14,2.82,2.65,3.22
141843,4.1,2.46,2.45,3.07,3.3
141845,3.58,2.66,2.64,2.78,3.32
141848,4.21,2.68,2.78,3.65,2.84
141853,2.09,3.85,3.06,3.26,2.13
141876,3.91,3.1,3.06,2.74,3.63
141898,1.0,5.0,3.55,4.43,1.0
141908,2.53,3.75,2.51,2.93,2.14
141911,3.07,2.88,3.68,2.85,3.6
141914,2.89,3.06,3.27,3.12,3.06
141934,2.78,3.6,3.73,4.08,2.07
141949,3.8,3.09,4.7,4.62,2.66
141957,3.13,3.06,2.85,3.33,2.55
141958,3.05,2.99,2.77,2.64,3.24
141962,3.2,2.14,2.74,2.23,4.05
141969,3.25,2.62,2.31,2.47,3.33
141996,2.13,2.97,2.97,2.64,2.91
141998,2.16,2.95,3.4,2.99,2.86
142010,2.9,2.98,2.97,2.83,3.12
142049,3.0,4.09,3.93,4.19,1.93
142074,3.16,3.02,2.87,3.18,2.79
142076,2.59,3.33,3.49,3.45,2.63
142077,2.64,3.07,2.91,2.53,3.21
142081,2.36,3.26,2.6,2.68,2.66
142082,3.0,3.13,2.8,2.88,2.92
142086,3.55,3.04,3.07,3.72,2.51
142103,3.45,2.18,2.63,2.78,3.43
142150,3.27,3.2,3.44,3.83,2.57
142170,3.81,2.16,3.57,2.63,4.44
142176,3.02,3.4,3.35,3.41,2.76
142232,4.65,4.46,2.7,3.88,1.82
142256,3.31,2.97,3.07,3.46,2.72
142269,3.65,3.77,2.96,4.01,2.05
142270,3.06,2.56,1.95,1.95,3.5
142276,3.34,2.53,2.46,2.43,3.54
142334,3.03,2.7,2.52,2.22,3.72
142341,2.89,2.59,2.8,2.36,3.68
142356,3.86,1.19,1.95,1.61,4.74
142389,4.04,2.62,2.84,2.86,3.81
142429,3.27,2.93,2.65,2.62,3.04
142442,2.13,3.5,2.51,2.66,2.4
142469,4.39,2.98,2.5,3.64,2.67
142475,3.03,2.36,2.99,2.74,3.54
142490,1.99,3.29,3.97,3.34,2.84
142537,3.44,2.85,2.7,2.92,3.08
142539,3.22,3.01,3.56,3.23,3.21
142570,2.21,3.64,3.96,3.54,2.6
142571,3.02,2.88,2.83,2.98,3.06
142594,3.11,2.41,2.1,2.34,3.24
142712,1.75,4.53,3.7,3.46,1.77
142718,3.08,2.54,2.76,2.57,3.46
142733,2.6,3.58,3.13,3.59,2.05
142737,2.81,3.49,3.36,3.41,2.75
142778,2.52,2.81,3.34,2.97,3.09
142782,2.78,3.3,2.28,2.74,2.51
142811,4.3,3.0,3.0,3.82,2.72
142846,3.51,2.57,2.75,2.72,3.54
142857,2.56,3.1,2.89,2.75,2.98
142879,2.34,2.63,2.15,1.75,3.54
142880,2.33,4.97,4.6,5.0,1.0
142913,2.45,3.62,3.37,3.53,2.28
142934,2.54,3.41,3.07,3.08,2.6
142951,2.36,3.49,3.44,3.22,2.72
143010,3.02,2.84,2.39,2.58,3.05
143015,2.86,2.85,2.68,2.64,3.1
143020,2.34,3.39,3.35,3.3,2.53
143051,3.65,2.64,3.04,3.21,3.21
143057,4.5,2.61,3.15,2.41,4.5
143065,4.17,2.08,2.3,2.25,4.15
143066,4.64,1.0,1.06,1.43,4.65
143078,1.55,4.62,4.07,4.17,1.45
143151,2.82,2.31,2.52,2.49,3.54
143155,1.71,3.01,2.79,1.88,3.5
143169,3.07,2.77,2.73,2.43,3.61
143227,4.03,3.44,3.49,4.3,2.33
143236,3.13,3.09,2.95,2.72,3.32
143239,3.36,2.25,2.62,2.12,4.01
143300,2.79,2.65,3.12,2.64,3.49
143308,3.28,2.82,2.5,2.78,3.04
143315,2.56,2.71,2.57,1.75,3.79
143342,4.6,2.74,2.48,2.76,3.53
143368,2.72,3.49,3.38,3.67,2.22
143377,4.43,2.77,2.04,2.93,3.13
143412,4.31,1.41,2.85,3.2,3.9
143420,3.22,2.66,2.38,2.49,3.37
143436,3.28,3.1,2.84,3.19,2.81
143466,2.76,3.0,2.87,2.85,3.01
143482,5.0,1.0,1.0,1.0,5.0
143489,3.73,2.59,2.58,2.99,3.11
143504,3.81,1.44,2.33,2.15,4.31
143515,2.84,4.83,4.93,5.0,1.07
143521,2.92,3.38,3.23,3.23,2.71
143522,2.82,3.55,3.47,3.5,2.55
143525,4.15,2.08,1.63,1.84,4.07
143526,2.57,3.37,3.46,3.38,2.63
143540,3.39,2.77,2.79,2.46,3.59
143601,2.86,3.78,3.44,3.4,2.6
143615,3.18,2.3,2.34,2.16,3.7
143618,3.45,2.54,2.6,2.76,3.33
143700,3.08,2.61,2.75,2.7,3.3
143749,3.36,2.51,2.4,2.48,3.33
143759,4.44,2.93,2.84,3.63,2.84
143765,3.46,2.03,2.75,2.6,3.77
143767,1.6,5.0,3.98,4.87,1.0
143786,2.98,5.0,4.17,5.0,1.0
143817,2.44,3.34,3.41,3.31,2.59
143820,4.49,2.58,2.95,3.6,3.02
143907,3.41,2.64,2.39,2.4,3.48
143910,2.53,2.68,2.87,2.3,3.62
143911,2.53,2.81,2.7,2.37,3.26
143918,3.98,1.37,1.66,1.66,4.35
143935,2.74,3.06,3.21,2.96,3.04
143940,2.64,2.9,5.0,5.0,2.57
143990,3.03,2.45,2.99,3.0,3.25
143994,2.79,3.17,3.05,3.15,2.74
143998,1.66,3.23,2.51,2.16,2.86
144003,3.02,2.89,2.87,2.96,3.04
144012,2.71,2.96,2.89,2.89,2.89
144025,3.22,2.62,2.7,2.59,3.46
144078,3.06,3.01,2.35,2.88,2.85
144088,3.29,2.7,2.46,2.48,3.52
144100,2.85,3.74,4.86,4.71,2.14
144141,3.19,2.72,2.38,2.37,3.41
144142,3.52,2.31,2.4,2.31,3.71
144172,2.71,3.16,4.16,4.1,2.61
144194,2.96,3.04,3.27,3.16,3.06
144203,2.13,3.78,3.72,3.68,2.29
144217,2.12,2.76,2.51,2.32,3.17
144229,2.28,3.5,2.97,3.09,2.31
144273,3.39,2.67,2.65,2.61,3.45
144317,2.67,3.51,3.22,3.54,2.21
144354,2.99,2.63,2.48,2.13,3.62
144361,3.33,2.88,2.71,2.99,2.91
144362,3.64,2.75,2.82,3.09,3.23
144370,3.82,1.75,2.58,2.35,4.2
144380,2.43,4.17,4.03,3.99,2.0
144382,3.41,2.67,3.03,2.81,3.49
144463,3.48,2.93,2.59,2.91,3.06
144464,3.21,2.79,2.67,2.87,3.0
144477,3.33,2.42,2.48,2.45,3.6
144485,3.88,2.29,3.87,3.64,3.57
144516,2.97,2.76,3.12,3.37,2.9
144546,2.29,3.97,2.87,3.39,1.9
144557,3.22,3.9,3.0,3.64,2.15
144558,3.91,3.15,2.69,2.94,3.12
144573,2.09,2.91,2.54,1.98,3.4
144601,2.75,3.53,3.21,3.65,2.15
144602,3.32,2.23,2.86,2.01,4.43
144633,3.05,2.5,2.91,2.53,3.61
144642,3.59,2.58,3.1,3.42,3.19
144659,1.51,4.53,4.15,4.12,1.54
144663,5.0,1.65,1.87,1.91,4.69
144703,3.55,1.63,2.83,2.38,4.34
144706,3.46,5.0,3.87,4.08,1.57
144778,2.59,3.27,2.91,3.13,2.51
144786,3.2,1.72,2.11,1.57,4.38
144790,2.99,2.75,2.98,2.64,3.38
144836,2.69,3.21,3.29,3.17,2.81
144888,3.33,2.4,3.1,2.77,3.6
144889,2.77,2.52,3.23,2.6,3.64
144899,4.96,1.0,1.0,1.0,5.0
145009,3.3,3.6,3.58,3.86,2.54
145010,3.09,3.24,3.96,3.9,2.67
145072,2.27,3.32,3.95,3.11,3.05
145087,2.17,4.31,3.1,3.72,1.56
145088,2.86,3.23,3.09,3.3,2.56
145120,2.63,2.8,2.66,2.75,2.92
145122,3.18,2.23,2.87,2.46,3.73
145130,1.67,4.23,4.24,3.93,1.99
145168,2.86,4.67,3.79,3.81,1.96
145200,3.25,3.36,2.34,3.06,2.44
145208,3.57,3.14,2.38,2.9,2.81
145226,2.1,3.06,3.97,3.1,3.1
145238,2.89,3.02,2.91,2.68,3.21
145248,3.16,2.53,3.42,2.77,3.87
145262,2.36,3.01,3.61,3.11,2.91
145271,2.9,2.94,1.83,1.91,3.39
145278,3.08,3.13,3.14,3.05,3.02
145281,1.97,4.19,4.19,4.18,1.89
145282,3.02,3.82,2.86,3.38,2.21
145285,3.27,2.73,2.53,2.7,3.19
145315,2.32,3.05,2.74,2.76,2.78
145324,3.46,2.58,2.46,2.7,3.19
145344,1.88,3.26,3.96,3.87,2.13
145349,3.81,2.3,2.69,2.98,3.55
145354,2.13,4.12,3.49,3.51,2.1
145356,2.18,3.76,4.72,4.0,2.55
145357,3.2,2.84,3.04,3.06,3.12
145359,3.08,3.2,5.0,5.0,2.5
145419,1.66,4.18,3.71,3.64,1.77
145457,2.67,3.11,3.39,3.27,2.8
145498,2.5,3.62,3.61,3.85,2.2
145552,2.58,2.9,3.15,2.62,3.43
145609,1.86,3.65,3.42,2.89,2.65
145639,3.38,2.88,2.7,3.05,2.97
145683,2.93,2.9,3.47,3.26,3.02
145690,3.05,3.45,3.0,3.56,2.28
145702,3.38,1.87,2.65,2.3,4.1
145730,4.23,3.3,3.86,4.2,2.62
145774,1.83,4.46,3.7,4.02,1.36
145784,3.25,2.52,2.74,2.46,3.75
145788,2.93,3.13,3.28,3.51,2.51
145802,3.19,2.73,2.13,2.27,3.42
145853,2.6,3.17,3.29,2.79,3.02
145871,3.01,3.6,3.14,3.54,2.26
145911,3.12,3.02,2.98,2.99,3.0
145938,1.84,3.36,3.1,2.15,3.21
145942,4.3,3.01,2.61,2.93,3.26
145946,3.2,3.64,3.39,3.5,2.59
145981,3.54,2.75,3.23,3.41,3.03
146012,2.93,2.82,2.65,2.8,2.99
146043,3.45,3.15,2.99,3.41,2.7
146051,2.97,3.27,2.63,2.49,3.2
146067,3.6,4.0,2.51,4.29,1.52
146100,2.96,2.9,2.86,2.77,3.16
146148,4.23,2.72,2.68,2.6,3.72
146161,3.09,2.98,3.11,2.92,3.2
146179,2.01,3.65,2.85,2.73,2.62
146186,4.56,2.41,2.88,3.53,3.24
146203,3.26,2.96,2.77,2.94,3.04
146262,2.58,3.33,3.31,3.17,2.71
146288,2.91,2.55,3.0,2.77,3.28
146307,2.38,2.72,2.4,2.13,3.25
146329,3.12,3.67,3.43,4.03,2.01
146360,4.14,2.58,3.29,3.58,3.25
146398,2.59,4.11,4.99,5.0,1.77
146413,3.01,2.77,2.84,2.73,3.25
146435,2.9,2.84,2.73,2.5,3.35
146454,1.21,3.62,3.89,2.82,2.89
146469,3.19,3.17,2.54,3.02,2.61
146476,1.72,3.76,3.16,2.95,2.52
146530,4.33,3.04,3.39,4.12,2.7
146561,3.11,2.72,2.43,2.23,3.68
146574,1.99,4.21,4.34,4.24,1.96
146619,1.89,3.6,3.63,2.68,3.12
146663,3.15,2.58,2.65,2.6,3.44
146703,3.24,2.91,3.28,3.2,3.12
146709,2.34,3.59,3.42,3.33,2.47
146773,2.31,2.11,2.76,2.18,3.88
146823,3.09,2.2,2.79,2.44,3.72
146836,2.88,2.96,2.74,2.6,3.16
146839,2.09,3.31,2.74,2.63,2.67
146852,2.88,2.81,3.34,3.08,3.12
146875,2.73,2.92,2.77,2.72,3.03
146885,3.59,2.61,2.41,2.11,3.86
146898,2.41,3.9,3.41,3.48,2.32
146909,5.0,1.0,1.41,1.39,5.0
146921,4.15,1.87,1.91,2.23,3.9
146952,3.44,2.99,3.94,3.48,3.43
146962,2.12,3.91,3.98,3.47,2.61
147050,3.13,2.58,2.39,2.46,3.32
147100,3.27,1.85,2.03,2.13,3.87
147159,3.21,2.94,3.15,3.45,2.69
147177,2.02,2.75,2.3,1.73,3.52
147187,2.65,3.88,3.66,3.33,2.62
147201,2.84,2.88,2.99,2.95,3.02
147208,3.32,3.37,2.9,3.34,2.8
147211,5.0,1.0,1.0,1.0,5.0
147218,1.86,4.53,4.05,4.48,1.23
147236,2.61,2.22,2.53,1.62,4.17
147268,2.71,4.33,5.0,5.0,1.29
147280,3.83,2.83,2.38,2.78,3.16
147289,2.18,3.53,2.72,3.2,2.15
147303,3.19,3.63,3.26,3.91,2.11
147320,2.9,3.15,3.04,3.43,2.48
147339,3.95,1.53,1.71,2.05,4.05
147376,2.54,3.49,3.22,3.28,2.55
147402,2.93,3.13,3.18,3.34,2.78
147404,2.69,3.46,3.91,4.24,2.03
147428,3.1,2.23,1.82,1.55,4.06
147437,3.73,2.77,2.83,3.09,3.18
147445,3.08,2.01,3.24,3.13,3.3
147456,2.31,3.31,3.92,3.68,2.36
147464,3.01,2.6,2.42,2.54,3.25
147516,3.64,2.52,3.45,3.4,3.39
147521,3.13,2.53,2.65,2.65,3.34
147539,3.21,3.2,3.3,3.37,2.81
147543,2.14,4.74,3.81,3.97,1.47
147548,3.43,3.3,3.05,3.26,2.83
147570,3.21,3.15,2.94,3.16,2.86
147587,3.73,3.01,2.14,3.12,2.69
147602,3.77,3.06,3.86,3.86,2.94
147640,2.04,3.27,2.43,2.27,2.81
147689,4.23,1.93,1.81,2.45,3.77
147692,4.23,2.95,3.36,3.13,3.52
147701,2.07,3.4,2.77,2.88,2.38
147739,2.26,3.29,3.21,2.94,2.76
147761,3.31,3.32,2.56,3.18,2.54
147792,2.0,3.18,3.05,2.69,2.9
147806,5.0,1.0,1.45,1.33,5.0
147861,3.29,3.75,3.32,3.58,2.26
147864,4.21,1.85,2.01,2.38,4.05
147877,3.05,3.23,2.82,3.34,2.44
147881,2.2,3.42,2.84,2.76,2.71
147887,2.75,3.9,3.41,3.54,2.3
147926,2.33,3.2,2.25,2.6,2.51
147935,3.26,2.41,2.45,2.69,3.32
147971,2.92,3.15,3.58,3.74,2.46
148009,4.01,2.84,2.81,2.98,3.29
148050,3.82,2.74,3.13,3.2,3.41
148062,2.53,3.11,2.83,2.67,3.02
148076,2.97,2.6,3.06,2.76,3.46
148078,3.35,2.72,3.07,3.09,3.24
148089,3.26,2.29,2.43,2.22,3.77
148114,2.88,3.57,3.24,3.55,2.38
148116,3.97,2.26,2.83,3.1,3.56
148271,3.55,2.74,2.73,2.98,3.18
148282,3.39,3.18,3.1,3.52,2.56
148306,2.91,3.05,3.04,2.89,3.1
148344,4.6,2.22,1.28,1.96,3.69
148351,3.41,3.05,2.83,3.35,2.69
148365,3.91,2.7,3.05,3.07,3.45
148367,3.13,2.57,2.36,2.23,3.53
148408,3.1,2.87,2.66,2.77,3.22
148444,3.76,2.83,2.17,2.66,3.13
148447,3.47,2.84,2.48,3.03,2.99
148464,2.25,3.52,3.76,3.58,2.44
148468,4.22,2.24,2.52,2.91,3.62
148496,3.24,2.78,2.89,3.06,3.07
148499,2.96,3.21,2.91,3.32,2.49
148506,1.61,3.2,4.17,3.2,2.9
148517,2.1,3.2,2.4,2.48,2.69
148521,3.43,2.85,3.01,3.37,2.9
148524,3.67,2.25,2.05,2.35,3.48
148526,2.99,3.34,3.27,3.33,2.75
148533,3.95,2.3,2.93,2.99,3.7
148542,4.22,2.1,2.94,3.11,3.46
148596,3.19,2.18,2.87,2.29,4.12
148627,2.93,3.09,2.64,2.84,2.87
148681,3.01,2.85,3.42,3.33,2.95
148685,2.78,3.03,3.11,2.98,3.04
148736,3.35,2.59,2.68,2.63,3.44
148737,3.09,3.25,3.24,3.72,2.4
148743,3.17,2.51,2.26,2.14,3.6
148747,1.68,3.54,4.61,3.86,2.33
148790,3.86,2.35,2.55,2.54,3.61
148794,2.4,2.53,2.37,1.99,3.61
148817,2.04,3.38,2.68,2.56,2.71
148841,4.2,3.18,2.7,3.75,2.48
148846,2.72,2.25,2.85,2.29,3.86
148852,2.58,3.34,3.72,3.55,2.71
148859,3.51,2.92,3.74,3.52,3.22
148879,2.41,3.5,3.72,3.58,2.51
148899,2.58,3.1,3.25,3.19,2.82
148906,2.62,3.14,3.06,3.27,2.58
148914,2.87,2.86,2.34,2.4,3.18
148978,3.59,2.8,2.87,2.95,3.29
148987,1.65,4.13,4.68,4.35,1.92
149000,2.8,3.0,3.0,2.89,3.11
149012,3.63,2.76,4.27,3.53,3.75
149093,3.49,3.01,3.76,3.75,3.02
149105,3.06,2.52,2.41,2.7,3.05
149109,1.85,4.14,4.43,4.11,2.02
149121,3.25,2.85,2.6,2.77,3.06
149140,2.36,5.0,4.33,4.99,1.0
149158,1.95,3.65,4.46,3.75,2.53
149169,3.4,3.23,2.77,3.34,2.56
149207,3.04,3.12,2.37,2.45,3.13
149213,3.36,2.52,2.45,2.5,3.49
149222,3.82,2.34,3.24,3.36,3.38
149283,3.49,4.55,3.95,4.62,1.59
149297,2.69,3.26,2.86,2.88,2.82
149301,3.15,3.12,2.61,3.05,2.69
149304,3.33,2.47,2.69,2.5,3.67
149308,3.23,3.95,3.6,4.35,1.78
149349,2.13,3.01,2.77,2.61,2.8
149387,2.94,2.7,2.99,2.88,3.21
149389,2.55,3.97,3.33,4.02,1.68
149415,2.66,3.05,2.73,2.58,3.11
149416,2.31,4.55,4.5,4.55,1.64
149424,3.65,3.5,4.74,4.34,2.84
149442,3.37,2.77,2.43,2.59,3.29
149474,2.77,3.32,3.38,3.28,2.76
149489,2.63,3.64,2.7,3.21,2.17
149509,2.62,2.84,3.6,3.06,3.27
149550,2.74,2.89,3.23,2.92,3.21
149584,3.43,2.33,2.57,2.49,3.65
149587,3.04,2.67,2.54,2.66,3.08
149603,2.98,2.93,2.94,2.88,3.03
149626,2.54,3.4,2.46,2.57,2.71
149667,2.98,3.3,3.58,3.96,2.3
149711,3.45,3.36,2.86,2.85,3.01
149715,3.56,2.6,2.57,2.68,3.49
149778,2.71,3.02,3.71,3.45,2.98
149835,4.54,1.35,1.0,1.25,4.43
149862,3.15,2.56,2.72,2.41,3.68
149870,2.86,2.86,2.83,2.86,3.04
149961,3.35,2.85,2.83,3.01,3.06
149979,2.29,3.86,2.56,2.61,2.38
150009,2.3,3.45,2.48,2.58,2.49
150040,3.2,2.95,3.34,3.48,2.86
150051,2.5,3.39,2.92,2.83,2.76
150060,1.77,3.13,2.38,1.96,3.16
150093,3.55,2.56,2.65,2.92,3.31
150126,4.0,1.56,1.43,1.69,4.15
150130,3.01,2.98,2.42,2.47,3.17
150158,2.86,3.05,2.77,2.77,3.02
150190,3.8,2.39,2.3,3.33,2.88
150201,2.83,3.29,2.7,2.9,2.71
150202,2.48,4.17,3.5,3.47,2.19
150249,3.28,2.87,2.48,2.85,3.04
150278,2.44,3.6,3.16,3.4,2.13
150296,2.79,3.79,3.84,4.03,2.25
150304,3.47,2.32,2.95,2.99,3.34
150314,3.16,2.46,2.2,2.2,3.48
150317,2.58,3.01,3.51,3.29,2.86
150355,2.77,3.35,3.51,3.46,2.71
150457,2.59,2.99,3.66,2.89,3.48
150486,2.68,2.53,2.81,2.59,3.3
150500,1.98,3.77,4.13,3.66,2.36
150526,3.5,2.94,3.8,4.1,2.57
150533,3.36,2.31,2.84,2.45,3.87
150538,1.0,3.98,2.55,2.04,2.21
150545,2.04,4.1,3.7,3.6,2.4
150576,2.79,3.49,3.18,3.36,2.5
150609,3.71,2.19,3.0,2.82,3.73
150669,2.86,2.79,2.7,2.59,3.26
150671,3.5,2.91,2.65,2.93,3.02
150743,3.34,3.19,3.3,3.38,2.96
150767,2.81,3.81,3.71,4.09,2.05
150784,2.87,3.29,2.69,2.62,3.03
150785,3.28,3.24,2.87,3.55,2.43
150813,3.0,2.61,3.17,2.81,3.5
150875,3.91,2.38,2.1,2.37,3.68
150898,4.36,2.05,2.35,2.73,3.88
150910,3.36,2.43,2.52,2.64,3.4
150941,1.87,3.79,2.74,2.6,2.38
150994,2.64,2.82,2.47,2.15,3.27
151002,2.52,3.62,3.66,3.63,2.24
151037,2.82,2.52,2.49,2.02,3.71
151078,3.78,2.98,3.63,3.52,3.2
151090,2.82,3.11,3.35,3.29,2.86
151110,3.0,3.52,3.35,3.82,2.25
151112,3.28,2.53,2.07,2.27,3.49
151113,2.68,2.73,2.99,2.67,3.35
151114,2.39,3.21,3.98,3.73,2.6
151236,2.68,3.23,3.07,3.12,2.83
151263,2.88,2.32,2.57,2.07,3.96
151273,2.94,2.68,2.64,2.57,3.31
151284,3.94,2.97,3.11,3.39,3.05
151290,2.75,3.51,2.86,3.4,2.18
151291,2.93,3.02,3.74,3.67,2.71
151302,3.88,2.58,3.2,3.27,3.4
151319,3.0,3.46,3.11,3.37,2.46
151321,3.13,2.95,3.38,3.37,3.0
151499,3.88,2.88,3.13,3.83,2.59
151504,2.9,3.39,3.17,3.48,2.4
151532,3.56,2.27,2.5,2.47,3.62
151574,2.81,3.28,2.54,3.01,2.47
151592,2.16,3.66,3.52,3.4,2.47
151613,3.49,2.69,3.17,3.54,2.83
151620,2.67,3.67,3.33,3.68,2.08
151631,3.1,3.0,2.88,3.01,2.91
151707,2.63,3.45,2.61,2.92,2.4
151734,2.97,2.86,2.99,3.02,2.96
151756,3.55,2.5,2.58,3.13,3.04
151779,2.6,3.11,2.95,2.83,2.99
151800,3.06,2.59,2.61,2.88,3.04
151817,2.72,2.69,2.88,2.76,3.17
151821,2.02,3.39,3.23,3.02,2.52
151843,2.48,2.94,2.48,2.5,2.98
151854,3.02,3.11,3.01,3.07,2.89
151855,3.84,1.55,2.16,1.97,4.25
151885,3.25,2.63,3.35,2.91,3.72
151890,2.96,3.1,3.39,3.74,2.4
151894,2.57,3.34,2.98,2.91,2.85
151904,3.5,2.82,1.75,2.35,3.1
151908,2.0,4.27,3.4,3.76,1.61
151916,2.04,4.22,4.36,4.5,1.64
151934,2.39,3.48,3.29,3.5,2.21
151948,2.5,3.67,4.09,3.23,2.99
152000,2.41,3.24,3.06,2.74,2.96
152026,2.99,2.88,3.01,3.18,2.95
152036,2.62,3.48,2.51,3.24,2.15
152048,3.24,2.41,2.82,3.07,3.12
152080,2.97,3.02,3.19,3.12,3.03
152129,2.76,3.18,3.29,3.28,2.75
152214,1.0,4.03,3.64,3.39,1.73
152220,3.41,3.2,3.21,3.42,2.77
152229,4.14,2.39,2.94,3.63,3.03
152251,2.86,2.88,3.16,3.17,2.99
152253,3.22,3.68,3.74,4.06,2.22
152286,3.34,3.38,2.77,3.0,2.8
152292,1.5,3.8,3.63,3.38,2.23
152297,3.33,3.04,2.96,3.21,2.78
152298,2.95,4.42,5.0,5.0,1.35
152301,5.0,1.0,1.0,1.0,5.0
152331,3.71,2.92,3.18,3.46,2.88
152372,3.2,2.76,3.01,2.79,3.49
152417,3.26,3.46,2.53,3.06,2.59
152446,3.23,3.27,2.84,3.42,2.46
152447,1.71,4.02,2.85,3.36,1.63
152459,2.84,3.31,3.63,3.44,2.84
152477,2.94,3.38,2.8,3.22,2.47
152483,3.8,4.49,4.6,5.0,1.63
152494,2.97,2.64,2.78,2.74,3.27
152519,3.1,3.66,3.75,4.06,2.41
152535,3.15,2.72,2.87,2.95,3.12
152552,2.3,5.0,4.37,5.0,1.0
152600,3.9,1.92,1.97,2.21,3.89
152659,3.51,3.42,3.13,3.62,2.54
152665,5.0,1.0,1.0,1.0,5.0
152697,3.45,3.02,2.38,2.53,3.16
152715,2.18,3.11,3.37,3.12,2.9
152723,2.32,3.53,3.34,3.04,2.69
152725,3.91,1.0,3.05,2.27,4.96
152742,2.1,3.5,3.21,3.19,2.37
152762,3.43,2.41,2.77,2.91,3.37
152782,2.75,2.66,3.07,2.49,3.61
152790,2.56,2.03,2.86,2.11,4.06
152812,4.33,2.25,2.39,2.64,3.8
152832,2.78,2.28,2.89,2.13,4.09
152836,2.93,3.0,2.32,2.7,2.77
152839,2.19,3.43,4.28,3.9,2.33
152850,2.67,2.75,3.02,2.84,3.17
152853,3.2,2.29,2.54,2.43,3.64
152885,2.92,3.25,3.41,3.43,2.72
152923,1.5,3.28,2.73,2.0,3.06
152959,2.86,3.29,3.0,3.61,2.32
152962,3.85,2.32,2.2,2.84,3.27
152999,3.6,1.21,1.85,1.48,4.59
153000,3.31,3.65,2.78,3.25,2.43
153048,3.36,2.82,2.39,2.67,3.16
153064,4.68,1.19,1.64,1.95,4.51
153071,4.08,1.87,2.13,2.49,3.69
153083,3.01,2.95,3.08,3.11,2.9
153085,3.02,3.23,2.54,2.94,2.69
153101,3.18,2.68,2.65,2.72,3.24
153119,3.97,2.5,3.11,2.93,3.78
153214,4.14,2.06,2.09,2.14,3.96
153215,3.7,1.48,2.12,1.48,4.8
153226,1.0,3.6,3.93,2.73,2.67
153269,3.54,2.65,2.45,2.63,3.38
153270,3.3,3.25,2.75,3.11,2.68
153300,1.97,2.07,2.73,1.56,4.33
153301,2.86,2.33,3.17,2.49,3.86
153327,2.8,3.48,3.36,3.44,2.62
153386,2.95,3.21,2.87,2.9,2.86
153408,2.1,3.57,2.81,3.11,2.16
153409,2.33,3.17,3.51,3.31,2.82
153411,3.81,2.39,3.83,3.29,3.74
153414,2.68,3.19,3.58,3.35,2.89
153419,2.81,2.74,3.11,2.82,3.25
153472,3.78,3.04,2.49,2.62,3.05
153475,3.58,2.97,2.28,2.95,2.82
153484,1.91,3.64,3.76,3.49,2.28
153487,2.9,2.87,3.12,3.08,3.1
153505,2.35,3.21,4.14,4.92,1.59
153514,2.72,2.77,2.48,2.31,3.25
153572,3.27,3.07,2.25,2.86,2.64
153587,2.54,3.59,3.32,3.11,2.69
153588,2.7,3.44,2.86,3.14,2.5
153629,3.42,2.76,2.57,2.73,3.21
153665,2.72,3.37,2.89,3.02,2.68
153716,3.42,2.66,2.17,2.31,3.44
153734,4.69,1.0,2.11,2.34,4.4
153753,3.37,2.94,3.18,3.37,2.91
153774,2.11,3.97,4.06,3.91,2.16
153789,3.61,1.86,3.55,2.72,4.31
153803,2.33,3.42,4.31,4.32,2.25
153818,2.85,3.19,3.17,3.25,2.8
153836,2.41,3.28,4.18,3.22,3.21
153860,2.57,3.19,3.58,3.12,3.06
153863,2.97,3.25,3.04,3.14,2.79
153878,4.18,1.77,2.16,2.33,4.0
153914,1.36,3.31,3.46,3.34,1.98
153917,2.77,3.32,3.01,3.19,2.62
153923,3.38,3.09,2.97,2.97,3.09
153959,2.94,2.9,2.71,2.72,3.1
153980,2.63,2.84,2.75,3.25,2.57
154003,2.92,3.14,3.03,2.89,2.98
154063,4.85,1.69,1.86,2.3,4.16
154073,2.82,3.26,2.98,2.83,3.05
154077,2.85,2.46,2.97,2.79,3.31
154079,3.83,2.52,2.84,2.93,3.57
154103,3.23,2.95,3.53,3.07,3.44
154139,2.68,3.07,3.27,3.11,2.85
154186,2.03,4.03,4.66,4.4,1.94
154229,2.55,4.1,4.21,4.16,2.0
154230,3.62,2.79,2.65,2.65,3.4
154267,1.84,3.54,3.26,3.24,2.12
154270,3.08,3.23,3.29,3.26,2.88
154300,2.8,3.29,3.21,2.77,3.25
154319,2.49,3.55,2.48,2.8,2.37
154333,1.76,3.76,2.91,2.76,2.31
154344,2.66,2.52,2.24,1.83,3.74
154377,2.47,3.22,3.95,3.61,2.79
154416,2.32,3.19,2.84,2.75,2.79
154499,2.81,2.92,3.04,2.8,3.2
154543,3.07,3.49,2.79,3.12,2.43
154611,2.12,3.94,4.06,4.05,1.98
154621,3.48,2.67,2.51,2.69,3.3
154639,3.71,2.78,2.46,2.83,3.14
154666,3.21,2.65,2.73,2.93,3.08
154726,2.7,2.71,2.76,2.68,3.19
154732,1.96,4.41,3.89,3.82,2.02
154738,2.82,3.27,2.87,3.11,2.6
154759,3.16,3.62,3.3,3.65,2.53
154789,3.89,2.78,2.98,3.25,3.03
154792,2.0,3.63,3.74,3.54,2.3
154796,3.18,2.82,3.18,3.05,3.25
154821,2.5,3.45,3.34,3.26,2.58
154822,3.53,2.69,2.29,2.2,3.66
154832,2.63,3.81,4.49,3.87,2.77
154839,3.16,2.65,2.77,2.75,3.24
154875,3.86,2.82,2.83,3.74,2.6
154880,4.0,2.93,2.81,2.8,3.47
154889,2.84,2.72,3.1,2.96,3.17
154919,3.29,2.94,2.95,3.08,3.05
154926,1.94,3.64,4.32,3.78,2.48
154942,3.2,3.25,2.81,3.38,2.48
154950,2.65,2.86,3.07,2.81,3.13
154990,2.8,2.45,2.62,2.42,3.49
155070,4.89,2.77,3.06,3.43,3.54
155098,2.51,3.65,3.3,3.38,2.26
155139,4.0,2.29,2.89,3.13,3.53
155158,3.23,3.06,3.09,3.22,2.88
155165,2.65,2.44,2.96,2.46,3.68
155200,3.71,2.7,2.34,2.61,3.32
155225,3.45,2.38,3.07,3.0,3.63
155227,1.8,3.58,3.19,2.57,2.86
155237,2.26,4.4,4.69,4.84,1.55
155273,4.3,1.4,1.53,1.48,4.64
155287,3.35,2.74,1.99,2.15,3.4
155359,2.65,3.0,3.19,3.0,3.01
155380,3.43,2.48,2.06,2.74,3.06
155397,2.67,2.11,2.89,2.1,4.02
155413,2.68,3.01,2.85,2.9,2.88
155431,3.42,3.12,2.56,2.87,2.9
155438,2.56,3.26,3.75,3.59,2.64
155455,2.83,2.94,2.99,2.8,3.21
155483,2.5,4.18,3.82,4.12,1.72
155490,4.62,1.0,1.0,1.0,5.0
155501,1.97,2.91,4.49,3.51,3.01
155536,2.88,3.27,2.92,3.18,2.61
155540,3.25,1.69,2.39,1.74,4.58
155571,3.63,2.64,2.06,2.44,3.34
155619,3.6,2.65,2.27,2.75,3.14
155626,3.27,2.46,2.25,2.26,3.54
155643,3.23,2.92,3.08,2.77,3.49
155645,3.77,1.76,2.16,2.06,4.14
155646,3.86,2.78,3.01,3.85,2.65
155655,2.67,3.66,3.73,3.91,2.2
155676,3.25,2.87,2.78,2.98,3.1
155685,3.29,2.85,3.4,3.17,3.25
155707,2.68,2.85,2.78,2.6,3.26
155748,3.91,1.97,2.48,2.36,4.14
155750,2.7,3.33,2.77,3.17,2.38
155756,2.95,3.45,2.79,2.8,2.93
155775,3.47,2.82,2.19,2.5,3.17
155796,2.82,4.17,4.3,4.4,1.9
155802,3.4,2.66,2.56,2.9,3.02
155811,4.34,2.62,3.46,3.76,3.09
155845,1.49,4.17,4.02,3.58,2.15
155859,3.76,2.54,2.49,2.89,3.5
155883,3.09,2.55,2.61,2.78,3.1
155918,3.04,2.63,2.54,2.58,3.3
155920,4.23,2.46,2.41,2.95,3.54
155922,3.48,2.72,2.37,2.68,3.24
155929,2.2,3.18,3.07,2.86,2.71
155941,3.28,2.95,3.04,3.0,3.15
155953,1.6,4.22,4.21,3.76,2.06
155955,3.05,2.8,2.54,2.64,3.18
155977,2.48,3.74,2.76,2.65,2.7
155979,2.01,3.06,3.12,2.42,3.26
156013,2.4,2.78,2.89,2.76,3.34
156027,2.73,2.83,3.43,3.34,2.93
156057,4.62,1.0,1.0,1.0,5.0
156058,2.28,3.07,3.72,3.3,2.91
156068,3.17,2.91,2.79,2.64,3.34
156080,3.41,2.77,3.58,3.76,2.81
156083,2.08,4.41,4.31,4.34,1.77
156084,4.05,2.34,2.11,2.68,3.5
156106,4.79,1.0,1.0,1.0,5.0
156108,2.28,3.45,3.57,3.33,2.55
156116,3.31,3.53,5.0,5.0,2.39
156141,4.01,2.37,3.0,3.2,3.57
156161,1.89,4.41,4.45,4.41,1.69
156184,1.0,4.07,1.81,1.82,2.0
156245,3.25,2.7,3.17,2.85,3.57
156263,3.04,3.37,3.27,3.64,2.37
156270,2.58,3.4,2.82,2.79,2.67
156306,3.26,2.57,2.33,2.15,3.58
156318,2.83,3.04,3.46,3.09,3.23
156364,2.5,3.4,3.55,3.53,2.6
156379,3.36,2.72,3.02,3.17,3.0
156384,3.49,2.73,3.7,3.28,3.46
156414,4.92,2.02,1.71,2.65,3.74
156422,4.08,1.66,1.02,1.21,4.33
156503,2.14,3.44,2.64,2.65,2.52
156538,2.43,2.69,2.13,2.25,3.21
156568,3.53,2.84,2.34,2.9,2.9
156597,2.46,3.55,3.75,3.59,2.56
156607,1.67,3.95,3.46,3.01,2.34
156627,3.53,3.36,3.42,4.19,2.13
156679,3.45,2.79,2.86,2.86,3.37
156701,2.83,2.65,2.78,2.69,3.25
156702,3.33,2.77,2.84,2.88,3.21
156711,2.98,2.25,2.89,2.25,3.91
156761,3.12,2.74,3.05,2.94,3.3
156778,3.03,2.77,3.41,3.33,3.0
156823,2.66,3.69,3.09,4.05,1.85
156831,3.25,2.65,2.62,2.7,3.33
156886,3.3,2.95,3.1,3.07,3.03
156963,3.29,2.27,2.85,3.05,3.4
156974,2.55,3.23,2.88,2.86,2.8
156991,3.83,3.31,2.65,3.25,2.66
157001,3.32,3.86,3.35,3.69,2.18
157020,3.77,2.92,2.38,3.24,2.72
157086,2.99,2.36,2.5,2.24,3.68
157087,3.03,2.93,2.75,2.76,3.12
157111,3.28,3.04,2.91,3.36,2.65
157116,2.54,3.36,4.2,4.24,2.04
157121,3.44,2.31,2.78,2.62,3.64
157122,3.25,3.07,3.22,3.29,2.91
157344,2.83,3.39,3.01,2.95,2.87
157359,2.75,2.68,2.46,2.27,3.36
157390,2.9,2.52,2.92,2.33,3.8
157423,3.59,2.37,2.61,2.46,3.71
157475,3.45,2.9,2.6,2.83,3.12
157482,3.61,2.9,2.66,3.19,2.82
157537,2.44,3.16,1.78,2.17,2.64
157589,2.72,3.48,3.01,2.96,2.75
157594,3.5,3.49,2.75,3.3,2.6
157606,2.9,2.54,3.29,2.59,3.78
157627,3.31,3.27,2.8,3.36,2.56
157660,2.24,3.73,3.8,3.37,2.59
157663,3.3,2.83,2.62,2.86,3.02
157687,3.38,3.58,3.25,3.52,2.55
157691,2.84,3.62,2.91,3.19,2.47
157692,2.85,2.36,2.7,2.35,3.64
157715,2.57,3.42,3.13,2.87,2.85
157723,2.9,2.61,2.58,2.33,3.62
157726,2.89,3.17,2.85,3.01,2.69
157764,1.85,3.69,3.9,3.49,2.32
157771,2.88,2.8,3.25,3.12,2.98
157797,3.31,2.7,2.36,2.49,3.33
157809,2.66,3.45,3.34,2.98,2.93
157881,2.78,2.94,2.86,2.57,3.27
157886,3.01,3.17,3.0,3.11,2.72
157896,2.68,2.73,2.63,2.63,3.08
157903,3.26,2.08,2.8,2.11,4.25
157981,2.76,3.53,4.28,3.67,2.88
158030,1.94,3.57,3.64,3.27,2.47
158040,3.04,3.02,3.77,3.27,3.19
158041,1.95,3.36,3.15,3.28,2.3
158063,2.42,3.26,3.44,3.13,2.84
158127,2.63,3.95,3.14,3.43,2.16
158161,3.32,2.61,2.83,2.81,3.37
158174,3.11,3.64,3.29,3.53,2.49
158175,3.61,2.5,2.96,3.09,3.34
158201,3.91,2.1,2.06,2.2,3.85
158210,2.26,3.32,3.16,2.91,2.83
158213,2.62,3.26,3.21,3.01,2.86
158226,2.44,3.06,3.3,3.11,2.88
158229,3.76,2.41,2.59,2.75,3.53
158244,3.66,1.92,1.4,1.51,4.09
158251,2.24,3.58,3.58,3.62,2.15
158261,3.53,2.4,3.21,3.62,2.99
158314,2.51,3.22,3.48,3.08,2.92
158318,3.3,2.55,2.53,2.6,3.35
158370,2.05,3.43,2.85,2.83,2.5
158415,2.46,3.39,2.87,2.89,2.68
158430,2.68,3.23,3.48,3.51,2.51
158437,1.91,4.25,4.04,3.37,2.35
158462,2.7,3.42,3.59,3.49,2.65
158486,1.53,4.37,4.56,4.23,1.56
158494,2.83,2.68,3.23,2.88,3.4
158501,3.0,2.83,2.47,2.53,3.22
158509,2.82,2.79,2.95,2.82,3.15
158520,3.43,2.33,3.65,3.04,3.96
158542,1.2,3.72,3.45,3.62,1.75
158552,3.68,3.67,3.26,3.81,2.66
158559,2.79,3.48,2.46,2.99,2.39
158580,3.54,2.98,3.09,3.34,2.93
158645,2.79,3.06,3.19,2.98,3.08
158654,3.72,2.8,3.42,3.28,3.33
158679,3.21,3.23,2.96,2.99,2.9
158705,3.08,2.81,2.58,3.01,2.73
158717,3.63,1.91,1.94,1.97,3.9
158750,2.95,3.53,3.01,2.93,2.84
158758,3.23,2.04,2.38,2.29,3.53
158768,4.17,2.97,2.97,3.89,2.62
158773,2.24,2.65,3.2,2.53,3.44
158781,2.27,4.01,3.14,3.09,2.36
158801,2.39,3.4,2.61,2.58,2.79
158820,3.23,1.51,2.4,1.28,5.0
158872,2.77,3.28,3.09,3.11,2.76
158903,3.97,2.68,2.43,2.84,3.26
159006,2.89,2.91,3.49,3.09,3.19
159021,2.73,2.7,3.1,2.73,3.35
159029,2.98,3.05,2.45,2.55,3.07
159043,2.33,3.25,2.97,2.69,2.78
159084,3.86,2.34,1.83,1.79,3.97
159100,1.89,3.89,3.42,3.13,2.36
159107,2.91,2.96,3.31,2.83,3.43
159141,3.09,2.77,2.86,2.95,3.07
159155,1.61,3.84,2.87,2.83,2.11
159175,3.2,2.31,2.33,2.27,3.61
159177,2.58,3.81,5.0,5.0,1.8
159194,2.8,3.11,2.84,2.5,3.3
159195,1.0,4.15,3.65,2.87,2.09
159207,2.92,3.04,2.7,2.87,2.81
159237,3.87,2.15,2.21,1.92,4.12
159245,2.99,2.69,2.91,2.7,3.36
159254,3.06,3.23,3.28,3.57,2.5
159296,3.34,2.31,2.76,2.5,3.72
159349,3.02,2.82,2.84,3.07,2.87
159367,3.2,2.99,2.73,2.82,3.09
159372,2.52,3.23,2.35,2.58,2.54
159411,3.16,3.14,2.95,2.85,3.02
159436,2.78,3.03,3.09,3.28,2.7
159441,3.02,2.62,2.88,2.68,3.4
159460,2.43,2.68,2.21,2.03,3.16
159490,2.51,3.37,3.06,3.42,2.34
159495,2.43,3.92,3.47,3.67,2.06
159524,3.58,3.85,4.23,4.33,2.27
159534,3.24,2.75,2.37,2.55,3.29
159559,4.33,3.11,3.96,4.25,2.82
159569,2.96,2.76,2.71,2.66,3.22
159579,3.7,2.88,2.94,3.28,3.14
159587,3.82,2.78,2.72,3.2,3.15
159591,3.62,2.47,3.32,2.76,3.89
159611,2.54,2.99,3.31,2.86,3.32
159622,3.06,3.1,2.59,3.01,2.64
159666,3.53,2.49,3.03,3.0,3.56
159692,2.72,2.78,3.31,3.07,3.13
159714,3.34,2.55,2.64,2.8,3.32
159715,2.63,3.58,3.44,3.7,2.21
159795,4.08,1.98,3.06,2.85,4.02
159803,2.82,3.24,3.44,3.58,2.57
159858,3.49,3.38,2.83,3.69,2.45
159888,3.49,2.84,2.98,3.04,3.23
159922,3.11,3.01,2.76,2.74,3.19
159931,3.92,3.43,2.97,3.55,2.55
159943,3.3,2.9,2.07,2.45,2.98
159947,2.93,5.0,3.41,5.0,1.0
159954,4.34,2.77,2.6,3.27,3.18
160000,3.38,3.22,4.51,3.9,3.18
160011,3.5,1.34,1.72,1.31,4.78
160012,2.8,3.69,3.92,3.62,2.53
160046,4.21,2.4,2.32,3.35,2.99
160081,2.63,3.41,3.3,3.25,2.68
160084,2.08,3.3,3.1,3.36,2.2
160087,2.38,3.19,3.27,2.74,3.16
160097,2.4,3.21,2.68,2.63,2.84
160099,2.8,2.94,2.35,2.4,3.06
160133,3.73,2.72,3.18,3.05,3.48
160166,3.01,2.65,3.42,3.15,3.36
160189,3.5,3.19,2.77,3.31,2.64
160191,3.43,3.2,3.58,3.87,2.73
160203,2.86,3.49,3.52,3.71,2.44
160216,3.84,2.64,3.48,3.93,2.91
160218,1.82,3.66,2.87,3.19,2.14
160247,3.96,2.38,2.83,3.0,3.59
160279,2.99,3.15,3.08,3.31,2.66
160297,2.53,3.29,3.48,3.22,2.84
160305,3.15,3.16,3.49,3.6,2.66
160323,3.04,2.43,3.61,3.02,3.79
160329,1.45,4.22,2.97,2.92,1.85
160378,4.71,1.84,2.37,2.6,4.11
160390,2.58,2.99,2.97,3.03,2.82
160397,2.66,3.92,3.56,4.1,1.86
160404,3.02,3.3,2.6,2.85,2.72
160425,3.91,2.75,2.42,3.14,2.97
160447,2.24,3.43,3.26,3.03,2.7
160453,3.79,2.52,2.98,3.23,3.35
160454,3.51,2.59,2.42,2.44,3.51
160461,1.85,3.81,2.53,2.61,2.25
160468,3.41,3.2,2.29,3.02,2.61
160478,3.01,3.62,3.56,3.95,2.18
160497,1.09,4.7,4.13,3.77,1.56
160529,2.92,4.63,4.83,5.0,1.37
160556,2.36,3.56,3.7,4.04,2.06
160579,3.24,2.77,2.79,2.36,3.65
160593,2.62,4.54,4.38,4.56,1.73
160624,1.81,3.43,2.65,2.57,2.55
160638,3.94,1.33,1.17,1.1,4.53
160679,3.55,3.4,2.55,3.27,2.46
160700,5.0,1.0,1.19,1.0,5.0
160728,3.06,3.05,3.51,3.33,3.1
160779,2.9,3.5,2.85,3.33,2.28
160819,2.53,3.14,2.53,2.48,2.88
160926,2.81,3.16,2.87,2.95,2.84
160932,2.63,3.01,3.16,2.76,3.25
160973,3.58,2.61,2.46,2.78,3.16
160978,2.68,3.33,2.3,2.61,2.57
160984,1.51,3.86,2.62,2.58,2.19
161013,4.02,1.37,1.0,1.0,4.51
161057,2.17,3.39,2.71,2.52,2.78
161091,3.01,2.8,3.08,2.82,3.37
161164,3.29,1.13,1.0,1.0,5.0
161190,2.85,3.12,3.24,3.09,2.97
161195,3.05,3.17,3.09,3.39,2.58
161204,2.87,1.04,2.14,1.0,5.0
161211,2.49,3.77,3.6,3.7,2.27
161214,2.33,3.66,3.53,3.33,2.55
161224,2.81,3.01,2.79,2.65,3.15
161293,3.78,2.3,2.68,3.44,3.08
161321,3.23,3.22,4.06,4.05,2.8
161415,2.65,3.31,2.76,2.95,2.66
161436,3.03,2.44,2.93,2.66,3.59
161471,1.73,4.21,3.34,3.06,2.04
161490,2.58,2.6,2.78,2.65,3.26
161492,1.83,4.74,4.45,4.96,1.07
161496,2.74,3.67,3.5,3.58,2.5
161549,2.94,3.16,2.99,2.89,3.1
161563,2.53,3.05,3.2,3.32,2.65
161569,4.49,3.03,2.17,2.91,3.1
161581,3.26,2.13,2.39,2.05,3.94
161634,3.04,2.73,2.13,1.91,3.29
161636,1.0,2.89,3.26,1.84,3.62
161673,4.04,2.53,1.14,1.79,3.49
161728,2.72,3.95,2.98,3.25,2.26
161768,2.43,3.79,3.9,3.59,2.41
161799,1.95,3.34,4.42,3.56,2.98
161814,2.22,4.26,3.69,3.69,1.9
161838,4.88,1.0,1.0,1.0,5.0
161841,2.39,3.83,3.41,3.38,2.34
161843,2.4,3.86,3.52,3.36,2.67
161852,3.2,2.21,2.29,2.08,3.82
161879,2.9,3.68,2.87,3.18,2.45
161884,2.87,3.09,3.42,3.11,2.91
161891,2.69,3.66,3.36,3.35,2.52
161892,4.07,1.75,1.0,1.74,3.65
161935,1.58,4.68,4.57,4.65,1.23
161959,3.29,3.19,3.04,3.29,2.75
161970,3.36,3.75,3.86,4.18,2.18
161990,1.62,2.78,3.09,2.03,3.66
161992,4.37,1.0,1.33,1.23,4.8
161998,2.99,3.18,3.1,3.19,2.69
162010,2.8,3.14,2.97,3.04,2.85
162012,3.77,3.01,3.44,4.19,2.45
162047,3.17,3.31,3.08,2.99,2.96
162057,3.13,2.45,2.67,2.6,3.47
162068,2.98,2.97,2.72,2.92,2.96
162074,3.02,3.17,2.79,2.97,2.86
162080,3.67,2.14,2.24,2.28,3.66
162112,3.45,2.5,3.09,3.59,2.92
162117,3.16,2.71,2.25,2.33,3.37
162143,3.17,2.9,2.44,2.87,2.92
162144,2.98,3.28,3.1,3.34,2.63
162200,2.76,2.86,2.97,3.08,2.86
162219,4.12,1.15,1.46,1.27,4.78
162224,2.99,1.82,1.0,1.0,4.06
162242,2.66,2.95,2.98,2.95,2.92
162255,3.37,3.3,2.84,3.08,2.86
162281,2.81,2.77,3.38,2.86,3.45
162283,3.08,2.7,2.75,3.03,2.97
162289,2.8,3.24,3.05,2.98,2.93
162303,3.21,2.32,3.28,3.17,3.54
162307,2.73,3.34,3.02,3.21,2.56
162339,3.66,2.86,3.39,3.08,3.25
162347,2.88,2.41,2.68,2.21,3.82
162357,3.28,3.14,3.37,4.09,2.42
162381,2.99,3.03,2.61,2.83,2.94
162389,2.8,2.6,2.94,2.57,3.42
162428,2.22,3.27,3.15,2.79,2.88
162445,2.89,2.82,3.27,3.06,3.2
162491,1.0,4.2,3.21,2.74,1.85
162507,2.8,3.54,3.32,3.34,2.7
162530,4.0,2.95,2.95,3.36,3.25
162531,3.47,2.42,2.62,2.61,3.53
162532,2.93,2.69,2.41,2.26,3.42
162542,2.95,3.06,3.47,2.76,3.31
162560,1.8,4.35,4.27,4.12,1.78
162570,3.1,4.2,4.59,4.19,2.28
162573,3.12,2.77,2.68,2.53,3.36
162618,2.54,3.51,3.81,3.77,2.41
162622,2.26,4.58,4.94,4.97,1.35
162626,2.97,2.42,2.97,2.59,3.59
162640,2.85,4.72,4.47,4.82,1.29
162658,3.47,2.45,2.29,2.36,3.58
162751,3.11,3.21,3.29,3.55,2.74
162758,3.39,2.42,3.08,3.53,2.91
162763,2.62,4.01,3.24,3.72,1.93
162825,3.12,2.75,2.71,2.33,3.6
162838,2.0,4.0,4.91,5.0,1.57
162872,2.01,4.39,4.6,4.6,1.59
162879,2.53,3.08,3.62,3.27,2.9
162887,3.12,3.13,3.05,3.23,2.79
162933,1.9,4.46,2.94,3.3,1.67
162960,3.57,2.95,3.47,3.67,3.0
162965,2.75,3.05,3.73,3.26,3.14
162967,3.77,2.27,2.59,2.63,3.72
162977,2.26,2.73,2.97,2.28,3.54
162999,2.64,2.6,3.22,2.83,3.36
163080,5.0,1.0,2.28,2.21,4.83
163083,2.54,2.93,2.61,2.63,2.97
163085,4.06,1.63,2.56,2.55,4.25
163108,3.4,3.99,3.69,4.04,2.07
163112,2.92,2.74,2.57,2.32,3.42
163116,3.56,3.18,2.73,2.96,3.02
163130,4.94,2.3,1.91,2.69,3.69
163142,3.21,2.65,2.66,2.61,3.37
163146,2.05,2.75,4.07,2.72,3.91
163208,3.5,2.2,2.39,2.13,3.99
163228,2.63,3.06,2.84,2.8,3.0
163232,3.12,2.19,2.39,2.43,3.51
163285,4.07,3.09,2.99,3.54,2.72
163293,2.17,3.38,2.92,2.6,2.82
163305,2.57,4.51,3.67,3.93,1.73
163311,1.15,4.5,4.23,3.73,1.58
163347,2.96,2.85,2.45,2.74,2.96
163382,2.47,3.3,3.24,2.84,3.08
163383,3.8,2.44,2.7,2.86,3.41
163386,2.99,2.58,3.1,3.01,3.22
163411,3.2,3.03,3.08,3.27,2.82
163418,2.96,2.24,3.08,2.49,3.91
163423,2.79,3.24,3.16,3.28,2.7
163429,3.27,2.48,3.01,2.88,3.4
163437,2.71,2.83,3.12,2.91,3.1
163443,3.29,2.96,3.21,3.35,2.91
163467,3.12,3.55,3.01,3.51,2.29
163481,2.32,3.72,3.18,3.11,2.61
163508,3.3,2.91,2.59,2.62,3.26
163555,3.29,2.51,2.76,2.72,3.36
163596,3.25,3.19,2.99,3.26,2.79
163619,2.35,3.39,3.32,3.04,2.8
163753,3.56,2.44,2.57,2.6,3.55
163769,2.32,3.21,2.92,2.47,3.06
163770,2.17,1.94,4.33,2.35,4.86
163776,1.91,4.43,4.54,4.36,1.72
163778,3.07,2.94,3.02,2.84,3.24
163838,2.32,2.69,3.4,2.44,3.76
163860,2.04,4.3,3.66,3.6,2.11
163864,3.98,2.6,3.57,3.34,3.55
163920,3.66,2.37,2.0,2.21,3.78
163936,3.22,3.08,2.94,3.14,2.66
163967,2.96,3.06,3.19,3.15,2.95
163971,3.36,3.35,2.87,3.36,2.49
163991,3.19,3.48,3.28,3.17,2.87
163992,4.3,1.91,2.35,2.71,3.66
164014,3.95,2.25,3.43,3.16,3.88
164053,2.81,2.48,2.88,2.59,3.5
164073,3.39,2.81,3.87,2.97,3.81
164078,2.65,3.09,3.41,2.9,3.2
164127,1.97,4.08,3.39,3.52,1.99
164173,2.53,3.43,3.49,3.33,2.7
164217,2.68,2.83,2.85,2.73,3.15
164221,2.35,3.24,4.21,3.93,2.5
164252,3.4,1.51,2.82,2.07,4.63
164256,2.59,3.04,3.13,2.99,2.94
164261,3.04,2.86,2.45,2.45,3.29
164264,2.64,3.23,3.29,3.27,2.63
164279,3.01,3.28,2.97,3.26,2.61
164284,3.38,2.85,3.18,3.23,3.11
164291,3.2,3.43,3.16,3.38,2.62
164324,3.66,2.32,1.76,1.92,3.74
164336,3.84,2.01,2.09,2.23,3.85
164404,3.14,3.02,2.66,2.84,2.88
164411,2.33,2.85,3.84,2.69,3.86
164422,2.63,3.27,3.36,3.2,2.78
164459,2.57,2.87,4.19,3.86,2.94
164487,3.73,2.62,2.18,2.49,3.57
164492,3.01,3.2,3.16,3.34,2.6
164505,3.28,2.73,3.22,3.61,2.83
164511,3.56,3.44,2.39,2.97,2.68
164536,3.38,2.83,2.98,2.76,3.23
164549,1.81,3.56,4.28,3.13,2.95
164559,3.09,3.64,2.98,3.41,2.38
164696,2.61,3.21,2.96,2.99,2.74
164700,3.17,2.5,2.33,2.3,3.49
164715,3.12,2.71,2.35,2.49,3.26
164726,3.0,2.82,2.56,2.82,2.97
164735,2.76,2.31,2.78,2.14,3.99
164795,2.09,3.29,3.97,3.39,2.75
164824,2.84,2.47,3.2,2.45,3.88
164838,4.14,1.71,1.94,2.01,4.19
164844,2.59,3.14,3.3,3.37,2.62
164862,2.8,3.68,3.0,3.54,2.17
164920,2.96,3.02,2.86,2.96,2.94
164923,3.16,2.27,2.97,2.52,3.72
164958,2.55,2.94,2.85,2.72,3.03
165003,3.89,2.74,1.98,2.47,3.31
165004,1.0,4.8,3.36,3.28,1.32
165007,2.77,2.78,2.26,2.52,2.92
165016,3.24,2.99,3.07,3.19,2.99
165043,4.22,2.84,2.69,3.56,2.76
165113,2.87,3.33,2.75,3.22,2.44
165141,3.24,2.89,2.92,2.94,3.16
165158,3.64,2.44,3.21,3.38,3.2
165228,3.16,2.8,2.89,2.72,3.32
165239,3.0,3.01,2.9,3.05,2.82
165250,4.25,2.75,3.11,3.67,3.02
165305,2.92,3.31,3.33,3.36,2.61
165306,3.13,3.52,3.04,3.52,2.3
165360,3.0,3.1,3.16,3.18,2.77
165371,3.63,1.75,1.67,2.09,3.7
165390,3.76,2.92,3.51,3.58,3.1
165430,2.9,3.13,2.78,2.98,2.79
165432,2.61,3.01,2.92,2.82,2.98
165433,2.9,4.01,3.53,3.63,2.28
165487,3.41,3.03,3.24,3.74,2.51
165518,4.5,2.46,2.91,3.25,3.58
165527,3.12,3.11,3.19,3.18,2.95
165553,1.48,4.35,3.67,3.48,2.09
165554,4.27,2.38,2.97,2.92,3.61
165563,3.02,2.7,2.57,2.62,3.21
165586,3.04,3.31,3.01,2.79,3.17
165593,2.38,4.22,4.33,4.14,2.17
165627,2.07,3.82,4.0,3.14,2.77
165648,2.48,3.51,3.29,3.17,2.69
165665,2.7,3.25,2.98,3.08,2.73
165669,4.12,1.37,1.79,1.61,4.67
165689,3.11,2.38,2.81,2.45,3.69
165731,2.61,3.41,2.97,3.07,2.67
165763,3.47,2.66,2.21,2.51,3.33
165767,2.52,3.53,3.34,3.43,2.47
165768,2.44,2.91,4.54,4.72,2.21
165878,3.42,2.43,2.34,2.35,3.49
165896,2.88,2.73,3.06,2.96,3.12
165897,2.96,3.16,2.42,2.46,3.15
165917,2.93,3.06,2.44,2.69,2.89
165929,2.56,3.27,3.51,3.01,3.07
165931,2.06,2.78,2.46,2.04,3.22
165932,4.1,2.92,2.91,3.34,3.18
165942,4.19,1.72,1.18,1.36,4.17
165943,2.33,3.17,3.8,2.59,3.78
165946,2.17,4.37,3.53,3.77,1.69
165947,3.1,2.59,3.24,2.16,4.4
165959,2.98,2.88,2.74,2.83,3.13
165969,3.63,3.18,2.78,3.33,2.71
165978,2.94,2.26,2.47,2.2,3.76
165993,2.93,2.83,3.17,2.81,3.34
166006,3.14,2.8,2.75,2.65,3.33
166019,3.95,3.92,4.48,4.24,2.75
166047,3.18,2.66,2.57,2.79,3.18
166073,3.64,2.32,2.18,2.59,3.43
166079,3.02,3.31,2.61,2.81,2.68
166139,3.53,2.62,2.85,2.92,3.25
166166,2.75,3.35,3.09,3.62,2.24
166196,1.73,4.21,3.94,3.93,1.7
166212,4.63,2.3,2.27,2.72,3.59
166219,3.32,2.5,1.9,2.19,3.31
166229,2.89,2.85,3.07,2.85,3.23
166234,3.51,2.8,2.49,2.94,3.07
166325,3.45,2.29,2.67,2.43,3.79
166338,3.06,3.83,3.37,3.83,2.09
166349,3.05,2.8,3.06,3.05,3.06
166353,3.38,2.66,2.64,2.41,3.61
166378,2.68,2.94,2.77,2.7,3.02
166387,3.27,3.26,2.62,3.34,2.46
166406,3.26,2.72,2.74,2.88,3.18
166418,3.74,4.26,4.93,5.0,1.8
166442,3.05,3.34,2.73,3.0,2.62
166443,2.89,3.71,3.54,3.6,2.45
166456,3.16,2.54,3.21,3.2,3.15
166457,3.3,3.35,4.0,4.22,2.45
166506,2.91,2.58,2.76,2.52,3.5
166507,2.37,3.35,2.48,2.1,3.22
166519,2.93,3.11,2.94,3.27,2.68
166531,3.44,2.42,1.97,2.19,3.33
166549,4.08,2.21,2.12,2.81,3.28
166578,3.37,3.39,3.73,3.88,2.6
166594,3.79,2.71,2.4,2.9,3.08
166623,2.97,2.85,3.07,2.85,3.23
166647,2.12,4.17,4.2,3.58,2.33
166671,3.17,2.8,1.5,2.2,3.0
166677,3.77,2.51,2.73,2.9,3.33
166681,2.63,2.8,2.67,2.36,3.27
166685,3.83,2.5,3.59,3.71,3.25
166698,2.82,3.45,3.32,3.33,2.71
166742,2.17,2.27,3.51,2.15,4.25
166750,3.13,2.91,2.83,3.1,2.87
166819,3.33,2.42,2.4,2.43,3.48
166865,3.99,1.14,1.33,1.27,4.58
166868,3.02,2.57,2.93,2.54,3.64
166908,2.46,3.71,3.98,3.74,2.49
166934,2.51,3.09,3.37,2.87,3.15
166953,2.56,2.75,2.49,2.16,3.42
166961,2.9,3.51,2.74,3.44,2.26
166965,2.78,3.13,3.3,3.2,2.84
166976,2.53,2.97,3.28,2.91,3.1
166978,2.64,3.73,4.02,3.8,2.43
166999,3.89,2.1,2.33,2.68,3.62
167037,2.77,2.75,2.88,2.69,3.21
167043,4.78,3.3,2.93,4.03,2.64
167049,3.3,1.69,2.64,2.6,3.67
167062,2.74,2.16,2.57,2.23,4.1
167079,3.34,2.69,2.58,3.12,3.06
167085,2.73,4.1,3.65,4.01,2.2
167097,2.17,3.88,2.99,2.98,2.23
167104,2.78,3.57,3.53,3.66,2.45
167124,3.95,3.01,2.5,3.14,2.98
167141,3.12,3.23,3.2,3.49,2.62
167144,2.93,4.19,3.91,4.41,1.68
167152,3.14,2.64,2.76,2.6,3.38
167227,3.65,2.82,3.35,3.24,3.23
167345,3.21,3.24,2.76,2.78,3.16
167346,4.23,2.83,4.28,3.88,3.47
167351,2.59,3.28,3.52,3.75,2.32
167408,3.38,2.42,2.37,2.59,3.4
167435,4.51,2.68,3.12,3.59,3.42
167454,2.71,3.28,3.36,3.24,2.84
167473,2.28,3.0,2.6,2.28,3.02
167477,2.95,2.13,2.24,1.83,3.96
167482,2.74,3.61,3.23,3.36,2.49
167486,3.14,3.42,3.02,3.54,2.35
167592,3.67,2.14,2.4,2.19,4.05
167598,2.97,3.07,2.96,3.11,2.91
167653,2.44,3.28,4.01,3.96,2.41
167657,2.77,2.96,3.21,3.05,3.04
167663,3.57,2.98,2.73,3.29,2.84
167729,3.47,3.25,2.82,3.05,2.76
167738,1.85,3.87,3.59,3.37,2.25
167759,3.49,1.95,1.94,2.04,3.71
167799,2.91,3.2,3.09,3.07,2.91
167834,2.88,3.13,3.47,3.33,2.86
167850,2.55,3.03,4.03,3.57,2.84
167853,3.18,3.12,2.75,3.0,2.88
167867,2.43,2.04,2.4,1.56,4.39
167901,2.83,3.25,3.52,3.45,2.79
167921,3.86,1.96,1.83,2.22,3.75
167953,3.29,3.18,3.3,3.38,2.78
167962,3.02,3.93,3.26,3.76,2.05
167991,2.66,2.55,3.59,2.86,3.65
168013,2.02,4.31,4.27,3.94,1.98
168014,1.95,4.34,4.59,4.62,1.67
168019,2.68,2.94,3.24,3.09,3.05
168066,3.08,3.41,3.03,2.72,3.04
168075,3.28,2.98,3.21,3.31,2.97
168108,3.97,2.53,2.99,3.2,3.46
168173,3.92,2.21,1.91,1.87,4.17
168175,2.31,3.43,3.67,3.39,2.57
168196,2.67,2.72,2.71,2.36,3.4
168227,2.92,2.92,3.04,2.93,3.14
168232,2.72,3.09,3.27,2.94,3.06
168239,3.07,3.05,2.6,2.94,2.75
168242,2.34,3.43,3.0,3.07,2.51
168310,2.1,3.28,3.04,2.78,2.84
168322,3.88,2.94,2.35,3.16,2.9
168344,1.98,2.65,2.41,1.48,3.83
168453,3.74,2.55,2.89,3.19,3.09
168463,4.2,2.99,2.51,3.38,2.7
168477,3.05,2.91,2.85,2.77,3.19
168588,3.29,2.58,2.9,2.95,3.18
168597,3.51,2.31,2.29,2.25,3.64
168645,1.36,4.27,4.37,4.15,1.71
168647,3.03,2.64,2.88,2.71,3.3
168681,3.83,2.1,3.01,3.21,3.59
168685,2.16,4.75,3.91,3.61,1.83
168703,3.81,2.16,2.52,2.66,3.6
168769,2.76,3.51,4.13,3.84,2.69
168771,3.51,2.21,2.79,2.51,3.93
168782,3.57,2.54,3.59,2.8,4.01
168824,1.68,4.03,4.45,4.01,2.07
168847,3.11,3.24,3.23,3.41,2.69
168850,3.78,2.62,2.19,2.67,3.19
168870,2.55,3.32,3.19,2.99,2.89
168885,4.2,1.91,1.22,1.9,3.66
168912,2.39,3.65,4.11,3.54,2.68
168925,2.76,3.2,3.68,2.99,3.35
168938,3.05,2.59,2.95,2.69,3.43
168945,4.1,2.55,2.76,3.31,3.24
168951,2.69,3.69,3.52,3.66,2.37
168954,2.92,4.13,2.86,3.11,2.25
168962,1.98,3.0,3.55,3.33,2.64
169007,3.56,2.2,2.48,2.56,3.64
169022,2.84,3.21,3.42,3.14,3.02
169059,3.14,2.69,3.46,2.83,3.62
169076,3.78,2.07,2.47,2.48,3.83
169151,2.5,2.81,3.61,3.14,3.23
169157,3.47,1.96,2.23,2.39,3.74
169167,2.23,4.08,3.67,3.69,1.99
169168,2.25,3.41,2.4,2.31,2.78
169261,5.0,1.76,1.0,1.88,3.98
169264,1.78,4.55,3.98,3.8,1.88
169312,3.22,2.95,2.81,2.85,3.13
169313,3.99,2.07,2.4,2.35,4.03
169321,3.14,3.05,3.24,3.26,2.89
169330,4.19,1.88,2.38,2.61,3.95
169334,2.67,2.79,2.56,2.71,2.93
169340,3.39,2.0,2.12,2.06,3.85
169354,2.17,3.58,3.67,3.81,2.03
169362,3.06,3.11,2.95,3.11,2.82
169363,2.15,2.93,2.88,2.15,3.54
169373,2.48,4.63,4.65,4.73,1.45
169399,3.15,3.34,3.29,3.35,2.8
169403,2.73,2.89,2.46,2.58,2.93
169429,2.37,2.89,3.44,3.01,3.08
169440,1.91,3.8,4.23,3.98,2.18
169441,3.0,3.44,3.33,3.43,2.59
169459,3.24,2.65,3.1,3.07,3.24
169491,3.42,2.73,2.27,2.5,3.19
169527,3.06,2.64,2.87,2.82,3.26
169541,2.29,2.62,2.79,2.09,3.72
169553,2.93,3.89,4.75,4.55,2.38
169580,2.89,3.33,3.1,3.12,2.79
169609,3.27,3.06,2.1,2.53,2.97
169633,2.18,4.03,3.55,3.4,2.18
169676,3.01,3.08,3.38,3.36,2.8
169707,3.02,3.84,3.98,4.17,1.98
169749,2.77,3.66,4.11,3.94,2.47
169761,2.83,2.92,2.8,2.56,3.33
169808,3.09,2.49,2.4,2.13,3.6
169818,2.52,3.13,3.2,2.57,3.18
169843,3.53,3.1,4.34,3.48,3.69
169858,3.53,3.27,3.07,3.45,2.64
169864,2.1,3.2,2.72,2.39,3.0
169872,2.59,3.77,3.24,3.67,2.06
169881,2.24,3.45,3.4,2.88,2.92
169882,3.81,3.46,3.05,3.76,2.46
169905,2.94,3.48,3.41,3.43,2.61
169924,1.97,3.52,2.81,2.35,2.95
169938,3.13,3.07,2.72,2.95,2.85
169980,2.99,3.35,2.81,3.33,2.38
169986,3.3,3.11,4.46,4.31,2.78
170044,2.36,4.03,3.63,3.73,2.11
170084,3.5,2.74,2.63,2.72,3.23
170141,2.63,2.93,2.86,2.6,3.24
170171,3.04,2.98,3.36,3.5,2.78
170194,3.75,2.74,3.78,3.64,3.27
170234,4.01,3.14,3.02,3.95,2.44
170245,2.54,4.43,3.45,4.07,1.57
170275,2.52,2.82,3.16,2.83,3.2
170278,4.02,4.09,3.9,3.99,2.6
170279,3.2,2.48,2.67,2.12,4.02
170284,3.46,2.46,2.58,2.72,3.44
170286,2.42,3.96,4.29,4.54,1.74
170291,3.11,3.07,3.04,3.12,2.91
170307,3.64,2.45,2.8,3.8,2.69
170315,2.9,3.32,3.28,3.5,2.55
170322,5.0,1.0,1.0,1.0,5.0
170323,1.36,4.18,3.72,3.44,2.02
170369,4.09,2.81,2.34,3.08,2.96
170384,3.28,2.51,2.17,2.47,3.3
170398,4.08,1.39,2.01,2.27,4.26
170424,2.96,2.91,2.76,2.96,2.91
170428,2.86,3.03,4.07,3.51,3.26
170446,2.86,3.22,2.81,2.61,3.14
170453,3.0,2.76,2.46,2.27,3.45
170530,4.02,2.07,2.82,2.71,3.89
170534,3.51,2.85,2.45,2.8,3.12
170553,3.16,2.23,1.29,1.55,3.67
170645,2.39,3.55,3.03,3.08,2.5
170658,3.38,3.04,2.8,3.35,2.68
170665,2.52,2.41,2.67,2.2,3.62
170671,2.86,3.76,3.21,3.72,2.15
170707,2.73,2.5,3.89,3.47,3.18
170744,3.66,3.08,2.69,3.33,2.66
170784,4.28,1.46,1.33,1.39,4.45
170871,2.73,3.39,3.24,3.36,2.53
170882,2.92,3.69,3.53,3.58,2.48
170894,3.01,2.02,2.56,2.09,4.17
170909,1.82,3.68,4.65,4.35,2.08
170917,3.3,3.23,2.78,3.3,2.62
170920,3.03,1.7,2.08,1.54,4.33
170953,3.51,2.12,2.63,2.53,3.75
170988,2.81,2.81,2.73,2.89,2.92
171011,2.08,4.82,2.89,4.08,1.05
171061,2.25,3.07,3.26,2.76,3.12
171070,3.12,2.43,2.97,2.81,3.5
171130,3.12,3.04,2.91,2.86,3.02
171153,3.02,3.26,4.07,4.04,2.81
171161,3.7,2.61,2.16,2.4,3.48
171163,2.8,2.52,2.43,2.19,3.43
171195,3.77,1.0,1.26,1.0,5.0
171201,3.12,3.37,2.8,3.25,2.5
171203,3.25,2.54,2.35,2.29,3.42
171204,3.08,2.24,2.75,2.63,3.5
171215,3.37,2.66,3.0,2.48,3.65
171217,2.69,3.07,3.09,2.92,2.92
171303,3.06,2.99,3.03,3.1,2.9
171312,2.99,2.99,3.26,3.16,3.03
171313,2.62,3.54,3.15,3.16,2.63
171314,3.84,1.56,1.7,1.52,4.42
171328,3.38,2.17,3.55,2.91,3.91
171334,2.53,3.79,4.02,3.03,3.08
171336,3.02,2.9,3.26,2.97,3.24
171356,2.99,2.72,2.68,2.92,2.94
171378,2.44,3.09,2.56,2.44,2.98
171396,2.6,3.16,2.89,2.96,2.76
171436,2.34,2.83,3.11,2.96,2.94
171472,2.21,3.06,2.05,2.36,2.78
171485,2.72,4.32,3.63,4.15,1.67
171494,2.53,3.42,3.3,3.52,2.44
171506,2.6,3.02,3.5,3.07,3.12
171516,4.19,1.53,1.51,2.03,3.97
171525,3.73,2.35,3.29,3.45,3.41
171533,3.56,1.04,2.15,1.28,5.0
171588,2.11,3.28,1.88,1.92,2.86
171624,3.31,2.49,2.74,2.96,3.22
171671,1.85,3.43,4.17,3.67,2.56
171684,2.45,3.05,3.47,3.08,3.03
171692,2.93,2.71,2.59,2.26,3.58
171717,3.17,2.65,2.29,2.88,2.89
171775,3.61,2.21,2.24,2.18,3.83
171786,2.62,3.7,2.86,3.17,2.37
171791,2.83,3.66,3.84,3.73,2.5
171801,3.13,2.56,2.86,2.8,3.33
171820,3.52,2.95,2.46,3.16,2.7
171824,1.91,3.29,3.8,3.52,2.48
171832,4.04,1.86,1.4,1.52,4.19
171847,2.33,2.84,3.82,3.29,3.13
171866,2.59,3.06,2.98,2.8,3.06
171881,3.8,2.54,1.77,2.27,3.3
171884,3.22,2.89,3.18,3.13,3.21
171886,3.11,3.08,3.12,2.79,3.38
171912,3.4,2.88,2.57,3.0,2.86
171914,3.25,2.25,2.61,2.54,3.69
171929,3.06,2.97,3.01,3.1,2.93
171930,3.33,2.13,2.06,2.18,3.7
171936,4.26,1.84,2.41,2.34,4.31
171947,2.16,4.91,4.59,5.0,1.0
171948,2.32,4.62,3.71,4.08,1.54
171955,3.67,2.59,2.77,2.78,3.52
171959,4.79,1.42,1.0,1.52,4.25
171981,1.8,3.43,3.26,2.96,2.54
171989,2.56,3.25,3.3,3.09,2.84
172009,3.08,2.85,2.53,2.84,2.84
172011,3.82,2.25,2.64,2.72,3.66
172063,3.1,3.43,3.67,3.68,2.63
172086,3.82,2.89,2.54,2.56,3.47
172149,2.61,2.61,2.69,2.47,3.39
172154,2.89,3.07,3.43,3.43,2.79
172191,3.86,2.78,4.75,3.67,3.92
172203,4.24,2.22,2.94,3.23,3.54
172219,1.18,3.99,4.2,3.5,1.92
172222,2.7,2.13,3.14,1.72,4.74
172230,3.26,3.01,3.15,3.02,3.18
172242,4.55,2.11,1.93,2.77,3.49
172246,3.49,2.04,1.21,1.15,4.08
172264,3.31,3.15,2.86,3.5,2.47
172283,4.35,2.55,2.84,3.47,3.09
172291,2.68,3.58,3.59,3.84,2.2
172339,3.97,1.6,2.63,2.11,4.51
172341,2.09,3.67,3.52,2.91,2.75
172356,2.42,3.37,3.49,3.11,2.83
172374,3.77,2.01,2.15,2.3,3.67
172386,1.84,3.74,3.69,3.61,2.13
172399,2.44,4.17,3.4,3.8,1.8
172435,3.42,2.06,2.79,3.74,2.85
172437,3.2,2.1,2.67,2.21,3.97
172471,3.81,2.62,3.19,3.42,3.23
172510,3.17,3.63,4.15,4.24,2.2
172536,3.4,3.45,3.94,3.79,2.8
172576,3.03,2.86,2.51,2.73,2.88
172604,1.75,3.96,3.63,2.92,2.77
172629,2.15,3.65,3.38,3.29,2.39
172644,1.53,4.51,3.51,3.5,1.59
172678,3.23,2.82,3.07,2.58,3.68
172708,3.99,2.03,1.73,1.99,3.98
172714,2.02,4.62,4.67,4.85,1.3
172726,3.46,2.35,2.1,2.27,3.6
172759,2.76,2.95,2.73,2.45,3.31
172767,3.44,2.84,2.76,3.16,2.95
172787,1.83,3.57,4.58,3.73,2.66
172788,2.14,4.22,4.49,4.33,1.94
172801,2.41,2.58,3.95,2.92,3.71
172802,3.07,2.77,2.78,2.72,3.24
172808,1.73,3.87,4.5,4.0,2.21
172818,3.61,2.35,2.85,2.87,3.47
172822,3.11,2.13,3.14,3.4,3.09
172829,2.66,3.22,4.55,3.69,3.3
172838,3.41,3.04,2.99,3.09,3.06
172843,4.16,1.62,2.1,1.79,4.45
172858,2.97,3.08,3.31,3.12,3.01
172862,3.6,2.79,3.13,3.3,2.97
172870,2.07,3.7,3.85,3.56,2.29
172875,2.61,3.23,3.11,3.2,2.63
172884,2.45,2.41,2.75,2.27,3.53
172910,3.26,2.69,2.83,3.14,2.87
172957,3.81,3.04,3.65,3.75,3.05
172977,2.51,3.18,3.28,2.8,3.13
172980,4.3,1.06,1.76,1.84,4.39
172997,1.93,3.33,2.65,2.55,2.6
173007,2.29,3.7,3.86,3.28,2.73
173029,2.78,3.03,3.05,2.6,3.4
173058,2.46,4.5,3.76,4.29,1.42
173080,3.32,2.84,2.77,2.86,3.21
173116,2.65,3.34,3.27,3.21,2.74
173129,2.97,3.07,2.93,3.07,2.86
173158,3.39,3.03,3.06,3.31,2.93
173163,2.56,3.93,3.9,3.91,2.08
173176,3.14,2.82,2.55,3.01,2.81
173186,3.39,3.37,3.35,3.37,2.85
173215,2.87,3.29,3.51,3.5,2.73
173237,2.56,3.29,3.44,3.38,2.72
173263,4.09,2.56,3.02,3.49,3.23
173273,2.12,3.03,3.14,2.92,2.79
173281,2.96,3.4,2.83,3.24,2.49
173299,3.34,2.79,3.04,3.01,3.38
173303,2.51,3.85,3.61,3.91,2.0
173327,3.12,3.07,2.77,2.87,2.99
173355,3.88,2.56,2.77,3.02,3.41
173399,1.98,4.46,4.42,4.44,1.67
173410,4.14,2.84,1.4,2.54,2.96
173419,2.98,2.95,3.43,3.08,3.21
173453,2.49,3.09,3.37,3.38,2.57
173458,1.77,3.93,3.91,3.99,1.85
173464,1.81,3.5,4.26,3.45,2.75
173491,2.49,3.59,3.1,3.17,2.45
173517,4.31,1.59,1.08,1.0,4.92
173537,2.91,2.99,2.92,3.0,2.99
173582,1.66,3.62,4.66,4.02,2.44
173615,3.06,2.89,3.12,3.04,3.04
173638,3.53,3.0,2.67,2.62,3.38
173655,3.21,3.17,2.89,3.18,2.75
173705,3.01,2.65,2.88,2.79,3.12
173713,2.5,2.38,3.13,2.67,3.41
173764,3.13,3.58,3.04,3.67,2.2
173779,2.49,3.1,2.49,2.26,3.09
173786,2.1,3.5,3.46,2.8,3.14
173788,2.64,3.18,3.91,2.92,3.54
173877,3.82,2.33,2.67,3.15,3.22
173883,4.23,1.0,2.49,2.26,4.45
173921,2.09,3.6,4.53,3.62,2.72
173931,3.26,2.14,2.36,1.94,4.0
173950,2.17,4.21,3.97,3.92,2.26
173958,2.64,3.11,2.83,2.57,3.08
173990,3.32,2.79,2.87,3.02,3.14
174015,2.54,3.48,3.12,3.05,2.76
174020,3.32,2.55,2.4,2.5,3.36
174029,2.98,2.73,3.15,2.96,3.39
174031,3.35,3.83,3.65,3.63,2.46
174059,1.87,2.76,4.03,2.38,3.94
174073,3.34,2.3,2.25,1.78,4.1
174083,3.05,3.41,3.38,3.4,2.71
174085,2.08,3.77,3.41,3.38,2.23
174101,3.81,2.34,2.25,2.66,3.38
174112,3.24,3.39,3.06,3.38,2.6
174118,2.54,3.78,3.13,3.24,2.29
174128,4.44,2.48,1.57,2.81,3.18
174146,2.86,4.62,3.4,3.6,2.01
174148,2.03,3.65,4.31,3.35,2.92
174184,3.21,2.7,2.73,2.76,3.21
174203,3.26,2.3,2.36,2.27,3.73
174211,1.93,3.66,3.43,2.91,2.64
174219,2.91,3.48,3.21,3.54,2.27
174228,1.96,3.58,2.79,2.99,2.25
174305,3.28,3.41,3.23,3.61,2.43
174307,2.22,3.34,3.91,3.14,3.17
174314,2.71,3.14,2.8,2.68,3.07
174328,4.44,1.0,1.0,1.0,5.0
174333,3.77,2.58,2.38,2.99,3.09
174424,2.43,3.22,2.83,2.99,2.61
174443,2.48,3.52,2.73,3.07,2.37
174466,2.48,3.25,2.63,2.48,3.0
174467,2.27,2.71,3.23,3.07,2.94
174470,3.75,1.16,2.11,1.22,5.0
174557,2.81,3.0,2.63,2.54,3.09
174562,3.47,2.05,2.85,2.77,3.68
174612,2.49,3.43,3.1,3.35,2.4
174615,3.42,2.7,2.92,3.04,3.25
174626,3.37,2.73,2.7,2.75,3.26
174679,2.68,2.08,3.52,2.39,4.26
174681,1.67,2.27,1.96,1.01,4.12
174731,3.69,2.85,2.46,2.87,3.02
174746,3.21,3.41,2.74,3.13,2.51
174761,2.99,1.26,1.21,1.0,4.67
174765,2.7,3.05,3.08,3.0,2.9
174780,2.77,3.14,3.4,3.23,2.87
174817,2.32,2.96,3.07,2.74,3.04
174903,2.57,3.51,3.21,3.25,2.42
174910,2.83,2.88,3.31,3.04,3.22
174930,2.84,3.41,3.62,3.55,2.75
175012,1.96,3.67,3.45,3.15,2.43
175071,3.62,2.7,3.02,3.2,3.08
175076,4.18,2.46,1.8,2.0,3.59
175103,2.64,3.27,2.9,2.95,2.71
175122,3.57,2.72,3.18,3.06,3.35
175155,2.18,3.0,2.83,2.14,3.34
175173,2.63,3.14,2.91,2.92,2.76
175181,1.92,3.26,2.6,2.54,2.58
175213,2.78,3.81,3.36,3.73,2.08
175246,3.01,2.33,2.71,2.48,3.51
175261,3.17,2.78,3.83,3.44,3.46
175283,4.25,2.16,1.9,1.96,3.96
175300,2.84,3.67,3.27,3.38,2.62
175320,2.21,4.89,3.2,3.12,1.75
175324,2.82,3.43,3.29,3.32,2.55
175334,3.48,2.95,3.21,3.39,2.99
175365,3.26,2.86,3.24,3.1,3.25
175405,3.02,3.0,3.24,3.33,2.87
175410,3.9,2.83,3.85,3.87,3.07
175459,2.76,3.41,3.37,3.37,2.73
175464,3.32,2.56,2.84,2.54,3.63
175490,2.4,3.93,3.99,3.99,1.99
175496,2.63,3.04,3.54,3.16,2.99
175500,2.9,2.93,2.7,2.52,3.28
175504,3.75,2.54,2.85,3.36,2.92
175519,3.44,2.47,2.54,2.67,3.35
175533,2.45,4.51,4.01,4.31,1.67
175584,3.49,2.11,2.28,1.66,4.3
175588,2.96,2.77,2.65,2.75,3.16
175615,4.97,2.24,2.07,2.94,3.54
175689,2.92,2.43,2.39,1.91,3.93
175690,3.36,3.14,2.8,3.57,2.41
175698,3.35,2.19,3.09,3.15,3.18
175700,1.82,3.4,3.88,3.37,2.4
175736,2.68,3.05,2.99,2.85,3.0
175746,3.51,2.78,2.77,3.19,2.89
175751,3.27,3.02,3.47,3.29,3.19
175758,4.01,2.46,1.95,2.03,3.86
175773,2.17,3.8,3.87,3.24,2.58
175822,3.02,2.46,3.27,3.2,3.29
175825,2.97,3.52,3.28,3.14,2.79
175834,2.87,2.97,2.82,3.26,2.6
175859,2.75,4.42,4.45,5.0,1.34
175876,4.02,2.67,2.82,3.2,3.26
175884,3.11,3.16,4.22,4.21,2.65
175888,3.86,2.37,3.23,2.82,3.88
175933,3.05,2.73,2.77,2.75,3.22
175958,2.85,2.55,3.21,2.88,3.34
175966,2.89,2.82,2.45,2.45,3.19
175977,2.8,3.06,3.38,3.83,2.36
175999,3.05,3.27,2.51,2.92,2.6
176008,3.33,2.66,2.76,2.65,3.47
176127,2.66,3.68,3.5,3.3,2.58
176131,3.46,2.63,1.87,2.07,3.49
176135,2.86,3.21,3.19,3.18,2.83
176143,3.45,2.39,2.59,2.42,3.71
176151,2.92,2.33,2.71,2.26,3.78
176213,2.6,3.1,2.44,2.46,2.94
176241,3.06,2.73,2.94,2.94,3.12
176243,2.51,3.52,3.36,3.31,2.52
176245,3.65,2.62,2.62,2.87,3.43
176257,4.03,2.44,2.11,2.8,3.19
176272,3.32,2.67,2.9,2.84,3.36
176304,3.07,2.71,3.0,2.88,3.24
176305,2.79,3.56,3.25,3.48,2.43
176320,2.13,3.62,3.17,2.92,2.61
176358,3.23,3.14,2.78,2.85,3.07
176392,3.34,2.57,2.66,2.86,3.31
176400,2.23,3.84,3.77,4.09,1.8
176423,3.07,3.06,2.99,3.07,2.9
176535,2.37,2.98,3.38,3.05,2.85
176536,4.05,3.22,3.76,4.32,2.55
176593,3.12,2.67,1.92,2.15,3.2
176607,3.88,2.19,1.88,2.49,3.38
176648,3.43,3.1,4.12,3.66,3.13
176716,2.92,2.95,1.77,2.21,2.98
176747,2.48,2.68,2.69,2.34,3.35
176778,3.19,2.36,2.65,2.89,3.21
176784,3.31,2.48,2.49,2.49,3.49
176809,3.25,2.1,2.74,2.46,3.79
176816,2.58,3.83,4.57,4.98,1.87
176828,3.22,2.28,2.44,2.09,3.91
176831,2.32,3.73,4.08,3.84,2.27
176854,4.27,2.63,2.06,2.72,3.29
176868,2.68,3.13,3.04,2.93,2.96
176882,3.89,1.5,1.81,1.28,4.93
176913,3.17,2.94,2.97,2.88,3.29
176953,2.6,3.79,3.67,3.89,2.1
176957,2.49,3.33,2.91,2.78,2.76
177004,3.14,2.47,2.36,2.36,3.51
177005,2.55,4.01,3.56,4.03,1.77
177035,3.45,2.59,3.02,2.84,3.56
177046,2.67,2.64,2.56,2.36,3.38
177061,2.64,3.2,3.05,2.98,2.78
177111,2.96,3.47,2.65,3.02,2.71
177115,2.92,3.64,3.4,3.43,2.54
177139,3.75,2.99,3.86,3.86,2.96
177164,2.7,3.4,3.93,3.62,2.54
177180,4.53,1.01,2.03,1.88,4.88
177182,3.16,2.62,2.57,2.44,3.46
177214,1.77,4.47,4.27,4.31,1.58
177234,3.51,2.18,2.35,2.39,3.73
177248,4.43,2.52,2.98,3.52,3.17
177271,3.03,3.2,3.02,3.29,2.7
177301,4.04,1.47,2.76,2.1,4.79
177342,3.58,4.16,1.96,3.71,1.67
177348,3.12,3.12,3.12,3.3,2.85
177351,2.99,3.14,3.42,3.56,2.68
177375,2.38,3.62,3.41,3.45,2.31
177417,3.75,1.67,1.0,1.0,4.44
177440,3.07,3.12,3.21,3.29,2.86
177446,2.41,4.37,4.32,4.32,1.73
177450,3.61,2.62,2.19,2.81,3.04
177498,3.8,3.68,2.92,3.75,2.35
177503,3.51,3.56,3.35,3.83,2.36
177549,4.19,3.37,2.66,3.77,2.44
177623,2.92,3.04,2.36,2.3,3.18
177633,2.42,4.02,3.31,3.38,2.31
177639,2.71,3.38,3.66,3.56,2.56
177652,2.25,3.36,3.15,2.84,2.92
177676,3.39,3.48,3.14,3.62,2.36
177705,3.96,2.37,2.52,2.67,3.7
177709,2.98,2.99,2.76,2.82,3.0
177711,3.88,2.45,3.21,2.68,4.13
177765,2.34,3.43,1.82,2.04,2.63
177766,3.5,3.13,3.28,3.46,2.73
177810,3.05,2.44,3.58,3.03,3.61
177824,2.95,3.22,3.76,3.74,2.57
177851,2.07,4.19,4.13,3.76,2.13
177862,1.11,3.22,2.07,1.41,3.07
177869,3.14,2.64,4.04,3.2,3.79
177879,2.98,3.24,2.94,3.3,2.47
177906,3.67,1.58,1.78,1.72,4.3
177972,4.24,1.36,1.75,1.62,4.62
178005,2.63,3.46,3.2,3.55,2.37
178031,2.87,2.38,2.85,2.28,3.84
178050,3.15,2.73,3.49,3.24,3.21
178059,1.0,4.83,2.98,2.5,1.38
178060,2.63,3.47,3.18,3.44,2.43
178077,3.59,2.48,2.82,2.67,3.47
178079,5.0,1.0,1.0,1.0,5.0
178135,3.63,2.12,2.24,2.29,3.68
178136,1.73,3.28,2.34,2.21,2.68
178160,2.84,2.08,2.75,1.85,4.44
178185,2.93,3.08,2.63,2.78,2.83
178192,2.86,3.12,2.83,2.81,2.98
178200,2.85,3.56,3.4,3.56,2.43
178222,3.79,2.26,2.33,2.27,3.9
178263,4.01,1.52,1.89,1.59,4.78
178289,1.71,3.71,3.37,3.15,2.29
178311,2.96,2.72,2.71,2.41,3.44
178348,3.54,2.7,1.93,2.35,3.23
178367,3.83,2.5,3.19,3.49,3.21
178373,3.06,3.32,3.84,3.2,3.32
178397,3.21,2.13,2.64,2.27,3.88
178407,3.14,2.48,2.19,2.05,3.6
178424,2.41,3.61,2.81,3.16,2.19
178434,3.24,3.2,3.5,3.74,2.73
178455,3.06,4.04,4.4,4.76,1.78
178497,3.15,3.32,3.38,3.73,2.38
178524,2.58,3.39,3.11,3.07,2.68
178530,2.71,3.18,2.35,2.45,2.87
178534,3.04,3.04,2.94,2.76,3.17
178539,1.43,4.0,3.02,2.83,2.07
178567,3.1,3.09,2.49,2.66,2.9
178573,3.6,2.65,2.64,2.8,3.32
178583,3.24,2.93,3.85,3.91,2.99
178584,2.52,3.83,3.05,3.49,2.0
178588,3.36,3.2,3.04,3.44,2.6
178604,3.17,3.03,3.0,3.1,2.92
178626,4.03,2.18,1.8,1.97,3.73
178634,3.26,3.31,3.1,3.43,2.67
178657,2.8,3.08,3.0,3.18,2.75
178692,3.32,2.98,3.56,3.55,2.98
178730,3.05,3.22,3.08,3.22,2.77
178783,2.9,3.11,2.84,3.02,2.78
178788,3.05,2.86,2.67,3.0,2.9
178816,4.14,1.66,2.07,2.07,4.25
178818,2.24,3.14,3.03,2.9,2.81
178827,2.98,2.45,2.77,2.51,3.59
178870,2.5,3.13,2.85,2.48,3.16
178957,2.52,3.7,3.3,3.67,2.15
178975,3.77,2.03,2.32,2.44,3.79
179005,3.6,2.38,2.37,2.26,3.8
179013,1.99,2.99,4.7,4.45,2.27
179052,2.26,4.17,3.96,3.31,2.65
179071,1.19,3.97,4.61,4.47,1.42
179079,2.85,3.29,3.17,3.03,2.89
179083,2.68,3.16,2.77,2.92,2.66
179106,3.22,3.56,2.91,2.94,2.71
179153,2.63,2.96,3.38,3.08,3.05
179161,2.82,2.45,2.74,2.35,3.6
179172,3.51,2.18,2.58,2.34,3.95
179197,3.09,2.35,2.6,2.48,3.54
179214,1.42,4.09,4.5,4.12,1.89
179221,3.11,2.9,2.69,2.48,3.34
179228,3.18,3.17,3.01,3.17,2.81
179242,1.29,4.12,2.59,2.68,1.88
179332,2.24,3.76,2.81,3.0,2.2
179353,3.69,2.1,1.93,2.04,3.85
179367,3.41,1.86,1.73,1.68,3.92
179397,2.71,2.58,2.56,2.38,3.44
179472,2.81,3.14,2.79,2.81,2.92
179484,3.23,2.07,2.34,1.8,4.29
179490,2.84,2.85,3.5,2.89,3.3
179500,3.12,2.07,2.74,2.41,3.81
179549,3.24,3.2,2.65,3.11,2.59
179550,3.28,2.25,2.43,2.54,3.52
179552,3.3,4.44,4.03,4.57,1.91
179587,4.05,2.72,3.19,3.85,2.79
179597,3.43,3.11,2.64,3.16,2.69
179644,2.06,3.75,4.36,3.65,2.69
179661,4.02,1.42,2.52,2.29,4.47
179663,2.4,3.39,3.31,3.32,2.62
179673,3.77,2.75,2.44,2.59,3.41
179710,3.56,2.78,2.5,2.87,3.06
179755,2.61,3.14,3.21,3.07,2.89
179785,2.51,3.1,2.88,3.06,2.62
179786,1.76,3.95,4.29,4.0,2.1
179836,3.01,3.58,5.0,4.53,2.53
179838,2.71,3.27,2.97,3.13,2.63
179839,3.14,3.15,3.25,3.21,2.94
179840,2.69,3.19,2.25,2.51,2.73
179861,2.31,3.15,2.99,2.97,2.68
179872,2.42,3.47,2.75,2.62,2.85
179878,2.82,3.4,3.24,3.32,2.63
179908,3.18,2.6,1.88,2.37,3.08
179915,3.85,2.48,2.92,3.23,3.34
179932,3.22,3.43,4.67,4.21,2.83
179933,4.08,3.12,3.66,4.2,2.6
179934,1.68,4.97,4.06,4.19,1.24
179974,2.88,2.58,2.98,2.46,3.67
179994,3.13,2.62,3.28,2.88,3.57
180013,3.13,3.31,3.35,3.53,2.57
180024,3.27,3.36,4.78,4.02,3.13
180081,4.14,2.35,3.06,2.93,3.88
180088,3.12,2.65,2.84,2.77,3.27
180105,3.14,3.16,3.08,3.04,3.01
180115,2.13,3.6,3.75,3.62,2.38
180125,3.51,2.61,2.95,3.09,3.27
180130,2.68,2.81,2.87,2.89,2.91
180133,2.63,3.45,3.45,3.58,2.4
180156,3.09,2.03,2.86,2.2,4.19
180188,2.74,3.8,4.59,4.58,1.95
180190,3.15,2.53,2.8,2.54,3.55
180191,3.18,3.31,3.57,3.86,2.46
180208,3.22,3.48,5.0,5.0,2.13
180252,1.05,3.86,4.45,3.92,2.0
180262,2.98,2.52,3.09,2.78,3.46
180271,3.06,2.61,2.68,2.42,3.57
180282,2.36,3.25,3.7,3.03,3.19
180286,3.82,2.6,2.52,2.55,3.61
180309,2.45,2.92,3.07,3.32,2.71
180349,3.46,2.39,2.67,2.44,3.72
180353,2.75,2.95,2.63,2.48,3.17
180384,2.17,3.0,3.32,2.92,2.93
180404,3.38,2.76,3.02,3.02,3.21
180418,2.09,3.57,4.37,3.77,2.78
180433,3.55,2.53,2.41,2.86,3.08
180437,2.45,3.47,3.09,3.06,2.54
180441,3.01,2.52,1.92,2.36,3.12
180467,3.18,2.82,2.8,2.85,3.17
180474,2.99,2.95,2.71,2.92,2.89
180493,2.76,3.29,4.07,3.83,2.69
180500,2.03,4.59,2.64,3.27,1.48
180527,1.33,4.48,3.92,3.55,1.92
180535,2.56,2.71,3.4,2.96,3.17
180579,3.03,2.87,2.95,2.91,3.13
180599,2.93,2.69,3.21,3.02,3.21
180612,3.13,2.85,2.87,2.7,3.31
180634,3.63,3.18,2.75,3.36,2.62
180639,1.49,4.76,4.55,4.94,1.0
180658,3.41,2.92,3.8,3.93,2.76
180695,3.21,5.0,4.3,5.0,1.0
180699,2.99,3.11,3.67,3.39,3.0
180706,2.23,3.69,3.97,3.82,2.32
180722,3.7,2.45,1.8,2.7,3.04
180724,2.7,3.1,3.25,3.58,2.39
180736,2.25,4.23,3.51,3.4,2.31
180743,2.08,3.52,4.01,3.76,2.13
180751,2.56,3.53,3.81,3.66,2.54
180757,3.27,1.9,2.83,1.94,4.6
180782,3.02,3.36,3.14,3.33,2.58
180795,3.06,2.84,2.72,2.68,3.3
180838,3.83,2.01,2.23,2.7,3.5
180876,3.17,2.75,2.71,2.84,3.16
180882,3.29,2.28,2.76,2.64,3.6
180889,2.72,3.72,2.87,3.43,2.11
180908,2.31,2.95,3.4,2.9,3.14
180925,2.87,3.46,3.16,3.25,2.68
180935,3.5,2.31,2.62,2.96,3.38
180954,2.78,3.83,3.47,3.71,2.27
180982,2.04,3.23,2.67,2.49,2.83
180987,2.72,2.92,2.71,2.75,2.97
181002,3.52,2.33,2.23,2.26,3.65
181037,3.65,2.58,3.32,3.2,3.37
181043,3.37,2.26,2.86,3.66,2.86
181058,3.98,1.81,2.77,2.44,4.13
181108,3.66,2.72,2.47,2.7,3.3
181138,2.92,3.49,3.21,3.5,2.34
181145,1.69,4.02,3.83,3.45,2.26
181163,3.38,2.01,3.35,3.01,3.67
181230,3.23,3.19,2.33,2.8,2.82
181243,4.01,2.18,3.03,3.08,3.69
181250,2.78,3.26,3.02,2.99,2.84
181254,1.57,3.55,3.98,3.02,2.85
181270,4.29,2.09,1.75,2.27,3.66
181309,3.27,2.3,3.4,3.11,3.55
181317,3.01,2.95,3.21,3.14,3.06
181332,5.0,3.3,2.37,2.85,3.41
181361,1.51,4.87,4.27,5.0,1.0
181428,3.4,2.31,2.64,2.44,3.69
181443,3.17,4.25,3.52,4.42,1.52
181448,3.29,2.67,2.58,2.83,3.11
181452,2.88,3.48,2.97,3.2,2.58
181466,2.9,3.18,3.42,3.28,2.9
181484,3.33,2.79,2.83,2.66,3.43
181499,3.13,2.79,3.17,2.99,3.29
181512,2.49,3.81,3.36,3.47,2.3
181518,3.24,2.91,2.82,2.76,3.25
181561,2.1,3.39,3.7,3.1,2.72
181570,1.5,3.94,3.12,2.76,2.48
181607,2.8,2.98,3.26,2.92,3.16
181626,2.92,3.65,3.15,3.66,2.13
181730,2.59,2.94,2.29,2.16,3.11
181745,2.69,3.0,3.38,2.74,3.45
181767,3.81,2.73,3.03,3.44,3.13
181770,3.77,2.71,2.91,3.26,3.1
181784,1.0,4.9,4.16,4.55,1.0
181800,2.47,3.14,3.49,3.19,2.73
181815,2.94,2.44,2.67,2.66,3.29
181827,2.91,2.86,3.17,3.06,3.12
181838,2.89,3.86,3.15,3.19,2.56
181839,2.9,2.73,2.67,2.64,3.3
181866,3.41,3.15,2.56,3.05,2.78
181869,2.02,4.42,4.41,4.45,1.7
181891,3.64,2.4,3.74,3.54,3.4
181918,2.83,3.23,2.96,3.19,2.65
181933,3.42,3.32,2.48,2.89,2.86
181947,2.96,2.52,2.41,2.52,3.26
181955,2.93,3.27,2.48,2.94,2.53
182025,1.38,4.33,3.92,3.68,1.72
182081,3.23,3.15,3.72,3.75,2.78
182186,2.1,3.29,2.36,2.72,2.32
182187,2.73,2.93,3.89,3.45,3.08
182212,2.81,2.83,3.04,2.83,3.22
182213,2.17,4.36,4.41,4.28,1.97
182272,2.89,2.07,2.57,2.44,3.59
182279,2.34,2.91,3.15,2.52,3.3
182287,3.43,2.63,2.66,2.72,3.35
182306,3.26,1.96,2.11,1.88,3.95
182330,1.96,3.88,3.25,3.21,2.24
182343,2.77,2.95,3.19,2.93,3.1
182355,3.39,2.29,2.78,2.74,3.61
182359,2.73,2.86,3.05,2.69,3.22
182393,3.59,2.04,2.66,2.32,4.12
182403,2.86,3.13,2.93,2.88,2.97
182426,2.04,3.58,2.86,2.59,2.67
182444,2.55,3.81,3.32,3.54,2.0
182500,2.44,2.87,3.42,2.98,3.14
182504,2.7,3.02,3.36,2.98,3.08
182506,2.87,3.78,3.57,3.44,2.55
182617,3.05,1.7,2.6,1.75,4.4
182657,2.84,4.71,3.29,4.03,1.38
182673,2.71,3.09,2.77,2.72,2.94
182677,2.99,3.46,3.15,3.35,2.53
182714,3.93,3.03,2.79,3.1,3.14
182721,2.25,3.72,3.25,3.31,2.26
182733,2.49,3.34,3.52,3.34,2.65
182743,2.96,2.8,2.59,2.46,3.35
182746,1.96,3.16,3.35,2.92,2.78
182758,3.35,3.58,3.47,3.89,2.34
182786,2.81,2.97,3.35,3.45,2.59
182802,2.31,3.85,3.91,4.04,2.09
182803,3.64,2.88,2.64,3.51,2.65
182840,2.51,3.23,3.01,2.94,2.8
182852,3.3,3.21,3.36,3.37,2.82
182855,2.89,3.05,3.1,2.98,3.07
182860,3.01,2.82,2.28,2.55,2.94
182869,2.47,3.02,3.12,2.9,2.96
182870,2.98,2.65,1.99,1.97,3.37
182904,2.48,3.67,3.02,3.21,2.29
182920,3.27,1.86,2.01,1.93,3.92
182933,5.0,1.0,1.0,1.0,5.0
182965,2.71,4.29,4.01,3.81,2.08
182969,3.29,2.49,2.82,2.43,3.78
182993,3.48,2.16,2.28,2.22,4.0
183036,2.9,2.63,3.01,2.95,3.25
183046,3.1,2.93,2.59,2.77,3.06
183060,1.0,4.56,4.09,3.94,1.4
183074,3.01,2.46,2.93,2.13,4.11
183075,1.0,4.22,3.79,3.14,1.89
183082,3.19,2.45,2.58,2.18,3.81
183094,3.29,3.06,2.5,2.77,2.96
183121,2.2,4.29,4.7,4.91,1.56
183130,3.21,2.61,2.79,2.95,3.04
183163,2.87,3.19,2.73,2.78,2.9
183172,2.96,2.71,3.81,4.09,2.67
183179,4.72,1.52,1.78,2.41,4.02
183207,2.8,2.92,2.87,2.89,3.05
183220,3.35,1.95,1.84,1.7,3.94
183244,1.47,4.27,3.89,3.61,2.0
183257,3.53,1.65,3.48,2.42,4.69
183265,3.98,2.84,2.76,3.1,3.23
183293,3.52,2.18,2.14,2.61,3.32
183357,1.65,3.61,3.27,2.11,3.29
183364,3.31,3.36,4.89,4.09,3.25
183372,3.4,2.47,2.98,3.07,3.35
183386,3.62,2.99,3.71,3.83,3.01
183417,3.03,2.94,2.79,2.82,3.1
183451,3.24,2.96,2.87,2.94,3.13
183455,3.5,3.0,2.46,3.08,2.76
183467,3.7,2.16,2.24,2.52,3.56
183476,3.31,2.97,3.34,3.36,2.91
183486,2.89,3.07,3.3,3.13,2.98
183487,2.9,2.32,2.7,2.29,3.78
183519,3.31,2.34,2.1,1.96,3.71
183522,1.56,4.8,3.8,3.85,1.5
183546,2.37,3.44,3.45,2.88,2.99
183566,2.58,2.82,3.12,2.71,3.31
183570,4.43,1.34,1.25,1.45,4.55
183580,3.22,2.59,2.8,2.7,3.38
183632,2.76,2.92,3.44,3.17,3.05
183653,2.35,3.86,4.53,4.35,2.01
183700,2.6,3.49,3.1,3.29,2.45
183723,2.67,3.16,3.82,3.46,2.94
183766,3.37,2.47,2.5,2.61,3.35
183842,2.78,3.08,2.95,2.94,2.92
183862,3.83,1.61,1.87,1.89,4.12
183888,3.34,2.32,3.24,3.03,3.68
183897,2.99,3.2,2.74,2.9,2.88
183919,3.25,1.48,1.23,1.18,4.07
183925,2.96,2.65,2.85,2.63,3.41
183933,2.93,3.3,3.36,3.49,2.59
183949,2.63,2.99,3.45,3.18,2.98
183955,2.32,2.81,3.21,2.61,3.33
183964,3.45,3.21,2.96,3.39,2.67
183981,3.35,2.32,2.45,2.78,3.23
183985,2.97,3.13,2.56,2.9,2.75
183999,2.39,2.95,3.69,3.06,3.2
184001,3.68,2.11,1.74,1.65,4.22
184022,4.0,1.49,1.69,1.6,4.46
184033,2.6,3.04,3.21,2.86,3.05
184040,2.46,4.39,4.33,4.31,1.95
184066,3.1,2.92,2.55,2.9,2.88
184072,3.39,3.07,2.63,3.29,2.59
184074,3.8,2.64,3.07,3.2,3.39
184078,3.56,3.2,2.31,2.71,3.01
184094,3.43,2.9,3.03,3.53,2.73
184107,3.14,3.3,3.23,3.18,2.85
184108,3.32,3.07,2.7,2.79,2.96
184140,2.93,3.21,3.07,3.54,2.45
184143,4.37,2.26,1.03,1.71,3.76
184161,3.27,2.79,2.5,2.37,3.42
184177,2.85,3.29,3.19,3.22,2.71
184185,3.06,2.84,2.79,2.88,2.99
184199,3.21,2.64,3.17,3.17,3.17
184200,2.87,3.21,3.12,2.88,3.07
184201,3.0,2.43,2.56,2.35,3.61
184232,3.69,2.16,3.52,3.16,3.82
184234,2.84,3.2,2.99,2.95,2.83
184241,1.91,2.67,3.12,2.21,3.57
184256,2.79,3.77,3.95,4.08,2.19
184276,4.33,2.05,2.2,2.57,3.97
184281,2.88,4.32,5.0,5.0,1.54
184345,2.6,3.14,3.05,2.93,2.88
184350,4.21,2.86,3.39,3.63,3.17
184363,4.78,2.94,2.89,3.6,3.16
184384,2.02,3.88,4.42,3.93,2.39
184388,2.6,3.81,4.04,3.91,2.51
184399,2.8,2.49,2.7,2.45,3.5
184400,3.33,2.63,2.36,2.2,3.54
184417,4.25,2.01,2.1,2.18,4.01
184421,2.51,3.38,3.9,3.82,2.44
184430,3.16,3.64,3.34,4.04,2.01
184464,2.73,2.93,2.65,2.79,2.9
184484,3.14,3.24,2.57,2.88,2.88
184554,2.89,2.56,2.61,2.37,3.56
184609,3.55,1.77,3.48,2.79,4.18
184640,2.85,2.73,3.1,2.86,3.23
184666,2.26,3.29,2.88,2.65,2.87
184676,3.07,2.82,3.4,3.28,3.15
184734,2.74,2.84,2.63,2.67,3.06
184749,2.87,3.34,2.97,3.2,2.62
184804,3.07,2.81,3.32,3.22,2.94
184805,3.72,2.47,2.87,2.58,3.92
184840,3.63,2.76,2.71,2.64,3.48
184861,3.17,2.45,2.6,2.49,3.52
184878,2.81,4.04,3.59,3.88,1.91
184888,2.2,3.83,4.25,3.89,2.38
184900,2.5,3.16,4.19,3.18,3.4
184901,4.04,2.56,2.82,2.77,3.83
184917,2.8,2.37,3.04,2.65,3.65
184950,3.51,2.89,2.51,2.9,3.05
184963,3.33,2.67,2.38,2.48,3.27
185001,3.25,3.01,2.34,2.4,3.33
185002,1.62,3.95,4.03,3.45,2.32
185020,2.22,3.21,2.94,2.69,2.84
185044,2.72,3.25,3.59,3.75,2.35
185078,3.12,2.44,2.63,2.28,3.73
185112,3.04,2.67,3.14,2.73,3.5
185120,2.93,3.14,3.2,3.24,2.81
185122,3.52,1.86,1.49,1.38,4.18
185131,2.49,3.0,3.06,2.77,3.04
185135,3.14,2.6,2.51,2.57,3.31
185137,2.67,3.18,2.99,2.93,2.86
185148,3.2,2.39,2.91,2.64,3.69
185215,3.86,3.92,4.29,4.67,2.09
185218,2.44,3.51,3.78,3.71,2.38
185239,2.96,2.77,2.8,2.81,3.24
185243,1.43,4.49,4.1,4.21,1.49
185279,2.3,2.48,3.1,2.19,3.87
185282,3.36,2.08,2.74,2.55,3.72
185294,3.1,3.6,2.88,3.53,2.18
185388,3.62,2.48,2.95,2.74,3.57
185448,3.2,3.7,3.46,4.1,2.0
185479,3.01,3.29,3.07,3.09,2.82
185515,2.84,3.02,3.0,2.97,2.97
185527,3.68,2.59,2.28,2.66,3.18
185530,3.26,5.0,3.88,4.68,1.0
185536,2.96,2.37,2.74,2.44,3.72
185590,3.05,2.15,1.87,2.15,3.46
185600,3.48,2.38,2.61,2.62,3.55
185614,3.88,1.86,2.28,2.25,4.06
185634,3.17,2.72,3.06,2.86,3.43
185649,3.17,3.54,3.09,3.97,2.04
185667,3.24,1.96,2.26,1.97,4.06
185674,3.76,2.01,1.85,1.98,3.91
185706,3.14,3.43,3.51,3.34,2.82
185713,2.67,3.09,2.57,2.48,3.08
185718,1.82,3.73,3.18,2.99,2.5
185739,4.08,2.42,4.02,3.55,3.74
185748,3.28,2.64,2.45,2.37,3.57
185792,2.5,3.11,3.02,2.71,3.05
185794,4.16,2.75,2.19,3.05,2.94
185861,2.73,2.27,2.82,1.8,4.36
185869,1.0,4.06,3.06,2.55,2.17
185879,3.02,2.54,2.66,2.44,3.49
185888,2.72,3.63,3.58,3.66,2.4
185892,3.97,4.64,2.32,3.31,1.8
185912,1.61,3.66,3.58,3.52,2.07
185916,3.0,3.15,3.82,3.63,2.84
185938,2.93,3.3,3.16,3.31,2.63
185982,3.3,2.48,2.64,2.73,3.36
185994,3.2,2.06,3.79,3.16,3.84
186035,2.62,3.18,2.31,3.14,2.22
186103,4.01,2.59,2.68,2.7,3.49
186131,3.09,2.8,2.84,2.77,3.26
186245,3.78,3.0,2.54,3.23,2.77
186248,2.8,3.14,2.87,2.83,3.02
186280,2.92,2.06,2.32,1.57,4.16
186298,3.34,2.73,2.94,3.04,3.21
186307,3.18,3.15,2.84,3.21,2.78
186309,3.21,3.65,3.17,3.16,2.75
186345,3.12,3.03,3.53,3.3,3.0
186400,3.74,3.62,4.27,3.49,3.42
186436,2.52,3.19,3.1,2.71,3.21
186453,2.47,2.97,3.19,2.89,3.08
186478,2.79,3.22,3.36,3.27,2.81
186486,3.3,2.98,2.73,2.96,2.97
186487,3.09,3.01,2.87,3.14,2.73
186504,3.16,2.82,3.48,3.39,3.02
186505,2.17,3.95,3.19,3.31,2.14
186548,2.95,2.56,2.51,2.43,3.47
186598,2.77,1.79,2.21,1.6,4.45
186599,3.28,2.31,2.51,2.31,3.71
186623,2.47,3.97,4.73,4.25,2.38
186633,3.43,3.07,2.92,2.91,3.07
186684,3.01,2.34,2.87,2.41,3.86
186692,2.7,2.86,2.67,2.42,3.38
186702,3.71,2.16,2.3,2.48,3.55
186759,2.96,3.51,3.35,3.6,2.44
186760,3.05,2.58,2.66,2.54,3.37
186768,3.32,2.4,2.17,2.64,3.22
186799,4.11,1.24,1.25,1.43,4.46
186815,3.2,3.1,2.8,2.73,3.22
186828,2.9,2.49,3.28,2.64,3.78
186857,2.86,3.0,3.34,3.21,3.01
186874,3.59,2.8,3.08,3.0,3.54
186895,3.97,1.68,1.74,1.63,4.37
186918,2.93,3.33,3.02,3.1,2.7
186931,2.9,2.8,2.51,2.53,3.19
186946,4.3,3.78,4.16,3.46,3.37
186947,3.49,2.37,2.48,2.52,3.55
186962,2.81,5.0,4.65,5.0,1.06
186964,2.99,3.45,3.08,3.38,2.35
186976,2.16,4.17,4.08,3.73,2.45
186983,2.94,3.27,2.77,3.09,2.58
187010,3.18,4.25,4.41,4.49,1.91
187014,2.03,2.97,3.59,2.94,3.1
187030,3.16,2.41,2.72,2.53,3.6
187060,3.95,2.31,2.19,2.21,3.87
187091,2.98,2.9,2.69,2.69,3.12
187096,3.1,2.89,3.02,2.92,3.18
187098,3.88,1.37,1.8,1.49,4.59
187101,3.82,3.17,3.63,4.13,2.54
187124,4.39,2.66,2.86,3.37,3.26
187136,2.59,4.01,2.76,3.32,2.01
187147,3.59,2.48,2.12,2.59,3.4
187159,2.48,3.65,4.17,4.24,2.02
187196,2.98,3.14,3.33,3.27,2.76
187245,3.05,2.97,2.66,2.69,3.26
187261,3.17,3.14,2.55,3.01,2.71
187270,1.91,3.52,2.55,2.53,2.51
187276,3.8,2.57,2.84,2.83,3.53
187279,2.81,3.16,2.76,2.76,2.89
187283,1.93,3.93,3.72,3.81,1.79
187322,2.62,3.58,3.26,3.37,2.42
187323,3.5,2.44,2.53,2.69,3.41
187362,2.38,2.89,2.99,2.88,2.94
187364,2.64,3.08,3.38,2.78,3.2
187451,2.86,3.1,3.15,3.06,2.99
187457,2.97,3.5,3.02,3.18,2.69
187476,3.29,2.98,3.14,3.04,3.07
187492,3.08,3.58,3.81,4.03,2.25
187561,3.46,2.79,2.95,3.04,3.3
187603,2.24,3.43,2.73,2.55,2.77
187626,3.21,2.7,2.72,2.36,3.63
187653,1.84,3.22,4.51,3.4,3.18
187675,2.7,3.16,3.27,3.36,2.59
187677,3.31,1.0,2.16,1.0,5.0
187689,2.34,3.41,4.47,3.65,2.83
187738,3.86,3.34,3.73,3.68,2.9
187774,2.49,3.53,3.3,3.41,2.43
187847,3.26,3.67,4.9,5.0,2.0
187853,2.61,3.76,3.61,3.79,2.2
187856,2.08,4.18,4.3,3.98,2.05
187884,2.02,3.62,4.03,3.82,2.21
187892,2.46,3.82,3.54,3.78,2.12
187916,2.88,2.67,2.88,2.68,3.35
187926,2.92,2.68,2.68,2.62,3.27
187954,2.78,3.18,3.14,2.94,3.02
187970,4.39,2.55,2.64,2.64,3.97
187982,2.9,2.67,2.72,2.64,3.25
187988,3.29,2.4,2.49,2.52,3.48
188037,3.01,2.93,2.56,2.63,3.16
188039,3.33,2.32,2.34,2.36,3.58
188074,3.27,2.33,2.57,2.4,3.64
188098,3.21,2.8,2.77,2.8,3.23
188115,3.45,2.41,2.38,2.49,3.34
188137,2.65,3.99,2.93,3.59,1.91
188146,3.09,3.5,3.97,3.99,2.62
188147,3.29,1.85,1.96,1.81,4.04
188155,3.86,2.34,2.11,2.43,3.68
188167,4.13,1.65,1.92,1.89,4.32
188174,1.34,4.92,4.22,4.47,1.0
188186,2.14,3.1,3.31,2.91,2.85
188202,3.73,3.39,2.91,3.77,2.42
188263,2.85,3.08,3.12,2.84,3.13
188265,2.91,3.7,3.4,4.36,1.85
188276,1.25,3.64,3.59,3.18,2.23
188277,2.92,2.59,3.06,2.38,3.82
188353,4.25,1.91,2.84,3.49,3.42
188356,3.86,2.31,2.51,2.51,3.8
188359,4.11,2.61,3.03,3.27,3.39
188375,1.77,3.6,3.81,3.39,2.53
188391,4.72,1.79,1.46,1.79,4.23
188393,1.77,3.78,3.97,3.57,2.21
188413,3.26,2.66,3.0,3.01,3.27
188431,2.44,3.46,3.59,3.38,2.52
188454,3.69,3.31,2.74,2.71,3.1
188480,3.27,2.94,2.25,2.37,3.35
188481,2.62,2.55,2.53,2.26,3.41
188491,3.68,2.83,2.6,3.17,2.91
188508,2.87,2.98,2.89,2.79,3.11
188510,2.99,2.69,2.83,2.62,3.39
188524,2.97,2.5,2.55,2.58,3.26
188526,2.56,3.85,3.77,4.28,1.72
188527,3.69,3.09,2.89,3.64,2.56
188537,3.01,2.97,3.19,3.06,2.92
188538,3.18,2.76,2.66,2.72,3.26
188550,3.43,3.18,3.13,2.88,3.41
188555,2.68,3.71,3.4,3.63,2.21
188607,3.4,2.71,2.96,2.75,3.42
188608,3.13,2.55,3.18,2.56,3.91
188614,3.27,2.28,2.52,2.25,3.8
188672,3.49,2.66,2.58,2.62,3.41
188692,3.09,2.69,2.58,2.5,3.35
188754,3.06,2.72,3.57,3.22,3.49
188776,4.06,2.31,2.72,2.88,3.71
188788,3.21,2.51,3.0,3.19,3.02
188838,2.96,4.63,3.07,3.87,1.61
188849,1.0,4.01,2.63,2.41,1.99
188878,1.93,3.83,4.67,4.3,2.18
188898,3.66,1.97,2.03,2.13,3.89
188905,3.15,4.58,4.57,4.84,1.71
188906,3.31,2.84,3.58,3.48,3.24
188929,3.73,1.97,1.97,1.98,3.95
188935,3.51,2.63,2.87,3.3,2.96
188937,2.74,3.19,3.1,3.02,2.87
188938,3.27,2.69,2.89,2.77,3.37
188946,3.18,2.95,2.84,2.9,3.14
188952,3.18,2.4,2.57,1.89,4.0
188956,2.81,3.13,2.95,3.07,2.77
189069,3.09,3.33,2.95,3.23,2.62
189088,2.17,4.09,3.87,3.67,2.0
189090,2.56,4.23,4.09,4.38,1.8
189145,3.67,2.79,2.87,3.15,3.11
189154,3.28,3.76,3.77,4.27,2.14
189175,2.12,3.79,3.52,2.98,2.72
189178,2.56,3.36,4.04,3.68,2.67
189200,4.1,3.55,2.78,3.56,2.59
189226,2.95,2.36,2.51,2.56,3.38
189235,2.99,2.91,3.4,3.25,3.03
189270,4.59,1.02,1.0,1.0,5.0
189271,2.49,4.42,3.98,3.44,2.32
189328,4.1,1.39,1.02,1.85,4.05
189335,4.24,1.79,1.66,1.94,4.12
189344,3.13,2.84,2.74,3.18,2.82
189347,2.48,3.74,3.12,3.41,2.2
189348,1.46,3.57,2.75,2.47,2.46
189366,2.4,3.4,2.74,2.92,2.39
189388,2.99,3.34,3.27,3.23,2.76
189390,2.81,3.52,3.3,3.5,2.46
189422,2.53,3.57,3.14,3.07,2.55
189429,3.09,2.87,2.45,2.53,3.2
189485,3.14,3.24,2.97,3.15,2.71
189495,2.87,1.84,2.49,1.45,4.69
189496,3.73,1.96,2.3,2.55,3.65
189508,2.56,3.06,3.66,3.05,3.19
189537,1.19,4.22,4.08,3.69,1.77
189543,3.03,3.25,2.93,3.38,2.42
189570,3.54,3.1,2.54,3.1,2.75
189588,1.67,3.87,3.44,2.93,2.43
189623,3.32,3.4,2.6,2.72,2.89
189626,2.62,3.32,3.59,3.4,2.76
189646,2.81,3.3,2.9,3.18,2.47
189674,3.05,2.66,2.83,2.77,3.37
189692,3.73,2.84,2.4,2.75,3.09
189730,2.7,3.31,2.94,3.47,2.26
189744,4.49,2.98,3.0,3.7,2.87
189760,2.96,2.69,2.86,2.64,3.49
189764,1.0,4.39,2.58,1.57,2.03
189807,3.04,2.68,3.09,3.08,3.13
189822,2.71,3.11,2.83,2.81,2.92
189895,2.33,3.47,3.25,2.98,2.73
189908,2.05,3.95,3.56,2.82,2.8
189918,2.7,3.05,3.25,3.37,2.71
189927,3.08,3.03,2.87,2.99,2.82
189929,2.76,3.56,3.01,3.17,2.49
189945,3.47,2.07,2.37,2.37,3.73
189980,3.74,2.47,2.21,2.44,3.46
189981,3.51,2.33,2.65,3.05,3.19
190034,2.04,4.31,4.07,3.99,2.02
190050,3.61,2.34,2.86,3.11,3.27
190071,2.94,2.71,2.97,3.18,2.97
190111,2.91,2.91,3.08,2.86,3.2
190128,2.57,3.22,2.95,3.08,2.62
190150,1.4,4.53,4.03,4.19,1.23
190178,2.77,3.1,3.2,3.07,3.0
190211,2.21,3.59,3.61,3.4,2.41
190275,2.35,3.5,3.67,3.69,2.39
190289,2.99,2.17,3.13,2.13,4.35
190315,3.83,2.66,2.22,2.86,3.0
190325,4.69,1.0,1.92,1.42,5.0
190336,3.37,2.67,2.64,2.62,3.42
190373,4.14,2.71,3.08,3.41,3.24
190377,3.07,3.03,2.99,3.01,3.01
190396,3.67,1.89,1.0,1.3,3.78
190438,2.82,3.2,3.1,3.08,2.85
190466,1.92,3.77,2.78,2.77,2.34
190501,3.78,2.23,2.26,2.47,3.63
190510,2.71,2.92,3.32,2.78,3.4
190519,2.61,3.12,3.07,3.24,2.7
190546,3.78,2.37,2.42,2.8,3.38
190554,3.04,3.61,2.99,3.33,2.36
190560,2.5,2.81,3.86,3.17,3.28
190578,2.67,4.08,3.52,3.74,1.9
190605,3.11,3.82,3.1,3.72,2.08
190618,1.91,4.58,3.81,3.81,1.57
190636,4.42,3.15,3.35,3.66,3.07
190638,4.14,2.47,2.61,3.0,3.46
190662,2.44,4.13,4.38,4.49,1.71
190684,2.79,3.44,3.57,3.43,2.66
190703,3.44,2.53,1.89,2.24,3.23
190731,1.99,3.0,3.34,2.97,2.81
190741,2.85,2.29,2.03,2.07,3.23
190780,1.26,4.18,3.32,2.99,1.96
190814,3.62,1.28,1.0,1.0,4.4
190862,4.11,2.43,3.45,3.35,3.61
190866,3.28,3.8,4.69,5.0,1.87
190876,2.89,3.22,2.58,2.78,2.71
190878,3.38,2.59,2.82,2.62,3.55
190930,2.87,3.81,3.13,3.47,2.49
190940,3.37,3.19,3.41,3.48,2.78
190944,3.39,2.45,2.31,2.36,3.59
190956,3.0,3.25,2.78,3.04,2.67
190975,3.3,2.01,2.4,2.17,3.79
191015,3.01,3.73,2.5,3.18,2.35
191020,3.64,2.8,2.52,2.65,3.3
191046,2.35,4.08,3.56,3.59,2.36
191055,2.66,3.18,2.75,2.89,2.69
191061,1.33,4.06,2.69,2.89,1.74
191087,3.59,2.82,4.03,3.49,3.49
191089,4.02,2.31,1.93,2.38,3.59
191094,2.05,2.75,2.29,2.39,2.76
191141,2.78,2.37,3.09,2.59,3.55
191174,3.29,1.89,2.5,2.1,4.15
191184,2.98,2.72,3.03,3.11,3.01
191214,2.12,4.05,4.01,3.56,2.36
191224,2.84,2.99,2.69,2.57,3.16
191227,2.83,2.83,3.21,2.93,3.29
191255,3.41,2.52,2.86,2.79,3.55
191272,3.57,2.6,3.66,3.71,3.13
191274,2.71,3.04,3.26,3.49,2.52
191325,1.99,4.22,4.19,4.01,1.91
191372,4.55,2.1,2.48,2.79,3.87
191381,4.03,1.7,2.3,2.36,4.15
191382,2.68,3.21,3.21,3.08,2.81
191391,2.65,3.24,2.98,2.97,2.82
191411,3.61,3.02,3.21,4.08,2.3
191429,2.99,3.22,3.12,3.33,2.58
191453,2.79,2.76,2.74,2.56,3.27
191461,2.62,3.0,1.81,2.24,2.69
191482,3.66,2.05,2.1,2.04,3.95
191509,2.75,2.91,3.39,2.83,3.38
191518,2.09,3.55,2.9,2.71,2.42
191577,2.62,3.48,2.51,2.55,2.72
191602,2.86,3.81,3.58,3.74,2.19
191638,1.93,4.27,3.73,3.89,1.72
191644,3.4,3.51,3.25,3.38,2.76
191667,3.58,2.38,2.84,2.96,3.49
191689,3.19,2.54,3.27,2.93,3.49
191729,2.92,4.33,3.98,4.62,1.58
191731,3.57,2.41,2.58,2.52,3.66
191739,2.72,3.05,2.97,2.75,3.17
191743,2.66,2.46,3.22,2.64,3.65
191767,2.73,3.16,2.88,2.89,2.89
191784,3.31,3.08,3.37,3.13,3.33
191792,3.7,3.06,2.18,3.06,2.7
191806,2.65,2.97,2.95,2.73,3.13
191807,2.56,2.81,3.32,2.44,3.78
191838,3.11,2.67,3.03,2.98,3.14
191839,4.07,3.14,3.76,4.15,2.61
191846,1.38,4.32,4.25,3.66,1.99
191852,3.64,2.44,2.32,2.5,3.53
191853,2.9,3.04,3.02,3.15,2.86
191890,2.16,2.83,3.23,2.0,4.07
191892,2.82,2.5,2.43,2.43,3.3
191908,4.59,1.18,1.24,1.41,4.74
191917,2.48,3.69,2.5,2.85,2.24
191920,1.4,4.5,4.21,4.1,1.56
191927,2.1,3.26,3.49,2.82,3.13
191938,3.19,2.45,3.12,2.87,3.46
191987,2.91,3.13,2.8,3.08,2.69
191994,3.58,2.49,2.73,2.65,3.71
191999,2.79,3.02,3.0,3.0,2.9
192000,3.72,2.35,2.67,2.9,3.46
192016,3.19,2.57,4.94,4.5,3.05
192023,2.89,2.88,3.28,3.1,3.16
192025,1.95,3.95,4.64,4.47,1.7
192061,4.41,2.1,2.29,2.66,3.84
192095,3.79,2.79,3.62,3.5,3.35
192108,2.63,3.11,3.21,2.95,3.09
192116,3.21,3.42,3.25,3.71,2.41
192129,3.36,2.82,2.82,3.02,3.12
192136,3.36,3.08,2.41,2.99,2.68
192140,2.64,2.76,2.39,2.16,3.38
192176,1.84,3.65,2.49,2.39,2.48
192183,3.21,2.68,2.9,2.81,3.33
192205,4.02,2.01,1.97,2.03,4.15
192208,3.66,1.83,3.04,2.6,4.2
192246,3.3,2.85,2.76,3.04,3.0
192250,4.08,2.89,1.85,2.44,3.09
192268,2.73,2.35,2.13,2.18,3.41
192281,2.96,2.81,3.04,3.31,2.77
192292,2.43,3.48,3.95,3.87,2.37
192300,3.72,2.27,3.72,3.65,3.23
192305,3.67,2.26,1.97,2.28,3.59
192310,3.22,3.49,3.44,3.08,3.06
192333,3.83,2.1,1.82,2.11,3.76
192344,3.03,3.07,2.61,2.87,2.85
192346,2.69,2.23,2.45,1.94,3.97
192414,2.29,5.0,4.44,4.85,1.02
192431,3.35,2.56,2.38,2.56,3.32
192461,3.23,2.95,2.51,2.63,3.2
192483,3.13,2.91,2.88,3.08,2.96
192548,4.09,1.36,1.22,1.56,4.24
192622,3.19,2.82,2.58,2.71,3.13
192683,4.29,1.56,1.84,1.64,4.53
192725,2.98,3.75,3.82,3.91,2.38
192726,3.19,2.92,2.71,2.82,3.13
192737,2.01,3.42,3.34,2.82,2.99
192744,3.27,2.55,3.97,3.9,3.01
192760,3.41,2.66,3.06,2.98,3.36
192789,3.2,3.02,3.07,3.37,2.62
192791,3.18,2.63,2.65,2.69,3.33
192800,2.31,2.57,3.36,2.86,3.25
192807,2.89,4.06,3.74,4.17,1.92
192838,3.35,2.82,3.13,3.26,3.08
192875,1.32,3.97,3.34,2.97,2.22
192880,2.44,3.48,2.88,2.84,2.59
192894,3.28,2.51,2.61,2.88,3.19
192977,3.74,2.41,2.2,2.41,3.6
193014,2.74,3.02,2.96,2.89,2.96
193026,3.16,2.99,3.3,3.2,3.03
193048,2.42,3.21,2.5,2.52,2.86
193052,2.19,3.5,3.31,3.2,2.53
193057,1.27,3.49,1.79,1.73,2.49
193063,4.01,1.95,2.82,2.59,4.03
193069,3.33,2.58,2.87,2.71,3.42
193091,3.07,3.38,2.85,3.36,2.38
193110,3.64,4.23,3.16,4.23,1.68
193132,2.65,3.62,3.1,3.12,2.52
193134,3.71,2.72,2.42,2.85,3.1
193139,2.79,2.96,3.1,3.03,3.07
193143,3.98,2.64,2.4,2.65,3.39
193185,3.57,2.89,2.89,3.32,2.77
193196,2.36,4.94,4.68,5.0,1.0
193197,2.01,4.01,4.24,3.68,2.33
193212,2.79,2.9,2.67,2.42,3.31
193221,3.2,2.64,3.33,3.46,2.94
193266,2.64,3.1,3.49,3.45,2.68
193290,3.95,2.33,1.85,2.29,3.58
193293,3.72,2.08,4.0,3.39,3.81
193371,3.0,2.6,2.67,2.43,3.55
193380,2.72,3.6,2.86,3.43,2.14
193436,2.77,3.18,3.14,3.0,2.9
193457,2.21,4.08,4.23,4.09,2.02
193468,3.29,2.65,2.78,2.78,3.33
193478,3.48,2.2,2.73,2.3,4.09
193527,2.34,3.8,3.58,3.52,2.35
193538,3.01,2.79,3.16,2.83,3.37
193552,2.53,3.78,3.1,3.52,2.02
193558,3.05,3.21,2.93,3.01,2.93
193619,3.19,3.2,3.04,3.33,2.82
193658,2.55,4.34,4.66,5.0,1.53
193668,2.56,3.64,3.21,3.36,2.44
193681,2.94,2.92,2.93,2.74,3.21
193712,3.52,2.25,2.09,1.62,4.12
193720,3.25,2.4,2.56,2.39,3.59
193747,3.44,2.81,2.73,2.74,3.29
193750,3.33,2.72,2.87,2.78,3.44
193789,4.39,2.85,3.09,3.83,2.85
193812,2.9,2.46,2.85,2.18,4.03
193837,2.79,3.04,3.68,3.57,2.88
193844,2.58,2.92,2.93,2.78,3.04
193866,4.46,1.5,3.02,2.69,4.44
193871,3.31,2.91,3.04,2.98,3.17
193873,3.27,3.5,3.5,3.88,2.32
193880,2.9,2.63,3.08,2.57,3.55
193907,2.84,3.75,4.8,4.88,1.9
193911,3.56,2.44,2.25,2.27,3.56
193940,2.98,2.74,2.69,2.58,3.31
193978,3.19,3.39,3.25,3.44,2.67
194014,3.01,2.9,2.49,2.33,3.37
194019,2.86,3.12,3.1,3.11,2.87
194036,3.11,2.71,3.16,3.07,3.2
194051,2.54,2.92,2.83,2.56,3.16
194062,3.37,2.5,2.81,2.78,3.41
194086,1.97,3.66,5.0,5.0,1.98
194090,3.57,2.11,2.22,2.46,3.58
194116,3.13,3.3,2.94,3.33,2.5
194200,2.04,3.91,3.13,3.12,2.24
194216,3.1,3.18,3.45,3.34,2.9
194258,3.49,2.33,2.33,2.44,3.62
194277,2.51,2.98,3.16,2.71,3.17
194284,2.84,3.22,2.56,2.67,2.98
194339,3.37,2.13,1.87,1.94,3.62
194366,2.95,2.32,2.67,2.25,3.75
194374,3.22,2.86,3.54,3.52,2.92
194401,2.42,3.88,3.14,3.58,1.93
194418,2.9,3.68,3.81,4.28,2.05
194424,2.91,2.82,3.1,2.82,3.21
194440,1.66,3.81,2.39,2.43,2.31
194472,2.52,3.17,3.2,3.06,2.86
194536,3.37,2.57,2.68,2.64,3.51
194541,3.43,2.76,3.04,3.12,3.14
194597,2.29,3.79,3.79,3.71,2.13
194603,2.59,2.89,3.16,3.15,2.73
194638,3.87,1.97,2.67,3.58,3.12
194681,3.51,2.38,2.05,2.31,3.57
194720,2.07,3.84,3.93,3.63,2.36
194723,2.97,2.6,4.63,4.45,2.79
194749,3.16,1.85,2.56,2.38,3.88
194797,2.85,3.04,3.53,2.92,3.29
194801,2.31,4.11,2.97,3.16,2.11
194809,3.7,3.16,2.22,3.02,2.67
194811,2.26,3.0,2.66,2.49,2.91
194844,4.15,2.27,2.35,2.71,3.46
194859,3.35,2.49,2.26,2.15,3.71
194873,2.76,3.58,3.45,3.44,2.53
194890,4.48,2.17,3.03,3.43,3.42
194894,2.89,3.11,3.48,3.27,3.05
194903,2.85,2.5,2.81,1.96,4.01
194954,3.06,3.19,2.52,3.04,2.57
194964,2.96,2.92,3.11,2.84,3.24
194973,3.28,2.93,2.94,3.03,3.07
195007,3.07,2.65,2.5,2.52,3.24
195031,3.07,3.02,2.81,2.97,2.88
195052,1.95,3.39,3.58,3.43,2.4
195087,2.22,4.22,3.66,3.75,1.88
195121,4.04,1.91,2.74,2.68,3.99
195132,1.34,3.79,2.47,2.25,2.34
195140,2.66,3.76,3.69,3.74,2.24
195164,2.74,4.54,4.31,4.46,1.88
195170,3.02,2.69,2.67,2.61,3.37
195184,2.28,3.16,3.06,2.69,3.01
195190,1.97,4.43,4.72,4.71,1.46
195198,4.05,3.02,3.5,4.14,2.62
195225,3.63,2.07,1.96,1.62,4.26
195228,3.0,3.47,2.84,3.38,2.33
195259,3.28,2.57,2.82,2.64,3.55
195319,3.52,2.71,2.27,2.38,3.54
195328,3.88,2.72,2.58,2.96,3.15
195353,3.6,1.97,2.02,2.02,3.96
195356,3.88,1.63,1.31,1.3,4.34
195367,3.38,3.32,3.26,3.65,2.57
195374,2.75,2.94,4.06,4.24,2.44
195388,2.42,3.74,4.19,4.26,1.97
195462,2.73,3.09,2.78,2.74,2.89
195470,2.64,3.01,3.44,3.17,2.95
195511,2.33,2.86,2.67,2.26,3.09
195532,3.12,2.71,3.0,3.06,3.16
195542,3.09,2.77,2.89,2.78,3.18
195579,3.88,2.76,2.42,2.74,3.37
195581,3.66,3.28,3.04,3.82,2.42
195582,3.73,1.06,2.13,1.48,5.0
195627,4.12,1.18,1.23,1.13,4.69
195641,3.15,3.53,3.89,3.76,2.66
195642,2.24,4.61,4.15,4.07,1.81
195669,3.93,2.8,2.23,2.79,3.01
195687,4.04,2.75,2.79,3.49,2.96
195758,2.91,2.99,3.04,3.1,2.83
195760,3.15,2.94,2.73,2.96,2.97
195776,4.31,3.26,3.08,3.94,2.49
195790,2.5,2.96,3.58,3.54,2.62
195799,2.75,2.92,3.43,3.24,2.98
195837,2.38,3.59,3.78,3.64,2.43
195839,3.52,2.39,2.74,2.65,3.65
195865,2.44,4.02,3.12,3.24,2.07
195871,2.61,3.15,3.04,2.77,3.06
195882,2.91,2.36,2.51,2.24,3.5
195896,3.15,2.85,2.41,2.61,3.12
195946,2.63,2.67,3.17,2.88,3.22
196037,3.21,3.07,2.79,3.17,2.8
196042,1.71,4.1,4.46,4.31,1.87
196058,3.36,3.48,3.07,3.32,2.81
196109,2.71,3.06,2.79,2.46,3.22
196132,3.63,2.94,2.91,3.35,2.84
196140,2.67,4.21,4.25,4.41,1.81
196141,3.4,2.1,2.32,2.59,3.38
196148,3.07,2.74,2.48,2.53,3.21
196155,3.88,3.03,3.17,3.75,2.87
196167,3.01,2.75,2.81,2.57,3.45
196183,2.36,3.66,3.45,3.45,2.35
196189,3.03,2.59,3.21,2.96,3.63
196233,2.62,3.34,2.34,2.41,2.8
196244,1.0,3.99,2.47,2.33,2.02
196254,2.89,2.26,2.79,2.32,3.9
196284,3.8,2.63,3.39,3.99,2.69
196290,4.56,1.32,1.69,1.37,5.0
196291,2.61,3.23,3.32,2.4,3.59
196293,3.06,3.08,3.05,3.19,2.86
196330,3.39,2.18,2.68,2.59,3.69
196345,3.06,2.85,3.07,2.86,3.23
196346,1.86,3.51,4.49,3.6,2.74
196355,3.24,2.63,4.06,3.96,2.82
196402,2.99,2.91,2.84,2.62,3.33
196404,3.64,2.26,1.95,2.39,3.37
196405,4.9,1.37,1.77,2.52,4.0
196413,3.23,2.46,3.39,3.29,3.46
196418,2.47,3.23,3.77,3.53,2.66
196437,2.49,3.11,3.46,2.96,3.13
196493,3.08,2.72,3.32,2.88,3.45
196506,2.2,3.68,3.7,3.58,2.53
196512,2.38,3.94,3.7,3.85,1.96
196534,2.18,4.02,3.88,3.56,2.4
196548,4.4,2.44,3.27,3.68,3.28
196551,3.77,2.86,2.27,2.43,3.24
196584,2.77,3.43,2.79,2.89,2.83
196594,3.18,2.84,2.81,2.99,3.1
196599,3.42,2.45,2.76,2.93,3.37
196635,2.95,2.79,2.65,2.63,3.28
196636,1.9,4.71,4.73,5.0,1.0
196691,3.21,2.28,2.52,2.31,3.77
196697,2.81,2.57,3.63,2.69,3.95
196761,3.1,2.42,2.54,2.87,3.05
196848,3.43,2.97,2.05,2.42,3.06
196882,2.68,3.56,2.95,2.86,2.77
196893,2.31,4.27,4.97,4.62,1.67
196909,1.84,3.95,4.67,4.23,2.07
196918,2.41,3.5,3.57,3.91,2.02
196922,3.35,3.24,3.13,3.59,2.54
196933,3.44,2.5,2.57,2.64,3.46
196996,3.0,2.99,3.44,3.28,3.18
197043,3.03,3.17,2.82,3.06,2.79
197076,3.06,2.13,3.19,2.36,4.1
197104,2.76,3.57,3.34,3.61,2.28
197128,2.68,3.38,3.23,3.24,2.59
197144,3.38,2.47,2.01,1.88,3.89
197170,3.37,2.08,2.47,2.22,3.87
197182,2.62,3.02,3.39,3.1,2.96
197187,2.93,3.46,2.5,3.19,2.49
197213,3.0,3.07,2.35,2.9,2.74
197220,1.81,3.85,4.61,4.09,2.27
197288,3.19,2.78,2.55,2.57,3.27
197324,2.93,3.14,2.79,2.92,2.86
197355,3.09,2.46,2.14,2.06,3.61
197390,3.6,3.72,2.72,3.48,2.23
197398,3.11,3.36,3.1,3.23,2.75
197434,1.86,4.01,4.81,4.41,1.96
197437,2.98,2.91,3.09,3.05,3.05
197456,3.7,2.92,2.67,3.16,2.88
197462,2.72,2.65,2.78,2.22,3.68
197490,3.3,2.53,2.96,2.93,3.33
197494,3.7,1.56,1.74,1.97,4.25
197495,2.93,3.19,3.11,3.05,2.96
197508,1.52,3.91,4.99,4.31,2.0
197513,3.52,2.38,3.31,2.93,3.7
197533,1.41,3.9,4.37,3.92,2.14
197543,2.94,2.9,3.32,3.1,3.12
197555,3.35,2.71,2.53,2.96,3.02
197561,3.6,3.09,3.03,3.29,2.93
197592,2.94,3.91,3.73,4.28,1.89
197619,3.37,3.08,2.39,2.71,2.92
197643,3.48,1.69,1.54,1.47,4.12
197669,2.48,2.79,4.16,3.38,3.32
197671,2.66,3.57,3.07,3.18,2.55
197685,3.15,3.32,2.94,3.33,2.51
197686,3.37,2.26,2.46,2.33,3.7
197695,3.89,2.49,2.91,2.65,3.88
197699,2.97,2.53,2.72,2.62,3.33
197733,1.98,3.96,3.68,3.73,1.89
197737,3.18,3.54,3.59,3.16,3.18
197739,2.79,3.07,2.69,2.61,3.07
197744,3.0,3.56,3.59,3.55,2.57
197858,2.49,3.89,4.32,4.1,2.46
197872,2.62,2.96,3.98,2.94,3.54
197873,3.24,2.88,2.74,2.82,3.13
197890,2.54,3.27,3.27,3.32,2.62
197947,2.65,3.57,2.92,3.04,2.55
197968,2.26,3.7,3.28,3.45,2.19
197978,4.26,3.24,2.65,3.47,2.83
197981,2.28,2.74,2.96,2.77,3.17
197985,3.59,2.72,2.6,2.77,3.25
198014,3.84,2.23,1.93,2.15,3.68
198022,3.26,2.83,2.92,2.75,3.38
198040,3.41,3.02,2.45,3.09,2.7
198079,2.99,3.31,2.9,3.21,2.58
198089,2.38,3.22,2.79,2.62,2.92
198108,2.42,4.39,3.56,3.8,1.8
198109,5.0,5.0,3.8,4.55,1.24
198113,2.85,2.91,3.18,3.16,2.93
198160,1.86,3.97,3.73,3.9,1.66
198211,1.29,4.18,2.94,2.93,1.83
198242,2.94,3.3,2.87,2.89,2.86
198258,2.88,3.0,2.96,2.92,3.12
198278,3.56,2.72,2.25,2.37,3.45
198302,3.22,2.76,2.52,2.55,3.29
198305,3.0,2.61,2.29,2.74,3.14
198309,2.78,3.03,2.66,2.97,2.72
198348,1.47,3.17,4.27,3.13,3.2
198354,3.02,2.65,2.71,2.42,3.44
198360,1.37,4.1,4.45,4.11,1.78
198370,3.44,2.2,2.62,2.26,3.99
198385,4.36,2.83,3.18,3.8,2.92
198389,2.38,2.96,3.38,2.81,3.2
198401,3.68,2.81,3.34,3.58,3.06
198410,4.26,1.5,1.97,1.94,4.36
198414,3.97,2.16,2.99,2.73,3.98
198420,3.04,3.13,3.15,3.08,2.96
198426,4.26,1.76,2.49,2.35,4.41
198427,3.15,2.65,2.83,2.76,3.28
198450,3.04,3.46,4.53,4.33,2.61
198498,4.25,2.34,2.14,2.44,3.6
198503,2.9,2.95,3.3,3.08,3.04
198513,3.25,2.91,2.53,2.7,3.11
198530,3.55,2.27,2.43,2.44,3.69
198542,3.22,2.81,3.24,3.26,3.05
198572,2.81,3.55,2.98,3.25,2.43
198645,3.21,2.68,2.71,2.8,3.27
198656,3.29,2.79,2.31,2.39,3.32
198659,2.24,4.01,4.59,4.0,2.31
198687,2.77,3.5,3.56,3.55,2.63
198695,2.86,2.06,3.14,2.38,4.06
198706,3.16,3.3,2.85,3.36,2.48
198757,2.96,3.34,2.38,2.89,2.52
198841,2.8,2.61,2.47,2.61,3.27
198844,2.45,2.95,3.22,2.79,3.14
198949,3.39,2.76,2.72,3.07,2.9
198959,3.11,2.9,3.87,3.87,2.72
198969,2.59,3.38,3.4,3.32,2.62
198971,3.66,2.78,3.09,3.09,3.24
198973,2.09,3.2,3.37,2.71,3.11
199014,2.51,3.28,3.72,3.3,2.9
199042,3.55,2.02,1.89,2.24,3.54
199046,3.03,2.97,3.36,3.78,2.55
199075,1.91,3.66,3.91,3.22,2.83
199081,4.01,2.48,3.12,3.2,3.51
199126,2.66,3.02,3.3,2.68,3.34
199157,3.59,2.95,3.44,4.15,2.28
199170,3.05,3.33,3.28,3.78,2.27
199217,2.49,2.95,3.16,2.8,3.15
199245,2.99,3.04,3.13,3.08,3.0
199280,4.88,1.93,2.38,3.0,3.89
199303,1.81,3.61,2.85,2.81,2.39
199307,3.17,3.13,2.53,3.13,2.55
199346,3.46,2.82,2.54,2.85,2.98
199352,2.57,3.48,3.79,3.64,2.52
199365,3.18,2.46,2.63,2.27,3.75
199376,3.22,3.0,3.18,3.41,2.86
199383,2.69,3.0,2.93,3.4,2.49
199405,3.42,2.8,2.88,3.03,3.14
199428,2.02,2.49,2.81,1.48,4.27
199441,2.38,3.3,3.37,3.08,2.89
199451,2.63,3.39,3.22,3.26,2.67
199498,3.39,2.58,2.28,2.65,3.16
199507,3.62,3.51,2.34,3.13,2.54
199513,3.12,2.84,2.3,2.3,3.27
199515,2.62,3.51,3.2,3.45,2.3
199534,1.98,3.72,3.41,3.43,2.01
199551,2.95,3.01,2.06,2.47,2.8
199585,2.56,3.21,3.19,3.15,2.75
199612,3.35,3.09,2.9,3.2,2.86
199654,2.89,2.85,2.85,2.87,3.05
199669,2.56,2.97,2.13,2.3,2.93
199709,1.97,3.93,4.75,4.57,1.93
199730,2.72,3.21,2.96,3.17,2.59
199753,3.3,2.07,2.22,2.09,3.78
199754,3.26,3.06,2.73,3.08,2.77
199761,3.53,2.26,2.74,2.2,4.2
199764,2.86,2.71,2.96,3.04,3.02
199810,2.52,3.19,3.4,3.25,2.72
199833,2.35,3.05,2.99,2.82,2.92
199853,2.88,2.82,2.79,2.67,3.27
199857,3.87,2.22,1.95,2.23,3.66
199858,3.12,3.75,3.49,3.88,2.15
199878,2.27,3.94,4.12,3.94,2.22
199879,3.11,3.62,3.66,3.78,2.53
199893,4.27,2.91,3.47,3.87,2.97
199956,3.7,1.89,2.62,2.26,4.16
200032,2.73,3.41,3.65,3.13,3.02
200068,2.83,2.51,2.72,2.36,3.61
200086,2.3,3.49,4.57,4.52,1.88
200094,2.79,2.78,2.83,2.7,3.06
200102,3.26,2.54,2.31,2.39,3.48
200123,2.85,2.17,2.06,1.22,4.5
200163,2.92,3.17,3.4,3.22,2.95
200173,2.78,2.67,2.93,2.6,3.49
200180,4.2,2.45,3.04,3.67,3.0
200193,3.04,3.09,3.1,3.11,3.01
200224,3.09,2.84,3.19,2.62,3.63
200245,3.23,2.51,3.0,2.84,3.43
200246,3.08,3.21,3.47,3.41,2.86
200262,3.37,2.38,3.47,2.9,3.85
200293,3.16,2.34,2.72,2.56,3.6
200295,3.12,2.68,2.71,2.56,3.41
200297,3.69,3.26,2.89,3.73,2.37
200311,3.07,2.92,4.11,4.11,2.61
200348,3.29,2.41,2.77,2.75,3.46
200380,3.47,3.98,4.38,4.52,1.87
200402,2.04,3.85,4.1,3.93,2.16
200443,1.0,4.5,4.08,3.67,1.56
200448,2.92,3.83,3.86,4.21,1.92
200449,3.64,2.35,2.72,2.57,3.75
200459,3.36,3.38,3.13,3.69,2.47
200467,3.18,2.9,2.87,2.78,3.2
200475,2.44,3.51,3.23,3.58,2.03
200509,2.66,3.09,2.95,2.83,3.01
200538,3.36,2.52,2.52,2.35,3.63
200557,2.71,3.42,3.55,3.64,2.46
200575,2.96,2.27,2.46,2.38,3.51
200577,4.16,1.44,1.48,1.58,4.23
200598,2.6,3.7,2.98,3.16,2.28
200613,3.94,2.04,2.5,2.61,3.75
200677,4.22,2.84,2.49,3.27,2.89
200678,3.0,2.78,3.19,2.93,3.29
200698,2.93,3.02,3.07,3.23,2.8
200702,3.21,2.93,2.8,2.86,3.15
200717,3.48,2.45,2.05,2.17,3.57
200719,3.19,2.13,3.52,2.53,4.37
200756,2.6,3.33,5.0,4.77,2.63
200796,2.94,2.62,2.19,2.23,3.32
200800,2.8,2.53,2.91,2.21,3.82
200809,2.64,3.8,2.84,3.27,2.19
200811,3.32,2.89,2.33,2.65,3.09
200820,3.1,3.21,3.07,3.08,2.98
200829,2.75,3.18,3.1,3.18,2.77
200858,3.41,2.45,2.53,2.59,3.43
200945,3.29,4.0,5.0,5.0,2.1
